Fy,change_over_time1,Time,Fy,
0,0,0,0,0
-0.66703,0,5.00E-06,-0.66703,0.66703
-1.3341,0,1.00E-05,-1.3341,1.3341
-2.0011,0,1.50E-05,-2.0011,2.0011
-2.6681,0,2.00E-05,-2.6681,2.6681
-3.3351,0,2.50E-05,-3.3351,3.3351
-4.0022,0,3.00E-05,-4.0022,4.0022
-4.6692,0,3.50E-05,-4.6692,4.6692
-5.3362,0,4.00E-05,-5.3362,5.3362
-6.0032,0,4.50E-05,-6.0032,6.0032
-6.6703,0,5.00E-05,-6.6703,6.6703
-7.3373,0,5.50E-05,-7.3373,7.3373
-8.0043,0,6.00E-05,-8.0043,8.0043
-8.6713,0,6.50E-05,-8.6713,8.6713
-9.3383,0,7.00E-05,-9.3383,9.3383
-10.005,0,7.50E-05,-10.005,10.005
-10.672,0,8.00E-05,-10.672,10.672
-11.339,0,8.50E-05,-11.339,11.339
-12.006,0,9.00E-05,-12.006,12.006
-12.673,0,9.50E-05,-12.673,12.673
-13.34,0,0.0001,-13.34,13.34
-14.007,0,0.000105,-14.007,14.007
-14.674,0,0.00011,-14.674,14.674
-15.341,0,0.000115,-15.341,15.341
-16.008,0,0.00012,-16.008,16.008
-16.675,0,0.000125,-16.675,16.675
-17.342,0,0.00013,-17.342,17.342
-18.009,0,0.000135,-18.009,18.009
-18.676,0,0.00014,-18.676,18.676
-19.343,0,0.000145,-19.343,19.343
-20.01,0,0.00015,-20.01,20.01
-20.677,0,0.000155,-20.677,20.677
-21.344,0,0.00016,-21.344,21.344
-22.011,0,0.000165,-22.011,22.011
-22.678,0,0.00017,-22.678,22.678
-23.344,0,0.000175,-23.344,23.344
-24.011,0,0.00018,-24.011,24.011
-24.678,0,0.000185,-24.678,24.678
-25.345,0,0.00019,-25.345,25.345
-26.012,0,0.000195,-26.012,26.012
-26.679,0,0.0002,-26.679,26.679
-27.346,0,0.000205,-27.346,27.346
-28.013,0,0.00021,-28.013,28.013
