0.000022471910112359644, -2.220446049250313e-16
0.00010112359550561818, 0.007092198581560072
0.0001797752808988765, 0.02269503546099272
0.0003033707865168541, 0.04539007092198577
0.00038202247191011264, 0.05673758865248213
0.0004943820224719104, 0.07092198581560272
0.0005617977528089891, 0.08652482269503536
0.0006853932584269665, 0.10496453900709213
0.0007752808988764049, 0.12482269503546084
0.0008988764044943823, 0.1404255319148936
0.0009887640449438204, 0.15602836879432613
0.0011123595505617982, 0.17730496453900702
0.001213483146067416, 0.19290780141843966
0.0013258426966292138, 0.21134751773049631
0.0014382022471910111, 0.22978723404255308
0.0015617977528089894, 0.25106382978723396
0.0016966292134831464, 0.2666666666666666
0.0018089887640449437, 0.28936170212765944
0.001921348314606742, 0.30638297872340414
0.0020449438202247198, 0.327659574468085
0.002123595505617978, 0.3404255319148935
0.002213483146067416, 0.35177304964538997
0.002303370786516854, 0.37021276595744673
0.0023932584269662923, 0.38297872340425526
0.0024831460674157304, 0.39574468085106373
0.002561797752808989, 0.4070921985815602
0.002629213483146068, 0.42127659574468074
0.0027078651685393264, 0.43120567375886515
0.002797752808988764, 0.44397163120567373
0.002898876404494382, 0.4581560283687942
0.002955056179775281, 0.4709219858156028
0.0030112359550561797, 0.4794326241134751
0.003089887640449438, 0.4879432624113475
0.0031348314606741575, 0.4964539007092198
0.003191011235955056, 0.504964539007092
0.0032471910112359553, 0.5120567375886524
0.0033146067415730338, 0.5234042553191489
0.003370786516853933, 0.5319148936170213
0.0034382022471910116, 0.5347517730496454
0.003471910112359551, 0.5432624113475177
0.0035505617977528085, 0.5574468085106383
0.003651685393258428, 0.5730496453900709
0.0037303370786516857, 0.5858156028368794
0.0038314606741573034, 0.6
0.0039213483146067415, 0.6113475177304964
0.00402247191011236, 0.624113475177305
0.004089887640449439, 0.6340425531914893
