Time,disp_:0,disp_:1,disp_:2,f:0,f:1,f:2,Points:0,Points:1,Points:2
0.0007,7.58E-05,-7.50E-28,0,-5.63E-16,-0.39758,0,0.5,0,0
0.0007,7.58E-05,4.54E-07,0,-9.19E-16,-0.29577,0,0.5,0.0010007,0
0.0007,7.58E-05,9.07E-07,0,-1.28E-15,-0.19397,0,0.5,0.0020014,0
0.0007,7.58E-05,1.36E-06,0,-1.63E-15,-0.092163,0,0.5,0.0030021,0
0.0007,7.58E-05,1.81E-06,0,-1.88E-15,6.53E-16,0,0.5,0.0040028,0
0.0007,7.58E-05,2.27E-06,0,-1.16E-15,2.96E-16,0,0.5,0.0050035,0
0.0007,7.58E-05,2.72E-06,0,-4.38E-16,-6.11E-17,0,0.5,0.0060042,0
0.0007,7.58E-05,3.18E-06,0,2.85E-16,-4.18E-16,0,0.5,0.0070049,0
0.0007,7.58E-05,3.63E-06,0,9.68E-16,-7.03E-16,0,0.5,0.0080056,0
0.0007,7.58E-05,4.08E-06,0,1.48E-15,-6.77E-16,0,0.5,0.0090063,0
0.0007,7.58E-05,4.54E-06,0,1.99E-15,-6.51E-16,0,0.5,0.010007,0
0.0007,7.58E-05,4.99E-06,0,2.50E-15,-6.24E-16,0,0.5,0.011008,0
0.0007,7.58E-05,5.45E-06,0,2.64E-15,-5.65E-16,0,0.5,0.012008,0
0.0007,7.58E-05,5.90E-06,0,1.83E-15,-4.21E-16,0,0.5,0.013009,0
0.0007,7.58E-05,6.35E-06,0,1.02E-15,-2.78E-16,0,0.5,0.01401,0
0.0007,7.58E-05,6.81E-06,0,2.16E-16,-1.34E-16,0,0.5,0.015011,0
0.0007,7.58E-05,7.26E-06,0,-5.53E-16,-6.36E-17,0,0.5,0.016011,0
0.0007,7.58E-05,7.71E-06,0,-1.26E-15,-1.13E-16,0,0.5,0.017012,0
0.0007,7.58E-05,8.17E-06,0,-1.96E-15,-1.63E-16,0,0.5,0.018013,0
0.0007,7.58E-05,8.62E-06,0,-2.67E-15,-2.13E-16,0,0.5,0.019013,0
0.0007,7.58E-05,9.08E-06,0,-2.66E-15,-2.45E-16,0,0.5,0.020014,0
0.0007,7.58E-05,9.53E-06,0,-1.85E-15,-2.56E-16,0,0.5,0.021015,0
0.0007,7.57E-05,9.98E-06,0,-1.05E-15,-2.68E-16,0,0.5,0.022015,0
0.0007,7.57E-05,1.04E-05,0,-2.45E-16,-2.80E-16,0,0.5,0.023016,0
0.0007,7.57E-05,1.09E-05,0,5.13E-16,-2.22E-16,0,0.5,0.024017,0
0.0007,7.57E-05,1.13E-05,0,1.24E-15,-1.11E-16,0,0.5,0.025017,0
0.0007,7.57E-05,1.18E-05,0,1.96E-15,-8.46E-19,0,0.5,0.026018,0
0.0007,7.57E-05,1.23E-05,0,2.69E-15,1.10E-16,0,0.5,0.027019,0
0.0007,7.57E-05,1.27E-05,0,2.07E-15,2.31E-16,0,0.5,0.02802,0
0.0007,7.57E-05,1.32E-05,0,7.63E-16,3.59E-16,0,0.5,0.02902,0
0.0007,7.57E-05,1.36E-05,0,-5.40E-16,4.86E-16,0,0.5,0.030021,0
0.0007,7.57E-05,1.41E-05,0,-1.84E-15,6.14E-16,0,0.5,0.031022,0
0.0007,7.56E-05,1.45E-05,0,-2.27E-15,5.59E-16,0,0.5,0.032022,0
0.0007,7.56E-05,1.50E-05,0,-2.41E-15,4.47E-16,0,0.5,0.033023,0
0.0007,7.56E-05,1.54E-05,0,-2.56E-15,3.34E-16,0,0.5,0.034024,0
0.0007,7.56E-05,1.59E-05,0,-2.70E-15,2.22E-16,0,0.5,0.035025,0
0.0007,7.56E-05,1.63E-05,0,-2.07E-15,7.28E-17,0,0.5,0.036025,0
0.0007,7.56E-05,1.68E-05,0,-1.31E-15,-8.27E-17,0,0.5,0.037026,0
0.0007,7.56E-05,1.73E-05,0,-5.54E-16,-2.38E-16,0,0.5,0.038027,0
0.0007,7.55E-05,1.77E-05,0,2.06E-16,-3.94E-16,0,0.5,0.039027,0
0.0007,7.55E-05,1.82E-05,0,2.54E-16,3.57E-18,0,0.5,0.040028,0
0.0007,7.55E-05,1.86E-05,0,2.62E-16,4.32E-16,0,0.5,0.041029,0
0.0007,7.55E-05,1.91E-05,0,2.70E-16,8.60E-16,0,0.5,0.042029,0
0.0007,7.55E-05,1.95E-05,0,2.40E-16,1.25E-15,0,0.5,0.04303,0
0.0007,7.55E-05,2.00E-05,0,-6.61E-16,7.14E-16,0,0.5,0.044031,0
0.0007,7.54E-05,2.04E-05,0,-1.56E-15,1.80E-16,0,0.5,0.045031,0
0.0007,7.54E-05,2.09E-05,0,-2.46E-15,-3.55E-16,0,0.5,0.046032,0
0.0007,7.54E-05,2.14E-05,0,-3.13E-15,-7.91E-16,0,0.5,0.047033,0
0.0007,7.54E-05,2.18E-05,0,-2.32E-15,-6.07E-16,0,0.5,0.048034,0
0.0007,7.54E-05,2.23E-05,0,-1.51E-15,-4.24E-16,0,0.5,0.049034,0
0.0007,7.53E-05,2.27E-05,0,-7.07E-16,-2.40E-16,0,0.5,0.050035,0
0.0007,7.53E-05,2.32E-05,0,-4.34E-16,-1.51E-17,0,0.5,0.051036,0
0.0007,7.53E-05,2.36E-05,0,-1.94E-15,3.48E-16,0,0.5,0.052036,0
0.0007,7.53E-05,2.41E-05,0,-3.45E-15,7.12E-16,0,0.5,0.053037,0
0.0007,7.53E-05,2.45E-05,0,-4.96E-15,1.08E-15,0,0.5,0.054038,0
0.0007,7.52E-05,2.50E-05,0,-5.98E-15,1.14E-15,0,0.5,0.055039,0
0.0007,7.52E-05,2.55E-05,0,-6.00E-15,5.71E-16,0,0.5,0.056039,0
0.0007,7.52E-05,2.59E-05,0,-6.02E-15,5.38E-18,0,0.5,0.05704,0
0.0007,7.52E-05,2.64E-05,0,-6.05E-15,-5.60E-16,0,0.5,0.058041,0
0.0007,7.51E-05,2.68E-05,0,-5.37E-15,-7.05E-16,0,0.5,0.059041,0
0.0007,7.51E-05,2.73E-05,0,-3.75E-15,-2.71E-16,0,0.5,0.060042,0
0.0007,7.51E-05,2.77E-05,0,-2.12E-15,1.63E-16,0,0.5,0.061043,0
0.0007,7.51E-05,2.82E-05,0,-4.89E-16,5.98E-16,0,0.5,0.062043,0
0.0007,7.50E-05,2.86E-05,0,-1.09E-16,8.60E-16,0,0.5,0.063044,0
0.0007,7.50E-05,2.91E-05,0,-9.02E-16,9.61E-16,0,0.5,0.064045,0
0.0007,7.50E-05,2.96E-05,0,-1.70E-15,1.06E-15,0,0.5,0.065045,0
0.0007,7.50E-05,3.00E-05,0,-2.49E-15,1.16E-15,0,0.5,0.066046,0
0.0007,7.49E-05,3.05E-05,0,-2.63E-15,7.40E-16,0,0.5,0.067047,0
0.0007,7.49E-05,3.09E-05,0,-2.36E-15,-1.55E-17,0,0.5,0.068048,0
0.0007,7.49E-05,3.14E-05,0,-2.09E-15,-7.71E-16,0,0.5,0.069048,0
0.0007,7.48E-05,3.18E-05,0,-1.82E-15,-1.53E-15,0,0.5,0.070049,0
0.0007,7.48E-05,3.23E-05,0,-1.93E-15,-1.41E-15,0,0.5,0.07105,0
0.0007,7.48E-05,3.28E-05,0,-2.20E-15,-9.36E-16,0,0.5,0.07205,0
0.0007,7.48E-05,3.32E-05,0,-2.47E-15,-4.58E-16,0,0.5,0.073051,0
0.0007,7.47E-05,3.37E-05,0,-2.73E-15,1.90E-17,0,0.5,0.074052,0
0.0007,7.47E-05,3.41E-05,0,-2.13E-15,-3.01E-16,0,0.5,0.075052,0
0.0007,7.47E-05,3.46E-05,0,-1.30E-15,-8.22E-16,0,0.5,0.076053,0
0.0007,7.46E-05,3.50E-05,0,-4.79E-16,-1.34E-15,0,0.5,0.077054,0
0.0007,7.46E-05,3.55E-05,0,3.46E-16,-1.86E-15,0,0.5,0.078055,0
0.0007,7.46E-05,3.60E-05,0,3.25E-16,-1.40E-15,0,0.5,0.079055,0
0.0007,7.45E-05,3.64E-05,0,2.05E-16,-8.13E-16,0,0.5,0.080056,0
0.0007,7.45E-05,3.69E-05,0,8.37E-17,-2.30E-16,0,0.5,0.081057,0
0.0007,7.45E-05,3.73E-05,0,-3.72E-17,3.53E-16,0,0.5,0.082057,0
0.0007,7.44E-05,3.78E-05,0,1.03E-15,8.63E-16,0,0.5,0.083058,0
0.0007,7.44E-05,3.83E-05,0,2.10E-15,1.37E-15,0,0.5,0.084059,0
0.0007,7.44E-05,3.87E-05,0,3.18E-15,1.88E-15,0,0.5,0.08506,0
0.0007,7.43E-05,3.92E-05,0,4.06E-15,2.31E-15,0,0.5,0.08606,0
0.0007,7.43E-05,3.96E-05,0,2.87E-15,1.87E-15,0,0.5,0.087061,0
0.0007,7.42E-05,4.01E-05,0,1.67E-15,1.43E-15,0,0.5,0.088062,0
0.0007,7.42E-05,4.06E-05,0,4.81E-16,9.95E-16,0,0.5,0.089062,0
0.0007,7.42E-05,4.10E-05,0,-3.96E-16,5.30E-16,0,0.5,0.090063,0
0.0007,7.41E-05,4.15E-05,0,1.91E-16,-5.36E-17,0,0.5,0.091064,0
0.0007,7.41E-05,4.19E-05,0,7.77E-16,-6.37E-16,0,0.5,0.092064,0
0.0007,7.41E-05,4.24E-05,0,1.36E-15,-1.22E-15,0,0.5,0.093065,0
0.0007,7.40E-05,4.29E-05,0,1.47E-15,-1.55E-15,0,0.5,0.094066,0
0.0007,7.40E-05,4.33E-05,0,3.08E-16,-1.19E-15,0,0.5,0.095067,0
0.0007,7.39E-05,4.38E-05,0,-8.56E-16,-8.23E-16,0,0.5,0.096067,0
0.0007,7.39E-05,4.42E-05,0,-2.02E-15,-4.62E-16,0,0.5,0.097068,0
0.0007,7.38E-05,4.47E-05,0,-2.79E-15,-9.61E-17,0,0.5,0.098069,0
0.0007,7.38E-05,4.52E-05,0,-2.87E-15,2.75E-16,0,0.5,0.099069,0
0.0007,7.38E-05,4.56E-05,0,-2.95E-15,6.47E-16,0,0.5,0.10007,0
0.0007,7.37E-05,4.61E-05,0,-3.03E-15,1.02E-15,0,0.5,0.10107,0
0.0007,7.37E-05,4.65E-05,0,-2.20E-15,1.07E-15,0,0.5,0.10207,0
0.0007,7.36E-05,4.70E-05,0,-3.08E-16,7.36E-16,0,0.5,0.10307,0
0.0007,7.36E-05,4.75E-05,0,1.59E-15,4.07E-16,0,0.5,0.10407,0
0.0007,7.35E-05,4.79E-05,0,3.48E-15,7.84E-17,0,0.5,0.10507,0
0.0007,7.35E-05,4.84E-05,0,3.53E-15,6.54E-17,0,0.5,0.10607,0
0.0007,7.35E-05,4.88E-05,0,2.11E-15,3.04E-16,0,0.5,0.10707,0
0.0007,7.34E-05,4.93E-05,0,6.88E-16,5.42E-16,0,0.5,0.10808,0
0.0007,7.34E-05,4.98E-05,0,-7.34E-16,7.80E-16,0,0.5,0.10908,0
0.0007,7.33E-05,5.02E-05,0,-4.32E-16,4.66E-16,0,0.5,0.11008,0
0.0007,7.33E-05,5.07E-05,0,7.91E-16,-1.44E-16,0,0.5,0.11108,0
0.0007,7.32E-05,5.12E-05,0,2.02E-15,-7.54E-16,0,0.5,0.11208,0
0.0007,7.32E-05,5.16E-05,0,3.24E-15,-1.36E-15,0,0.5,0.11308,0
0.0007,7.31E-05,5.21E-05,0,2.78E-15,-9.65E-16,0,0.5,0.11408,0
0.0007,7.31E-05,5.26E-05,0,1.75E-15,-2.23E-16,0,0.5,0.11508,0
0.0007,7.30E-05,5.30E-05,0,7.27E-16,5.19E-16,0,0.5,0.11608,0
0.0007,7.30E-05,5.35E-05,0,-3.00E-16,1.26E-15,0,0.5,0.11708,0
0.0007,7.29E-05,5.39E-05,0,-4.45E-16,1.37E-15,0,0.5,0.11808,0
0.0007,7.29E-05,5.44E-05,0,-4.24E-16,1.35E-15,0,0.5,0.11908,0
0.0007,7.28E-05,5.49E-05,0,-4.03E-16,1.34E-15,0,0.5,0.12008,0
0.0007,7.28E-05,5.53E-05,0,-3.81E-16,1.33E-15,0,0.5,0.12108,0
0.0007,7.27E-05,5.58E-05,0,4.10E-16,8.22E-16,0,0.5,0.12209,0
0.0007,7.26E-05,5.63E-05,0,1.25E-15,2.84E-16,0,0.5,0.12309,0
0.0007,7.26E-05,5.67E-05,0,2.10E-15,-2.54E-16,0,0.5,0.12409,0
0.0007,7.25E-05,5.72E-05,0,2.87E-15,-7.86E-16,0,0.5,0.12509,0
0.0007,7.25E-05,5.77E-05,0,1.48E-15,-1.12E-15,0,0.5,0.12609,0
0.0007,7.24E-05,5.81E-05,0,8.96E-17,-1.46E-15,0,0.5,0.12709,0
0.0007,7.24E-05,5.86E-05,0,-1.30E-15,-1.80E-15,0,0.5,0.12809,0
0.0007,7.23E-05,5.91E-05,0,-2.48E-15,-1.97E-15,0,0.5,0.12909,0
0.0007,7.23E-05,5.95E-05,0,-2.14E-15,-1.02E-15,0,0.5,0.13009,0
0.0007,7.22E-05,6.00E-05,0,-1.80E-15,-7.37E-17,0,0.5,0.13109,0
0.0007,7.21E-05,6.05E-05,0,-1.47E-15,8.76E-16,0,0.5,0.13209,0
0.0007,7.21E-05,6.09E-05,0,-1.12E-15,1.64E-15,0,0.5,0.13309,0
0.0007,7.20E-05,6.14E-05,0,-7.40E-16,1.72E-15,0,0.5,0.13409,0
0.0007,7.20E-05,6.19E-05,0,-3.60E-16,1.81E-15,0,0.5,0.13509,0
0.0007,7.19E-05,6.23E-05,0,1.99E-17,1.89E-15,0,0.5,0.1361,0
0.0007,7.18E-05,6.28E-05,0,4.56E-16,1.51E-15,0,0.5,0.1371,0
0.0007,7.18E-05,6.33E-05,0,1.01E-15,8.44E-17,0,0.5,0.1381,0
0.0007,7.17E-05,6.37E-05,0,1.57E-15,-1.34E-15,0,0.5,0.1391,0
0.0007,7.17E-05,6.42E-05,0,2.13E-15,-2.76E-15,0,0.5,0.1401,0
0.0007,7.16E-05,6.47E-05,0,2.48E-15,-3.00E-15,0,0.5,0.1411,0
0.0007,7.15E-05,6.51E-05,0,2.53E-15,-1.53E-15,0,0.5,0.1421,0
0.0007,7.15E-05,6.56E-05,0,2.57E-15,-6.05E-17,0,0.5,0.1431,0
0.0007,7.14E-05,6.61E-05,0,2.62E-15,1.41E-15,0,0.5,0.1441,0
0.0007,7.13E-05,6.65E-05,0,2.13E-15,1.61E-15,0,0.5,0.1451,0
0.0007,7.13E-05,6.70E-05,0,1.10E-15,5.57E-16,0,0.5,0.1461,0
0.0007,7.12E-05,6.75E-05,0,6.97E-17,-4.95E-16,0,0.5,0.1471,0
0.0007,7.11E-05,6.80E-05,0,-9.60E-16,-1.55E-15,0,0.5,0.1481,0
0.0007,7.11E-05,6.84E-05,0,-6.23E-16,-1.78E-15,0,0.5,0.1491,0
0.0007,7.10E-05,6.89E-05,0,6.31E-16,-1.46E-15,0,0.5,0.1501,0
0.0007,7.09E-05,6.94E-05,0,1.88E-15,-1.13E-15,0,0.5,0.15111,0
0.0007,7.09E-05,6.98E-05,0,3.14E-15,-8.13E-16,0,0.5,0.15211,0
0.0007,7.08E-05,7.03E-05,0,2.71E-15,-1.16E-15,0,0.5,0.15311,0
0.0007,7.07E-05,7.08E-05,0,1.54E-15,-1.81E-15,0,0.5,0.15411,0
0.0007,7.06E-05,7.13E-05,0,3.62E-16,-2.46E-15,0,0.5,0.15511,0
0.0007,7.06E-05,7.17E-05,0,-8.12E-16,-3.11E-15,0,0.5,0.15611,0
0.0007,7.05E-05,7.22E-05,0,-2.27E-15,-1.81E-15,0,0.5,0.15711,0
0.0007,7.04E-05,7.27E-05,0,-3.81E-15,8.73E-18,0,0.5,0.15811,0
0.0007,7.03E-05,7.31E-05,0,-5.34E-15,1.83E-15,0,0.5,0.15911,0
0.0007,7.03E-05,7.36E-05,0,-6.88E-15,3.65E-15,0,0.5,0.16011,0
0.0007,7.02E-05,7.41E-05,0,-5.76E-15,2.86E-15,0,0.5,0.16111,0
0.0007,7.01E-05,7.46E-05,0,-4.29E-15,1.72E-15,0,0.5,0.16211,0
0.0007,7.00E-05,7.50E-05,0,-2.82E-15,5.81E-16,0,0.5,0.16311,0
0.0007,7.00E-05,7.55E-05,0,-1.35E-15,-5.59E-16,0,0.5,0.16411,0
0.0007,6.99E-05,7.60E-05,0,-1.32E-15,-9.32E-16,0,0.5,0.16512,0
0.0007,6.98E-05,7.65E-05,0,-1.32E-15,-1.29E-15,0,0.5,0.16612,0
0.0007,6.97E-05,7.69E-05,0,-1.33E-15,-1.64E-15,0,0.5,0.16712,0
0.0007,6.97E-05,7.74E-05,0,-1.26E-15,-1.97E-15,0,0.5,0.16812,0
0.0007,6.96E-05,7.79E-05,0,-2.49E-16,-2.00E-15,0,0.5,0.16912,0
0.0007,6.95E-05,7.84E-05,0,7.59E-16,-2.02E-15,0,0.5,0.17012,0
0.0007,6.94E-05,7.88E-05,0,1.77E-15,-2.04E-15,0,0.5,0.17112,0
0.0007,6.93E-05,7.93E-05,0,2.43E-15,-2.17E-15,0,0.5,0.17212,0
0.0007,6.92E-05,7.98E-05,0,1.38E-15,-2.80E-15,0,0.5,0.17312,0
0.0007,6.92E-05,8.03E-05,0,3.29E-16,-3.44E-15,0,0.5,0.17412,0
0.0007,6.91E-05,8.08E-05,0,-7.23E-16,-4.07E-15,0,0.5,0.17512,0
0.0007,6.90E-05,8.12E-05,0,-1.02E-15,-4.01E-15,0,0.5,0.17612,0
0.0007,6.89E-05,8.17E-05,0,8.28E-16,-1.98E-15,0,0.5,0.17712,0
0.0007,6.88E-05,8.22E-05,0,2.68E-15,4.68E-17,0,0.5,0.17812,0
0.0007,6.87E-05,8.27E-05,0,4.52E-15,2.08E-15,0,0.5,0.17913,0
0.0007,6.86E-05,8.31E-05,0,5.37E-15,3.47E-15,0,0.5,0.18013,0
0.0007,6.86E-05,8.36E-05,0,4.38E-15,3.69E-15,0,0.5,0.18113,0
0.0007,6.85E-05,8.41E-05,0,3.40E-15,3.92E-15,0,0.5,0.18213,0
0.0007,6.84E-05,8.46E-05,0,2.41E-15,4.15E-15,0,0.5,0.18313,0
0.0007,6.83E-05,8.51E-05,0,1.48E-15,3.87E-15,0,0.5,0.18413,0
0.0007,6.82E-05,8.55E-05,0,5.96E-16,2.98E-15,0,0.5,0.18513,0
0.0007,6.81E-05,8.60E-05,0,-2.83E-16,2.09E-15,0,0.5,0.18613,0
0.0007,6.80E-05,8.65E-05,0,-1.16E-15,1.20E-15,0,0.5,0.18713,0
0.0007,6.79E-05,8.70E-05,0,-1.67E-15,5.26E-16,0,0.5,0.18813,0
0.0007,6.78E-05,8.75E-05,0,-1.87E-15,4.18E-17,0,0.5,0.18913,0
0.0007,6.77E-05,8.80E-05,0,-2.07E-15,-4.43E-16,0,0.5,0.19013,0
0.0007,6.76E-05,8.84E-05,0,-2.26E-15,-9.27E-16,0,0.5,0.19113,0
0.0007,6.75E-05,8.89E-05,0,-1.63E-15,-1.08E-15,0,0.5,0.19213,0
0.0007,6.74E-05,8.94E-05,0,-5.38E-16,-1.06E-15,0,0.5,0.19314,0
0.0007,6.74E-05,8.99E-05,0,5.58E-16,-1.03E-15,0,0.5,0.19414,0
0.0007,6.73E-05,9.04E-05,0,1.66E-15,-9.97E-16,0,0.5,0.19514,0
0.0007,6.72E-05,9.09E-05,0,2.40E-15,-2.73E-16,0,0.5,0.19614,0
0.0007,6.71E-05,9.13E-05,0,3.03E-15,7.03E-16,0,0.5,0.19714,0
0.0007,6.70E-05,9.18E-05,0,3.65E-15,1.68E-15,0,0.5,0.19814,0
0.0007,6.69E-05,9.23E-05,0,4.27E-15,2.65E-15,0,0.5,0.19914,0
0.0007,6.68E-05,9.28E-05,0,4.58E-15,1.61E-15,0,0.5,0.20014,0
0.0007,6.67E-05,9.33E-05,0,4.82E-15,1.37E-16,0,0.5,0.20114,0
0.0007,6.66E-05,9.38E-05,0,5.06E-15,-1.33E-15,0,0.5,0.20214,0
0.0007,6.64E-05,9.43E-05,0,5.31E-15,-2.80E-15,0,0.5,0.20314,0
0.0007,6.63E-05,9.47E-05,0,4.67E-15,-2.03E-15,0,0.5,0.20414,0
0.0007,6.62E-05,9.52E-05,0,3.95E-15,-1.08E-15,0,0.5,0.20514,0
0.0007,6.61E-05,9.57E-05,0,3.24E-15,-1.20E-16,0,0.5,0.20614,0
0.0007,6.60E-05,9.62E-05,0,2.52E-15,8.27E-16,0,0.5,0.20714,0
0.0007,6.59E-05,9.67E-05,0,1.41E-15,1.34E-15,0,0.5,0.20815,0
0.0007,6.58E-05,9.72E-05,0,3.01E-16,1.86E-15,0,0.5,0.20915,0
0.0007,6.57E-05,9.77E-05,0,-8.08E-16,2.38E-15,0,0.5,0.21015,0
0.0007,6.56E-05,9.82E-05,0,-1.77E-15,2.71E-15,0,0.5,0.21115,0
0.0007,6.55E-05,9.87E-05,0,-1.52E-15,1.54E-15,0,0.5,0.21215,0
0.0007,6.54E-05,9.92E-05,0,-1.27E-15,3.78E-16,0,0.5,0.21315,0
0.0007,6.53E-05,9.96E-05,0,-1.03E-15,-7.85E-16,0,0.5,0.21415,0
0.0007,6.51E-05,0.00010014,0,-9.10E-16,-1.80E-15,0,0.5,0.21515,0
0.0007,6.50E-05,0.00010063,0,-1.29E-15,-2.25E-15,0,0.5,0.21615,0
0.0007,6.49E-05,0.00010112,0,-1.68E-15,-2.69E-15,0,0.5,0.21715,0
0.0007,6.48E-05,0.00010161,0,-2.06E-15,-3.13E-15,0,0.5,0.21815,0
0.0007,6.47E-05,0.00010211,0,-2.56E-15,-2.91E-15,0,0.5,0.21915,0
0.0007,6.46E-05,0.0001026,0,-3.33E-15,-1.15E-15,0,0.5,0.22015,0
0.0007,6.45E-05,0.00010309,0,-4.10E-15,6.19E-16,0,0.5,0.22115,0
0.0007,6.43E-05,0.00010359,0,-4.87E-15,2.39E-15,0,0.5,0.22216,0
0.0007,6.42E-05,0.00010408,0,-5.07E-15,3.16E-15,0,0.5,0.22316,0
0.0007,6.41E-05,0.00010458,0,-4.39E-15,2.41E-15,0,0.5,0.22416,0
0.0007,6.40E-05,0.00010508,0,-3.70E-15,1.66E-15,0,0.5,0.22516,0
0.0007,6.39E-05,0.00010557,0,-3.02E-15,9.18E-16,0,0.5,0.22616,0
0.0007,6.37E-05,0.00010607,0,-2.38E-15,2.69E-16,0,0.5,0.22716,0
0.0007,6.36E-05,0.00010657,0,-1.78E-15,-2.78E-16,0,0.5,0.22816,0
0.0007,6.35E-05,0.00010706,0,-1.18E-15,-8.25E-16,0,0.5,0.22916,0
0.0007,6.34E-05,0.00010756,0,-5.80E-16,-1.37E-15,0,0.5,0.23016,0
0.0007,6.32E-05,0.00010806,0,-9.19E-16,-1.48E-15,0,0.5,0.23116,0
0.0007,6.31E-05,0.00010856,0,-1.92E-15,-1.29E-15,0,0.5,0.23216,0
0.0007,6.30E-05,0.00010906,0,-2.93E-15,-1.09E-15,0,0.5,0.23316,0
0.0007,6.28E-05,0.00010956,0,-3.93E-15,-8.99E-16,0,0.5,0.23416,0
0.0007,6.27E-05,0.00011006,0,-4.18E-15,-2.87E-16,0,0.5,0.23516,0
0.0007,6.26E-05,0.00011056,0,-4.06E-15,5.23E-16,0,0.5,0.23617,0
0.0007,6.25E-05,0.00011106,0,-3.94E-15,1.33E-15,0,0.5,0.23717,0
0.0007,6.23E-05,0.00011156,0,-3.83E-15,2.14E-15,0,0.5,0.23817,0
0.0007,6.22E-05,0.00011207,0,-3.68E-15,1.33E-15,0,0.5,0.23917,0
0.0007,6.21E-05,0.00011257,0,-3.52E-15,4.74E-17,0,0.5,0.24017,0
0.0007,6.19E-05,0.00011307,0,-3.36E-15,-1.24E-15,0,0.5,0.24117,0
0.0007,6.18E-05,0.00011358,0,-3.21E-15,-2.52E-15,0,0.5,0.24217,0
0.0007,6.16E-05,0.00011408,0,-3.34E-15,-1.59E-15,0,0.5,0.24317,0
0.0007,6.15E-05,0.00011459,0,-3.52E-15,-3.17E-16,0,0.5,0.24417,0
0.0007,6.14E-05,0.00011509,0,-3.70E-15,9.53E-16,0,0.5,0.24517,0
0.0007,6.12E-05,0.0001156,0,-3.89E-15,2.22E-15,0,0.5,0.24617,0
0.0007,6.11E-05,0.0001161,0,-3.73E-15,2.23E-15,0,0.5,0.24717,0
0.0007,6.09E-05,0.00011661,0,-3.57E-15,2.18E-15,0,0.5,0.24817,0
0.0007,6.08E-05,0.00011712,0,-3.41E-15,2.14E-15,0,0.5,0.24917,0
0.0007,6.07E-05,0.00011763,0,-3.18E-15,2.04E-15,0,0.5,0.25017,0
0.0007,6.05E-05,0.00011814,0,-1.93E-15,9.95E-16,0,0.5,0.25118,0
0.0007,6.04E-05,0.00011864,0,-6.89E-16,-4.95E-17,0,0.5,0.25218,0
0.0007,6.02E-05,0.00011915,0,5.56E-16,-1.09E-15,0,0.5,0.25318,0
0.0007,6.01E-05,0.00011966,0,1.37E-15,-1.88E-15,0,0.5,0.25418,0
0.0007,5.99E-05,0.00012017,0,-1.91E-16,-1.22E-15,0,0.5,0.25518,0
0.0007,5.98E-05,0.00012069,0,-1.76E-15,-5.56E-16,0,0.5,0.25618,0
0.0007,5.96E-05,0.0001212,0,-3.32E-15,1.06E-16,0,0.5,0.25718,0
0.0007,5.95E-05,0.00012171,0,-3.93E-15,3.05E-16,0,0.5,0.25818,0
0.0007,5.93E-05,0.00012222,0,-1.62E-15,-9.12E-16,0,0.5,0.25918,0
0.0007,5.92E-05,0.00012274,0,6.97E-16,-2.13E-15,0,0.5,0.26018,0
0.0007,5.90E-05,0.00012325,0,3.01E-15,-3.35E-15,0,0.5,0.26118,0
0.0007,5.89E-05,0.00012376,0,4.25E-15,-3.95E-15,0,0.5,0.26218,0
0.0007,5.87E-05,0.00012428,0,3.39E-15,-3.35E-15,0,0.5,0.26318,0
0.0007,5.85E-05,0.0001248,0,2.53E-15,-2.75E-15,0,0.5,0.26418,0
0.0007,5.84E-05,0.00012531,0,1.68E-15,-2.15E-15,0,0.5,0.26519,0
0.0007,5.82E-05,0.00012583,0,8.74E-16,-1.46E-15,0,0.5,0.26619,0
0.0007,5.81E-05,0.00012635,0,1.37E-16,-6.44E-16,0,0.5,0.26719,0
0.0007,5.79E-05,0.00012687,0,-5.99E-16,1.68E-16,0,0.5,0.26819,0
0.0007,5.77E-05,0.00012738,0,-1.34E-15,9.81E-16,0,0.5,0.26919,0
0.0007,5.76E-05,0.0001279,0,-1.72E-15,1.31E-15,0,0.5,0.27019,0
0.0007,5.74E-05,0.00012842,0,-1.79E-15,1.20E-15,0,0.5,0.27119,0
0.0007,5.72E-05,0.00012894,0,-1.86E-15,1.10E-15,0,0.5,0.27219,0
0.0007,5.71E-05,0.00012947,0,-1.93E-15,9.92E-16,0,0.5,0.27319,0
0.0007,5.69E-05,0.00012999,0,-1.85E-15,1.42E-15,0,0.5,0.27419,0
0.0007,5.67E-05,0.00013051,0,-1.69E-15,2.16E-15,0,0.5,0.27519,0
0.0007,5.65E-05,0.00013103,0,-1.53E-15,2.91E-15,0,0.5,0.27619,0
0.0007,5.64E-05,0.00013156,0,-1.37E-15,3.66E-15,0,0.5,0.27719,0
0.0007,5.62E-05,0.00013208,0,-5.45E-16,2.65E-15,0,0.5,0.27819,0
0.0007,5.60E-05,0.00013261,0,5.39E-16,9.66E-16,0,0.5,0.2792,0
0.0007,5.58E-05,0.00013313,0,1.62E-15,-7.20E-16,0,0.5,0.2802,0
0.0007,5.57E-05,0.00013366,0,2.71E-15,-2.41E-15,0,0.5,0.2812,0
0.0007,5.55E-05,0.00013419,0,2.08E-15,-2.37E-15,0,0.5,0.2822,0
0.0007,5.53E-05,0.00013472,0,1.06E-15,-1.93E-15,0,0.5,0.2832,0
0.0007,5.51E-05,0.00013524,0,4.64E-17,-1.49E-15,0,0.5,0.2842,0
0.0007,5.49E-05,0.00013577,0,-9.72E-16,-1.05E-15,0,0.5,0.2852,0
0.0007,5.48E-05,0.0001363,0,-2.71E-16,-6.70E-16,0,0.5,0.2862,0
0.0007,5.46E-05,0.00013683,0,6.05E-16,-2.95E-16,0,0.5,0.2872,0
0.0007,5.44E-05,0.00013736,0,1.48E-15,8.04E-17,0,0.5,0.2882,0
0.0007,5.42E-05,0.0001379,0,2.36E-15,4.52E-16,0,0.5,0.2892,0
0.0007,5.40E-05,0.00013843,0,2.43E-15,-1.01E-15,0,0.5,0.2902,0
0.0007,5.38E-05,0.00013896,0,2.51E-15,-2.46E-15,0,0.5,0.2912,0
0.0007,5.36E-05,0.0001395,0,2.59E-15,-3.92E-15,0,0.5,0.2922,0
0.0007,5.34E-05,0.00014003,0,2.77E-15,-5.15E-15,0,0.5,0.29321,0
0.0007,5.32E-05,0.00014057,0,3.82E-15,-4.23E-15,0,0.5,0.29421,0
0.0007,5.30E-05,0.00014111,0,4.87E-15,-3.31E-15,0,0.5,0.29521,0
0.0007,5.29E-05,0.00014164,0,5.92E-15,-2.38E-15,0,0.5,0.29621,0
0.0007,5.27E-05,0.00014218,0,6.73E-15,-1.59E-15,0,0.5,0.29721,0
0.0007,5.25E-05,0.00014272,0,6.46E-15,-1.36E-15,0,0.5,0.29821,0
0.0007,5.23E-05,0.00014326,0,6.20E-15,-1.13E-15,0,0.5,0.29921,0
0.0007,5.20E-05,0.0001438,0,5.94E-15,-9.04E-16,0,0.5,0.30021,0
0.0007,5.18E-05,0.00014434,0,5.67E-15,-8.54E-16,0,0.5,0.30121,0
0.0007,5.16E-05,0.00014488,0,5.40E-15,-1.26E-15,0,0.5,0.30221,0
0.0007,5.14E-05,0.00014543,0,5.12E-15,-1.66E-15,0,0.5,0.30321,0
0.0007,5.12E-05,0.00014597,0,4.85E-15,-2.06E-15,0,0.5,0.30421,0
0.0007,5.10E-05,0.00014651,0,4.23E-15,-2.07E-15,0,0.5,0.30521,0
0.0007,5.08E-05,0.00014706,0,3.06E-15,-1.44E-15,0,0.5,0.30621,0
0.0007,5.06E-05,0.0001476,0,1.88E-15,-8.05E-16,0,0.5,0.30721,0
0.0007,5.04E-05,0.00014815,0,7.05E-16,-1.73E-16,0,0.5,0.30822,0
0.0007,5.02E-05,0.0001487,0,2.28E-16,1.07E-15,0,0.5,0.30922,0
0.0007,4.99E-05,0.00014925,0,5.28E-16,2.98E-15,0,0.5,0.31022,0
0.0007,4.97E-05,0.0001498,0,8.28E-16,4.90E-15,0,0.5,0.31122,0
0.0007,4.95E-05,0.00015035,0,1.13E-15,6.82E-15,0,0.5,0.31222,0
0.0007,4.93E-05,0.0001509,0,7.03E-16,5.27E-15,0,0.5,0.31322,0
0.0007,4.91E-05,0.00015145,0,-2.70E-16,1.10E-15,0,0.5,0.31422,0
0.0007,4.88E-05,0.000152,0,-1.24E-15,-3.08E-15,0,0.5,0.31522,0
0.0007,4.86E-05,0.00015256,0,-2.22E-15,-7.25E-15,0,0.5,0.31622,0
0.0007,4.84E-05,0.00015311,0,-3.14E-15,-5.77E-15,0,0.5,0.31722,0
0.0007,4.81E-05,0.00015367,0,-4.03E-15,-1.42E-15,0,0.5,0.31822,0
0.0007,4.79E-05,0.00015422,0,-4.92E-15,2.94E-15,0,0.5,0.31922,0
0.0007,4.77E-05,0.00015478,0,-5.81E-15,7.30E-15,0,0.5,0.32022,0
0.0007,4.74E-05,0.00015534,0,-5.21E-15,6.56E-15,0,0.5,0.32122,0
0.0007,4.72E-05,0.0001559,0,-4.13E-15,4.18E-15,0,0.5,0.32223,0
0.0007,4.70E-05,0.00015646,0,-3.05E-15,1.79E-15,0,0.5,0.32323,0
0.0007,4.67E-05,0.00015702,0,-1.96E-15,-5.89E-16,0,0.5,0.32423,0
0.0007,4.65E-05,0.00015758,0,-5.48E-16,-1.47E-15,0,0.5,0.32523,0
0.0007,4.62E-05,0.00015815,0,9.24E-16,-2.08E-15,0,0.5,0.32623,0
0.0007,4.60E-05,0.00015871,0,2.40E-15,-2.69E-15,0,0.5,0.32723,0
0.0007,4.58E-05,0.00015927,0,3.87E-15,-3.31E-15,0,0.5,0.32823,0
0.0007,4.55E-05,0.00015984,0,2.92E-15,-1.49E-15,0,0.5,0.32923,0
0.0007,4.53E-05,0.00016041,0,1.83E-15,4.64E-16,0,0.5,0.33023,0
0.0007,4.50E-05,0.00016098,0,7.34E-16,2.42E-15,0,0.5,0.33123,0
0.0007,4.48E-05,0.00016154,0,-2.93E-16,4.28E-15,0,0.5,0.33223,0
0.0007,4.45E-05,0.00016212,0,2.55E-16,3.68E-15,0,0.5,0.33323,0
0.0007,4.42E-05,0.00016269,0,8.04E-16,3.07E-15,0,0.5,0.33423,0
0.0007,4.40E-05,0.00016326,0,1.35E-15,2.47E-15,0,0.5,0.33523,0
0.0007,4.37E-05,0.00016383,0,1.82E-15,1.70E-15,0,0.5,0.33624,0
0.0007,4.35E-05,0.00016441,0,1.77E-15,-1.80E-16,0,0.5,0.33724,0
0.0007,4.32E-05,0.00016498,0,1.72E-15,-2.06E-15,0,0.5,0.33824,0
0.0007,4.29E-05,0.00016556,0,1.67E-15,-3.93E-15,0,0.5,0.33924,0
0.0007,4.27E-05,0.00016614,0,1.44E-15,-4.75E-15,0,0.5,0.34024,0
0.0007,4.24E-05,0.00016672,0,6.03E-16,-1.99E-15,0,0.5,0.34124,0
0.0007,4.21E-05,0.0001673,0,-2.34E-16,7.78E-16,0,0.5,0.34224,0
0.0007,4.18E-05,0.00016788,0,-1.07E-15,3.54E-15,0,0.5,0.34324,0
0.0007,4.16E-05,0.00016846,0,-1.55E-15,4.39E-15,0,0.5,0.34424,0
0.0007,4.13E-05,0.00016904,0,-1.27E-15,1.20E-15,0,0.5,0.34524,0
0.0007,4.10E-05,0.00016963,0,-9.94E-16,-1.99E-15,0,0.5,0.34624,0
0.0007,4.07E-05,0.00017021,0,-7.15E-16,-5.18E-15,0,0.5,0.34724,0
0.0007,4.04E-05,0.0001708,0,-3.66E-16,-6.26E-15,0,0.5,0.34824,0
0.0007,4.01E-05,0.00017139,0,8.39E-17,-4.39E-15,0,0.5,0.34924,0
0.0007,3.98E-05,0.00017198,0,5.34E-16,-2.53E-15,0,0.5,0.35024,0
0.0007,3.96E-05,0.00017257,0,9.84E-16,-6.60E-16,0,0.5,0.35125,0
0.0007,3.93E-05,0.00017316,0,2.02E-15,1.39E-18,0,0.5,0.35225,0
0.0007,3.90E-05,0.00017375,0,3.61E-15,-4.96E-16,0,0.5,0.35325,0
0.0007,3.87E-05,0.00017435,0,5.21E-15,-9.94E-16,0,0.5,0.35425,0
0.0007,3.84E-05,0.00017494,0,6.81E-15,-1.49E-15,0,0.5,0.35525,0
0.0007,3.81E-05,0.00017554,0,6.04E-15,-1.04E-15,0,0.5,0.35625,0
0.0007,3.78E-05,0.00017614,0,3.73E-15,4.24E-17,0,0.5,0.35725,0
0.0007,3.74E-05,0.00017674,0,1.42E-15,1.12E-15,0,0.5,0.35825,0
0.0007,3.71E-05,0.00017734,0,-8.86E-16,2.20E-15,0,0.5,0.35925,0
0.0007,3.68E-05,0.00017794,0,-1.48E-15,9.56E-16,0,0.5,0.36025,0
0.0007,3.65E-05,0.00017855,0,-1.33E-15,-1.29E-15,0,0.5,0.36125,0
0.0007,3.62E-05,0.00017915,0,-1.18E-15,-3.54E-15,0,0.5,0.36225,0
0.0007,3.59E-05,0.00017975,0,-1.03E-15,-5.79E-15,0,0.5,0.36325,0
0.0007,3.55E-05,0.00018036,0,-8.85E-16,-3.25E-15,0,0.5,0.36425,0
0.0007,3.52E-05,0.00018097,0,-7.39E-16,5.51E-16,0,0.5,0.36526,0
0.0007,3.49E-05,0.00018158,0,-5.94E-16,4.35E-15,0,0.5,0.36626,0
0.0007,3.46E-05,0.00018219,0,-4.48E-16,8.15E-15,0,0.5,0.36726,0
0.0007,3.42E-05,0.00018281,0,1.85E-16,7.80E-15,0,0.5,0.36826,0
0.0007,3.39E-05,0.00018343,0,8.80E-16,6.93E-15,0,0.5,0.36926,0
0.0007,3.35E-05,0.00018404,0,1.57E-15,6.06E-15,0,0.5,0.37026,0
0.0007,3.32E-05,0.00018466,0,2.27E-15,5.19E-15,0,0.5,0.37126,0
0.0007,3.29E-05,0.00018528,0,1.02E-15,3.68E-15,0,0.5,0.37226,0
0.0007,3.25E-05,0.0001859,0,-2.72E-16,2.16E-15,0,0.5,0.37326,0
0.0007,3.22E-05,0.00018652,0,-1.56E-15,6.48E-16,0,0.5,0.37426,0
0.0007,3.18E-05,0.00018715,0,-2.73E-15,-7.50E-16,0,0.5,0.37526,0
0.0007,3.15E-05,0.00018777,0,-2.38E-15,-6.75E-16,0,0.5,0.37626,0
0.0007,3.11E-05,0.0001884,0,-2.03E-15,-5.99E-16,0,0.5,0.37726,0
0.0007,3.07E-05,0.00018903,0,-1.68E-15,-5.22E-16,0,0.5,0.37826,0
0.0007,3.04E-05,0.00018966,0,-1.28E-15,-5.07E-16,0,0.5,0.37927,0
0.0007,3.00E-05,0.00019029,0,-5.88E-16,-8.07E-16,0,0.5,0.38027,0
0.0007,2.96E-05,0.00019093,0,1.01E-16,-1.11E-15,0,0.5,0.38127,0
0.0007,2.93E-05,0.00019156,0,7.90E-16,-1.41E-15,0,0.5,0.38227,0
0.0007,2.89E-05,0.0001922,0,9.65E-16,-1.85E-15,0,0.5,0.38327,0
0.0007,2.85E-05,0.00019284,0,-2.98E-16,-2.69E-15,0,0.5,0.38427,0
0.0007,2.81E-05,0.00019348,0,-1.56E-15,-3.53E-15,0,0.5,0.38527,0
0.0007,2.77E-05,0.00019412,0,-2.83E-15,-4.36E-15,0,0.5,0.38627,0
0.0007,2.73E-05,0.00019477,0,-3.47E-15,-3.64E-15,0,0.5,0.38727,0
0.0007,2.69E-05,0.00019542,0,-2.98E-15,-1.31E-16,0,0.5,0.38827,0
0.0007,2.66E-05,0.00019606,0,-2.50E-15,3.38E-15,0,0.5,0.38927,0
0.0007,2.62E-05,0.00019671,0,-2.02E-15,6.89E-15,0,0.5,0.39027,0
0.0007,2.58E-05,0.00019736,0,-1.60E-15,7.16E-15,0,0.5,0.39127,0
0.0007,2.53E-05,0.00019802,0,-1.24E-15,3.50E-15,0,0.5,0.39227,0
0.0007,2.49E-05,0.00019868,0,-8.81E-16,-1.71E-16,0,0.5,0.39328,0
0.0007,2.45E-05,0.00019933,0,-5.23E-16,-3.84E-15,0,0.5,0.39428,0
0.0007,2.41E-05,0.00019999,0,-1.43E-16,-5.45E-15,0,0.5,0.39528,0
0.0007,2.37E-05,0.00020066,0,2.56E-16,-5.36E-15,0,0.5,0.39628,0
0.0007,2.32E-05,0.00020132,0,6.54E-16,-5.26E-15,0,0.5,0.39728,0
0.0007,2.28E-05,0.00020198,0,1.05E-15,-5.17E-15,0,0.5,0.39828,0
0.0007,2.24E-05,0.00020265,0,1.20E-15,-2.63E-15,0,0.5,0.39928,0
0.0007,2.19E-05,0.00020333,0,1.20E-15,1.28E-15,0,0.5,0.40028,0
0.0007,2.15E-05,0.000204,0,1.20E-15,5.20E-15,0,0.5,0.40128,0
0.0007,2.11E-05,0.00020467,0,1.20E-15,9.11E-15,0,0.5,0.40228,0
0.0007,2.06E-05,0.00020535,0,8.50E-16,7.43E-15,0,0.5,0.40328,0
0.0007,2.02E-05,0.00020603,0,3.76E-16,3.72E-15,0,0.5,0.40428,0
0.0007,1.97E-05,0.00020671,0,-9.93E-17,9.15E-18,0,0.5,0.40528,0
0.0007,1.92E-05,0.00020739,0,-5.74E-16,-3.70E-15,0,0.5,0.40628,0
0.0007,1.88E-05,0.00020808,0,-6.17E-16,-3.38E-15,0,0.5,0.40728,0
0.0007,1.83E-05,0.00020877,0,-5.68E-16,-2.22E-15,0,0.5,0.40829,0
0.0007,1.78E-05,0.00020946,0,-5.20E-16,-1.05E-15,0,0.5,0.40929,0
0.0007,1.73E-05,0.00021015,0,-4.72E-16,1.12E-16,0,0.5,0.41029,0
0.0007,1.68E-05,0.00021085,0,-6.97E-16,1.57E-15,0,0.5,0.41129,0
0.0007,1.64E-05,0.00021155,0,-9.46E-16,3.05E-15,0,0.5,0.41229,0
0.0007,1.59E-05,0.00021225,0,-1.19E-15,4.53E-15,0,0.5,0.41329,0
0.0007,1.54E-05,0.00021295,0,-1.43E-15,5.95E-15,0,0.5,0.41429,0
0.0007,1.49E-05,0.00021366,0,-9.63E-16,2.95E-15,0,0.5,0.41529,0
0.0007,1.43E-05,0.00021438,0,-4.93E-16,-5.10E-17,0,0.5,0.41629,0
0.0007,1.38E-05,0.00021509,0,-2.36E-17,-3.05E-15,0,0.5,0.41729,0
0.0007,1.33E-05,0.0002158,0,3.83E-16,-5.35E-15,0,0.5,0.41829,0
0.0007,1.28E-05,0.00021652,0,2.66E-16,-1.76E-15,0,0.5,0.41929,0
0.0007,1.22E-05,0.00021724,0,1.50E-16,1.82E-15,0,0.5,0.42029,0
0.0007,1.17E-05,0.00021797,0,3.42E-17,5.41E-15,0,0.5,0.42129,0
0.0007,1.12E-05,0.00021869,0,-3.93E-17,8.14E-15,0,0.5,0.4223,0
0.0007,1.06E-05,0.00021943,0,5.46E-17,7.50E-15,0,0.5,0.4233,0
0.0007,1.01E-05,0.00022016,0,1.48E-16,6.85E-15,0,0.5,0.4243,0
0.0007,9.50E-06,0.00022089,0,2.42E-16,6.20E-15,0,0.5,0.4253,0
0.0007,8.94E-06,0.00022163,0,2.91E-16,4.04E-15,0,0.5,0.4263,0
0.0007,8.36E-06,0.00022238,0,2.33E-16,-1.72E-15,0,0.5,0.4273,0
0.0007,7.78E-06,0.00022313,0,1.76E-16,-7.48E-15,0,0.5,0.4283,0
0.0007,7.20E-06,0.00022388,0,1.19E-16,-1.32E-14,0,0.5,0.4293,0
0.0007,6.61E-06,0.00022463,0,4.92E-16,-1.39E-14,0,0.5,0.4303,0
0.0007,6.00E-06,0.00022539,0,1.54E-15,-6.44E-15,0,0.5,0.4313,0
0.0007,5.39E-06,0.00022616,0,2.59E-15,9.84E-16,0,0.5,0.4323,0
0.0007,4.79E-06,0.00022692,0,3.64E-15,8.41E-15,0,0.5,0.4333,0
0.0007,4.17E-06,0.00022769,0,3.62E-15,1.09E-14,0,0.5,0.4343,0
0.0007,3.53E-06,0.00022847,0,2.44E-15,8.11E-15,0,0.5,0.4353,0
0.0007,2.90E-06,0.00022925,0,1.26E-15,5.29E-15,0,0.5,0.43631,0
0.0007,2.26E-06,0.00023003,0,8.44E-17,2.48E-15,0,0.5,0.43731,0
0.0007,1.61E-06,0.00023082,0,-7.07E-16,5.68E-16,0,0.5,0.43831,0
0.0007,9.46E-07,0.00023161,0,-1.21E-15,-6.70E-16,0,0.5,0.43931,0
0.0007,2.82E-07,0.00023241,0,-1.72E-15,-1.91E-15,0,0.5,0.44031,0
0.0007,-3.83E-07,0.00023321,0,-2.22E-15,-3.14E-15,0,0.5,0.44131,0
0.0007,-1.07E-06,0.00023402,0,-2.35E-15,-3.95E-15,0,0.5,0.44231,0
0.0007,-1.77E-06,0.00023483,0,-2.30E-15,-4.55E-15,0,0.5,0.44331,0
0.0007,-2.46E-06,0.00023565,0,-2.25E-15,-5.14E-15,0,0.5,0.44431,0
0.0007,-3.16E-06,0.00023647,0,-2.20E-15,-5.73E-15,0,0.5,0.44531,0
0.0007,-3.88E-06,0.0002373,0,-1.51E-15,-3.97E-15,0,0.5,0.44631,0
0.0007,-4.62E-06,0.00023814,0,-6.25E-16,-1.47E-15,0,0.5,0.44731,0
0.0007,-5.35E-06,0.00023899,0,2.63E-16,1.03E-15,0,0.5,0.44831,0
0.0007,-6.08E-06,0.00023983,0,1.15E-15,3.52E-15,0,0.5,0.44931,0
0.0007,-6.84E-06,0.00024069,0,1.34E-15,2.25E-15,0,0.5,0.45031,0
0.0007,-7.62E-06,0.00024156,0,1.41E-15,3.48E-16,0,0.5,0.45132,0
0.0007,-8.39E-06,0.00024243,0,1.48E-15,-1.56E-15,0,0.5,0.45232,0
0.0007,-9.16E-06,0.00024329,0,1.55E-15,-3.46E-15,0,0.5,0.45332,0
0.0007,-9.96E-06,0.00024419,0,1.56E-15,-1.70E-15,0,0.5,0.45432,0
0.0007,-1.08E-05,0.00024509,0,1.58E-15,2.60E-16,0,0.5,0.45532,0
0.0007,-1.16E-05,0.00024599,0,1.59E-15,2.22E-15,0,0.5,0.45632,0
0.0007,-1.24E-05,0.0002469,0,1.59E-15,4.14E-15,0,0.5,0.45732,0
0.0007,-1.33E-05,0.00024784,0,1.18E-15,5.18E-15,0,0.5,0.45832,0
0.0007,-1.41E-05,0.00024878,0,7.69E-16,6.21E-15,0,0.5,0.45932,0
0.0007,-1.50E-05,0.00024972,0,3.61E-16,7.24E-15,0,0.5,0.46032,0
0.0007,-1.58E-05,0.00025066,0,1.84E-17,7.96E-15,0,0.5,0.46132,0
0.0007,-1.67E-05,0.00025165,0,1.00E-16,6.71E-15,0,0.5,0.46232,0
0.0007,-1.76E-05,0.00025264,0,1.82E-16,5.47E-15,0,0.5,0.46332,0
0.0007,-1.85E-05,0.00025363,0,2.63E-16,4.23E-15,0,0.5,0.46432,0
0.0007,-1.95E-05,0.00025463,0,2.16E-16,3.37E-15,0,0.5,0.46533,0
0.0007,-2.04E-05,0.00025568,0,-2.66E-16,3.78E-15,0,0.5,0.46633,0
0.0007,-2.14E-05,0.00025673,0,-7.47E-16,4.19E-15,0,0.5,0.46733,0
0.0007,-2.23E-05,0.00025778,0,-1.23E-15,4.60E-15,0,0.5,0.46833,0
0.0007,-2.33E-05,0.00025886,0,-1.50E-15,4.26E-15,0,0.5,0.46933,0
0.0007,-2.43E-05,0.00025999,0,-1.34E-15,2.35E-15,0,0.5,0.47033,0
0.0007,-2.53E-05,0.00026113,0,-1.17E-15,4.38E-16,0,0.5,0.47133,0
0.0007,-2.63E-05,0.00026226,0,-1.00E-15,-1.47E-15,0,0.5,0.47233,0
0.0007,-2.74E-05,0.00026344,0,-8.18E-16,-2.21E-15,0,0.5,0.47333,0
0.0007,-2.84E-05,0.00026469,0,-6.08E-16,-1.29E-15,0,0.5,0.47433,0
0.0007,-2.95E-05,0.00026593,0,-3.97E-16,-3.76E-16,0,0.5,0.47533,0
0.0007,-3.06E-05,0.00026718,0,-1.87E-16,5.38E-16,0,0.5,0.47633,0
0.0007,-3.17E-05,0.00026851,0,3.81E-16,6.88E-16,0,0.5,0.47733,0
0.0007,-3.28E-05,0.00026992,0,1.30E-15,8.81E-17,0,0.5,0.47833,0
0.0007,-3.39E-05,0.00027133,0,2.22E-15,-5.11E-16,0,0.5,0.47934,0
0.0007,-3.50E-05,0.00027275,0,3.14E-15,-1.11E-15,0,0.5,0.48034,0
0.0007,-3.62E-05,0.00027431,0,3.70E-15,-6.48E-16,0,0.5,0.48134,0
0.0007,-3.74E-05,0.00027598,0,4.00E-15,5.30E-16,0,0.5,0.48234,0
0.0007,-3.85E-05,0.00027765,0,4.30E-15,1.71E-15,0,0.5,0.48334,0
0.0007,-3.97E-05,0.00027932,0,4.60E-15,2.88E-15,0,0.5,0.48434,0
0.0007,-4.09E-05,0.0002813,0,6.09E-15,1.96E-15,0,0.5,0.48534,0
0.0007,-4.21E-05,0.00028342,0,8.12E-15,6.66E-17,0,0.5,0.48634,0
0.0007,-4.32E-05,0.00028554,0,1.02E-14,-1.82E-15,0,0.5,0.48734,0
0.0007,-4.44E-05,0.00028766,0,1.22E-14,-3.71E-15,0,0.5,0.48834,0
0.0007,-4.54E-05,0.0002905,0,1.15E-14,-4.17E-15,0,0.5,0.48934,0
0.0007,-4.64E-05,0.00029355,0,1.01E-14,-4.21E-15,0,0.5,0.49034,0
0.0007,-4.73E-05,0.00029661,0,8.66E-15,-4.25E-15,0,0.5,0.49134,0
0.0007,-4.82E-05,0.00029966,0,7.22E-15,-4.29E-15,0,0.5,0.49234,0
0.0007,-4.85E-05,0.00030456,0,-7.95E-16,4.69E-15,0,0.5,0.49335,0
0.0007,-4.86E-05,0.00030977,0,-9.91E-15,1.52E-14,0,0.5,0.49435,0
0.0007,-4.88E-05,0.00031498,0,-1.90E-14,2.57E-14,0,0.5,0.49535,0
0.0007,-4.89E-05,0.0003202,0,-2.81E-14,3.61E-14,0,0.5,0.49635,0
0.0007,-4.85E-05,0.00032759,0,-2.49E-14,2.84E-14,0,0.5,0.49735,0
0.0007,-4.81E-05,0.00033514,0,-2.08E-14,1.94E-14,0,0.5,0.49835,0
0.0007,-4.77E-05,0.00034269,0,-1.67E-14,1.04E-14,0,0.5,0.49935,0
0.0007,-4.73E-05,0.00035024,0,-1.26E-14,1.33E-15,0,0.5,0.50035,0
0.0007,-4.78E-05,0.00035779,0,-1.59E-14,-7.34E-15,0,0.5,0.50135,0
0.0007,-4.83E-05,0.00036534,0,-1.92E-14,-1.60E-14,0,0.5,0.50235,0
0.0007,-4.88E-05,0.00037289,0,-2.25E-14,-2.47E-14,0,0.5,0.50335,0
0.0007,-4.93E-05,0.00038029,0,-2.51E-14,-3.22E-14,0,0.5,0.50435,0
0.0007,-4.92E-05,0.00038551,0,-1.77E-14,-2.40E-14,0,0.5,0.50535,0
0.0007,-4.92E-05,0.00039072,0,-1.04E-14,-1.58E-14,0,0.5,0.50635,0
0.0007,-4.91E-05,0.00039594,0,-3.02E-15,-7.63E-15,0,0.5,0.50735,0
0.0007,-4.90E-05,0.00040085,0,3.70E-15,-5.78E-16,0,0.5,0.50836,0
0.0007,-4.81E-05,0.00040391,0,6.66E-15,-3.72E-16,0,0.5,0.50936,0
0.0007,-4.72E-05,0.00040696,0,9.62E-15,-1.65E-16,0,0.5,0.51036,0
0.0007,-4.64E-05,0.00041002,0,1.26E-14,4.20E-17,0,0.5,0.51136,0
0.0007,-4.55E-05,0.00041286,0,1.44E-14,2.14E-16,0,0.5,0.51236,0
0.0007,-4.44E-05,0.00041498,0,1.26E-14,2.69E-16,0,0.5,0.51336,0
0.0007,-4.33E-05,0.00041711,0,1.07E-14,3.26E-16,0,0.5,0.51436,0
0.0007,-4.21E-05,0.00041923,0,8.89E-15,3.85E-16,0,0.5,0.51536,0
0.0007,-4.10E-05,0.00042121,0,7.42E-15,1.55E-15,0,0.5,0.51636,0
0.0007,-3.99E-05,0.00042289,0,6.77E-15,5.12E-15,0,0.5,0.51736,0
0.0007,-3.88E-05,0.00042456,0,6.12E-15,8.68E-15,0,0.5,0.51836,0
0.0007,-3.77E-05,0.00042623,0,5.47E-15,1.23E-14,0,0.5,0.51936,0
0.0007,-3.67E-05,0.0004278,0,4.36E-15,1.31E-14,0,0.5,0.52036,0
0.0007,-3.56E-05,0.00042921,0,2.55E-15,1.00E-14,0,0.5,0.52136,0
0.0007,-3.46E-05,0.00043063,0,7.41E-16,6.94E-15,0,0.5,0.52237,0
0.0007,-3.35E-05,0.00043204,0,-1.07E-15,3.85E-15,0,0.5,0.52337,0
0.0007,-3.25E-05,0.00043337,0,-1.49E-15,2.30E-15,0,0.5,0.52437,0
0.0007,-3.15E-05,0.00043462,0,-5.00E-16,2.33E-15,0,0.5,0.52537,0
0.0007,-3.05E-05,0.00043587,0,4.89E-16,2.36E-15,0,0.5,0.52637,0
0.0007,-2.95E-05,0.00043712,0,1.48E-15,2.39E-15,0,0.5,0.52737,0
0.0007,-2.85E-05,0.0004383,0,2.69E-15,3.16E-15,0,0.5,0.52837,0
0.0007,-2.76E-05,0.00043944,0,4.07E-15,4.44E-15,0,0.5,0.52937,0
0.0007,-2.66E-05,0.00044057,0,5.44E-15,5.72E-15,0,0.5,0.53037,0
0.0007,-2.57E-05,0.00044171,0,6.82E-15,7.00E-15,0,0.5,0.53137,0
0.0007,-2.48E-05,0.00044279,0,6.03E-15,3.09E-15,0,0.5,0.53237,0
0.0007,-2.39E-05,0.00044384,0,4.22E-15,-3.27E-15,0,0.5,0.53337,0
0.0007,-2.30E-05,0.00044489,0,2.40E-15,-9.63E-15,0,0.5,0.53437,0
0.0007,-2.21E-05,0.00044594,0,5.85E-16,-1.60E-14,0,0.5,0.53537,0
0.0007,-2.13E-05,0.00044695,0,-1.09E-17,-1.20E-14,0,0.5,0.53638,0
0.0007,-2.05E-05,0.00044794,0,-2.47E-16,-4.92E-15,0,0.5,0.53738,0
0.0007,-1.96E-05,0.00044893,0,-4.83E-16,2.15E-15,0,0.5,0.53838,0
0.0007,-1.88E-05,0.00044992,0,-7.20E-16,9.22E-15,0,0.5,0.53938,0
0.0007,-1.80E-05,0.00045087,0,1.29E-17,1.25E-14,0,0.5,0.54038,0
0.0007,-1.72E-05,0.00045181,0,8.99E-16,1.53E-14,0,0.5,0.54138,0
0.0007,-1.64E-05,0.00045275,0,1.79E-15,1.80E-14,0,0.5,0.54238,0
0.0007,-1.56E-05,0.00045369,0,2.67E-15,2.07E-14,0,0.5,0.54338,0
0.0007,-1.49E-05,0.0004546,0,1.87E-15,1.33E-14,0,0.5,0.54438,0
0.0007,-1.42E-05,0.0004555,0,9.97E-16,5.51E-15,0,0.5,0.54538,0
0.0007,-1.34E-05,0.0004564,0,1.21E-16,-2.32E-15,0,0.5,0.54638,0
0.0007,-1.27E-05,0.0004573,0,-6.79E-16,-9.76E-15,0,0.5,0.54738,0
0.0007,-1.20E-05,0.00045817,0,-1.82E-17,-9.79E-15,0,0.5,0.54838,0
0.0007,-1.13E-05,0.00045904,0,6.43E-16,-9.81E-15,0,0.5,0.54938,0
0.0007,-1.06E-05,0.00045991,0,1.31E-15,-9.83E-15,0,0.5,0.55038,0
0.0007,-9.89E-06,0.00046078,0,1.84E-15,-8.03E-15,0,0.5,0.55139,0
0.0007,-9.23E-06,0.00046162,0,1.65E-15,4.65E-15,0,0.5,0.55239,0
0.0007,-8.56E-06,0.00046246,0,1.45E-15,1.73E-14,0,0.5,0.55339,0
0.0007,-7.90E-06,0.0004633,0,1.25E-15,3.00E-14,0,0.5,0.55439,0
0.0007,-7.25E-06,0.00046414,0,1.09E-15,3.62E-14,0,0.5,0.55539,0
0.0007,-6.62E-06,0.00046496,0,1.06E-15,2.13E-14,0,0.5,0.55639,0
0.0007,-6.00E-06,0.00046578,0,1.03E-15,6.32E-15,0,0.5,0.55739,0
0.0007,-5.37E-06,0.0004666,0,1.00E-15,-8.62E-15,0,0.5,0.55839,0
0.0007,-4.76E-06,0.00046741,0,1.39E-15,-1.54E-14,0,0.5,0.55939,0
0.0007,-4.16E-06,0.00046821,0,2.62E-15,-5.57E-15,0,0.5,0.56039,0
0.0007,-3.57E-06,0.00046901,0,3.85E-15,4.26E-15,0,0.5,0.56139,0
0.0007,-2.98E-06,0.00046981,0,5.08E-15,1.41E-14,0,0.5,0.56239,0
0.0007,-2.40E-06,0.0004706,0,5.81E-15,1.81E-14,0,0.5,0.56339,0
0.0007,-1.83E-06,0.00047138,0,5.84E-15,1.40E-14,0,0.5,0.56439,0
0.0007,-1.27E-06,0.00047216,0,5.87E-15,1.00E-14,0,0.5,0.5654,0
0.0007,-7.07E-07,0.00047294,0,5.90E-15,6.02E-15,0,0.5,0.5664,0
0.0007,-1.59E-07,0.00047371,0,5.41E-15,1.35E-15,0,0.5,0.5674,0
0.0007,3.76E-07,0.00047448,0,4.45E-15,-3.94E-15,0,0.5,0.5684,0
0.0007,9.10E-07,0.00047524,0,3.49E-15,-9.23E-15,0,0.5,0.5694,0
0.0007,1.45E-06,0.000476,0,2.53E-15,-1.45E-14,0,0.5,0.5704,0
0.0007,1.96E-06,0.00047676,0,1.79E-15,-1.13E-14,0,0.5,0.5714,0
0.0007,2.47E-06,0.00047751,0,1.19E-15,-2.63E-15,0,0.5,0.5724,0
0.0007,2.98E-06,0.00047826,0,5.96E-16,6.03E-15,0,0.5,0.5734,0
0.0007,3.49E-06,0.00047901,0,3.49E-19,1.47E-14,0,0.5,0.5744,0
0.0007,3.98E-06,0.00047975,0,-1.54E-16,1.45E-14,0,0.5,0.5754,0
0.0007,4.46E-06,0.00048049,0,-1.20E-16,1.05E-14,0,0.5,0.5764,0
0.0007,4.95E-06,0.00048122,0,-8.67E-17,6.61E-15,0,0.5,0.5774,0
0.0007,5.43E-06,0.00048196,0,-5.27E-17,2.69E-15,0,0.5,0.5784,0
0.0007,5.90E-06,0.00048268,0,1.05E-16,3.25E-15,0,0.5,0.57941,0
0.0007,6.36E-06,0.00048341,0,2.93E-16,4.94E-15,0,0.5,0.58041,0
0.0007,6.82E-06,0.00048413,0,4.81E-16,6.63E-15,0,0.5,0.58141,0
0.0007,7.28E-06,0.00048486,0,6.69E-16,8.32E-15,0,0.5,0.58241,0
0.0007,7.72E-06,0.00048557,0,1.72E-15,5.07E-15,0,0.5,0.58341,0
0.0007,8.16E-06,0.00048628,0,2.88E-15,1.21E-15,0,0.5,0.58441,0
0.0007,8.60E-06,0.000487,0,4.04E-15,-2.64E-15,0,0.5,0.58541,0
0.0007,9.04E-06,0.00048771,0,5.20E-15,-6.49E-15,0,0.5,0.58641,0
0.0007,9.45E-06,0.00048841,0,5.11E-15,-5.40E-15,0,0.5,0.58741,0
0.0007,9.87E-06,0.00048911,0,5.00E-15,-4.22E-15,0,0.5,0.58841,0
0.0007,1.03E-05,0.00048982,0,4.90E-15,-3.06E-15,0,0.5,0.58941,0
0.0007,1.07E-05,0.00049052,0,4.87E-15,-2.04E-15,0,0.5,0.59041,0
0.0007,1.11E-05,0.00049121,0,5.84E-15,-2.81E-15,0,0.5,0.59141,0
0.0007,1.15E-05,0.0004919,0,6.80E-15,-3.58E-15,0,0.5,0.59241,0
0.0007,1.19E-05,0.00049259,0,7.77E-15,-4.36E-15,0,0.5,0.59342,0
0.0007,1.23E-05,0.00049328,0,8.58E-15,-3.49E-15,0,0.5,0.59442,0
0.0007,1.27E-05,0.00049397,0,8.67E-15,5.22E-15,0,0.5,0.59542,0
0.0007,1.31E-05,0.00049465,0,8.75E-15,1.39E-14,0,0.5,0.59642,0
0.0007,1.35E-05,0.00049533,0,8.84E-15,2.26E-14,0,0.5,0.59742,0
0.0007,1.38E-05,0.00049601,0,8.29E-15,2.76E-14,0,0.5,0.59842,0
0.0007,1.42E-05,0.00049669,0,5.98E-15,2.23E-14,0,0.5,0.59942,0
0.0007,1.46E-05,0.00049736,0,3.68E-15,1.70E-14,0,0.5,0.60042,0
0.0007,1.49E-05,0.00049804,0,1.37E-15,1.17E-14,0,0.5,0.60142,0
0.0007,1.53E-05,0.00049871,0,-1.12E-15,7.28E-15,0,0.5,0.60242,0
0.0007,1.56E-05,0.00049937,0,-3.95E-15,4.38E-15,0,0.5,0.60342,0
0.0007,1.60E-05,0.00050004,0,-6.78E-15,1.49E-15,0,0.5,0.60442,0
0.0007,1.63E-05,0.0005007,0,-9.61E-15,-1.41E-15,0,0.5,0.60542,0
0.0007,1.67E-05,0.00050137,0,-1.08E-14,-4.31E-15,0,0.5,0.60642,0
0.0007,1.70E-05,0.00050202,0,-1.02E-14,-7.23E-15,0,0.5,0.60742,0
0.0007,1.73E-05,0.00050268,0,-9.52E-15,-1.02E-14,0,0.5,0.60843,0
0.0007,1.77E-05,0.00050334,0,-8.85E-15,-1.31E-14,0,0.5,0.60943,0
0.0007,1.80E-05,0.00050399,0,-7.54E-15,-1.21E-14,0,0.5,0.61043,0
0.0007,1.83E-05,0.00050464,0,-5.69E-15,-7.84E-15,0,0.5,0.61143,0
0.0007,1.86E-05,0.00050529,0,-3.83E-15,-3.60E-15,0,0.5,0.61243,0
0.0007,1.90E-05,0.00050595,0,-1.98E-15,6.35E-16,0,0.5,0.61343,0
0.0007,1.93E-05,0.00050659,0,-1.23E-15,-3.54E-15,0,0.5,0.61443,0
0.0007,1.96E-05,0.00050723,0,-1.08E-15,-1.24E-14,0,0.5,0.61543,0
0.0007,1.99E-05,0.00050788,0,-9.41E-16,-2.13E-14,0,0.5,0.61643,0
0.0007,2.02E-05,0.00050852,0,-7.98E-16,-3.01E-14,0,0.5,0.61743,0
0.0007,2.05E-05,0.00050916,0,-6.75E-16,-1.71E-14,0,0.5,0.61843,0
0.0007,2.08E-05,0.0005098,0,-5.58E-16,3.72E-15,0,0.5,0.61943,0
0.0007,2.11E-05,0.00051043,0,-4.42E-16,2.46E-14,0,0.5,0.62043,0
0.0007,2.13E-05,0.00051107,0,-3.24E-16,4.54E-14,0,0.5,0.62143,0
0.0007,2.16E-05,0.0005117,0,2.25E-15,3.33E-14,0,0.5,0.62244,0
0.0007,2.19E-05,0.00051233,0,5.33E-15,1.45E-14,0,0.5,0.62344,0
0.0007,2.22E-05,0.00051296,0,8.42E-15,-4.35E-15,0,0.5,0.62444,0
0.0007,2.25E-05,0.00051359,0,1.15E-14,-2.32E-14,0,0.5,0.62544,0
0.0007,2.27E-05,0.00051421,0,8.46E-15,-2.12E-14,0,0.5,0.62644,0
0.0007,2.30E-05,0.00051484,0,4.91E-15,-1.75E-14,0,0.5,0.62744,0
0.0007,2.33E-05,0.00051546,0,1.37E-15,-1.37E-14,0,0.5,0.62844,0
0.0007,2.35E-05,0.00051609,0,-2.11E-15,-1.01E-14,0,0.5,0.62944,0
0.0007,2.38E-05,0.0005167,0,-1.97E-15,-9.66E-15,0,0.5,0.63044,0
0.0007,2.40E-05,0.00051732,0,-1.82E-15,-9.24E-15,0,0.5,0.63144,0
0.0007,2.43E-05,0.00051794,0,-1.68E-15,-8.82E-15,0,0.5,0.63244,0
0.0007,2.46E-05,0.00051856,0,-1.60E-15,-8.73E-15,0,0.5,0.63344,0
0.0007,2.48E-05,0.00051917,0,-2.06E-15,-1.12E-14,0,0.5,0.63444,0
0.0007,2.50E-05,0.00051978,0,-2.52E-15,-1.37E-14,0,0.5,0.63544,0
0.0007,2.53E-05,0.00052039,0,-2.99E-15,-1.62E-14,0,0.5,0.63645,0
0.0007,2.55E-05,0.000521,0,-3.17E-15,-1.66E-14,0,0.5,0.63745,0
0.0007,2.58E-05,0.00052161,0,-2.25E-15,-8.90E-15,0,0.5,0.63845,0
0.0007,2.60E-05,0.00052222,0,-1.34E-15,-1.18E-15,0,0.5,0.63945,0
0.0007,2.62E-05,0.00052282,0,-4.28E-16,6.54E-15,0,0.5,0.64045,0
0.0007,2.65E-05,0.00052343,0,4.40E-16,1.14E-14,0,0.5,0.64145,0
0.0007,2.67E-05,0.00052403,0,1.20E-15,9.79E-15,0,0.5,0.64245,0
0.0007,2.69E-05,0.00052463,0,1.96E-15,8.13E-15,0,0.5,0.64345,0
0.0007,2.71E-05,0.00052523,0,2.72E-15,6.48E-15,0,0.5,0.64445,0
0.0007,2.73E-05,0.00052583,0,3.60E-15,4.61E-15,0,0.5,0.64545,0
0.0007,2.76E-05,0.00052643,0,4.64E-15,2.41E-15,0,0.5,0.64645,0
0.0007,2.78E-05,0.00052703,0,5.68E-15,1.96E-16,0,0.5,0.64745,0
0.0007,2.80E-05,0.00052762,0,6.73E-15,-2.01E-15,0,0.5,0.64845,0
0.0007,2.82E-05,0.00052822,0,6.92E-15,-4.89E-15,0,0.5,0.64945,0
0.0007,2.84E-05,0.00052881,0,6.22E-15,-8.46E-15,0,0.5,0.65045,0
0.0007,2.86E-05,0.0005294,0,5.53E-15,-1.20E-14,0,0.5,0.65146,0
0.0007,2.88E-05,0.00052999,0,4.83E-15,-1.56E-14,0,0.5,0.65246,0
0.0007,2.90E-05,0.00053058,0,4.35E-15,-1.59E-14,0,0.5,0.65346,0
0.0007,2.92E-05,0.00053117,0,4.03E-15,-1.39E-14,0,0.5,0.65446,0
0.0007,2.94E-05,0.00053175,0,3.70E-15,-1.19E-14,0,0.5,0.65546,0
0.0007,2.96E-05,0.00053234,0,3.38E-15,-9.89E-15,0,0.5,0.65646,0
0.0007,2.98E-05,0.00053292,0,1.80E-15,-2.51E-15,0,0.5,0.65746,0
0.0007,3.00E-05,0.00053351,0,-3.75E-16,7.43E-15,0,0.5,0.65846,0
0.0007,3.01E-05,0.00053409,0,-2.55E-15,1.74E-14,0,0.5,0.65946,0
0.0007,3.03E-05,0.00053467,0,-4.73E-15,2.73E-14,0,0.5,0.66046,0
0.0007,3.05E-05,0.00053525,0,-3.42E-15,2.72E-14,0,0.5,0.66146,0
0.0007,3.07E-05,0.00053583,0,-1.07E-15,2.40E-14,0,0.5,0.66246,0
0.0007,3.09E-05,0.00053641,0,1.28E-15,2.09E-14,0,0.5,0.66346,0
0.0007,3.10E-05,0.00053698,0,3.62E-15,1.78E-14,0,0.5,0.66446,0
0.0007,3.12E-05,0.00053756,0,4.16E-15,9.20E-15,0,0.5,0.66547,0
0.0007,3.14E-05,0.00053813,0,4.41E-15,-1.87E-16,0,0.5,0.66647,0
0.0007,3.15E-05,0.00053871,0,4.67E-15,-9.57E-15,0,0.5,0.66747,0
0.0007,3.17E-05,0.00053928,0,4.92E-15,-1.90E-14,0,0.5,0.66847,0
0.0007,3.19E-05,0.00053985,0,4.17E-15,-1.48E-14,0,0.5,0.66947,0
0.0007,3.20E-05,0.00054042,0,3.38E-15,-1.00E-14,0,0.5,0.67047,0
0.0007,3.22E-05,0.00054099,0,2.58E-15,-5.31E-15,0,0.5,0.67147,0
0.0007,3.23E-05,0.00054156,0,1.71E-15,-1.03E-15,0,0.5,0.67247,0
0.0007,3.25E-05,0.00054212,0,-4.54E-16,-4.92E-15,0,0.5,0.67347,0
0.0007,3.26E-05,0.00054269,0,-2.62E-15,-8.80E-15,0,0.5,0.67447,0
0.0007,3.28E-05,0.00054326,0,-4.79E-15,-1.27E-14,0,0.5,0.67547,0
0.0007,3.29E-05,0.00054382,0,-6.74E-15,-1.53E-14,0,0.5,0.67647,0
0.0007,3.31E-05,0.00054438,0,-7.48E-15,-1.09E-14,0,0.5,0.67747,0
0.0007,3.32E-05,0.00054495,0,-8.23E-15,-6.42E-15,0,0.5,0.67847,0
0.0007,3.34E-05,0.00054551,0,-8.97E-15,-1.96E-15,0,0.5,0.67948,0
0.0007,3.35E-05,0.00054607,0,-9.16E-15,2.33E-15,0,0.5,0.68048,0
0.0007,3.36E-05,0.00054663,0,-7.63E-15,6.08E-15,0,0.5,0.68148,0
0.0007,3.38E-05,0.00054719,0,-6.10E-15,9.82E-15,0,0.5,0.68248,0
0.0007,3.39E-05,0.00054774,0,-4.58E-15,1.36E-14,0,0.5,0.68348,0
0.0007,3.41E-05,0.0005483,0,-3.51E-15,1.21E-14,0,0.5,0.68448,0
0.0007,3.42E-05,0.00054886,0,-3.34E-15,2.28E-16,0,0.5,0.68548,0
0.0007,3.43E-05,0.00054941,0,-3.17E-15,-1.16E-14,0,0.5,0.68648,0
0.0007,3.44E-05,0.00054997,0,-3.00E-15,-2.35E-14,0,0.5,0.68748,0
0.0007,3.46E-05,0.00055052,0,-3.32E-15,-2.46E-14,0,0.5,0.68848,0
0.0007,3.47E-05,0.00055107,0,-4.27E-15,-1.16E-14,0,0.5,0.68948,0
0.0007,3.48E-05,0.00055162,0,-5.22E-15,1.47E-15,0,0.5,0.69048,0
0.0007,3.49E-05,0.00055218,0,-6.18E-15,1.45E-14,0,0.5,0.69148,0
0.0007,3.50E-05,0.00055273,0,-5.15E-15,1.86E-14,0,0.5,0.69248,0
0.0007,3.52E-05,0.00055327,0,-2.32E-15,1.48E-14,0,0.5,0.69349,0
0.0007,3.53E-05,0.00055382,0,4.99E-16,1.09E-14,0,0.5,0.69449,0
0.0007,3.54E-05,0.00055437,0,3.32E-15,7.05E-15,0,0.5,0.69549,0
0.0007,3.55E-05,0.00055492,0,4.82E-15,-4.67E-15,0,0.5,0.69649,0
0.0007,3.56E-05,0.00055546,0,5.51E-15,-2.12E-14,0,0.5,0.69749,0
0.0007,3.57E-05,0.00055601,0,6.20E-15,-3.77E-14,0,0.5,0.69849,0
0.0007,3.58E-05,0.00055655,0,6.89E-15,-5.43E-14,0,0.5,0.69949,0
0.0007,3.59E-05,0.00055709,0,6.74E-15,-4.16E-14,0,0.5,0.70049,0
0.0007,3.60E-05,0.00055764,0,6.26E-15,-1.72E-14,0,0.5,0.70149,0
0.0007,3.61E-05,0.00055818,0,5.77E-15,7.14E-15,0,0.5,0.70249,0
0.0007,3.62E-05,0.00055872,0,5.28E-15,3.15E-14,0,0.5,0.70349,0
0.0007,3.63E-05,0.00055926,0,6.79E-15,2.64E-14,0,0.5,0.70449,0
0.0007,3.64E-05,0.0005598,0,8.77E-15,1.43E-14,0,0.5,0.70549,0
0.0007,3.65E-05,0.00056034,0,1.07E-14,2.21E-15,0,0.5,0.70649,0
0.0007,3.66E-05,0.00056088,0,1.27E-14,-9.88E-15,0,0.5,0.70749,0
0.0007,3.67E-05,0.00056141,0,1.05E-14,-8.67E-15,0,0.5,0.7085,0
0.0007,3.68E-05,0.00056195,0,7.73E-15,-6.02E-15,0,0.5,0.7095,0
0.0007,3.68E-05,0.00056248,0,5.01E-15,-3.37E-15,0,0.5,0.7105,0
0.0007,3.69E-05,0.00056302,0,2.27E-15,-7.14E-16,0,0.5,0.7115,0
0.0007,3.70E-05,0.00056355,0,2.64E-15,6.68E-16,0,0.5,0.7125,0
0.0007,3.71E-05,0.00056409,0,3.00E-15,2.05E-15,0,0.5,0.7135,0
0.0007,3.72E-05,0.00056462,0,3.37E-15,3.43E-15,0,0.5,0.7145,0
0.0007,3.72E-05,0.00056515,0,3.46E-15,4.98E-15,0,0.5,0.7155,0
0.0007,3.73E-05,0.00056568,0,8.21E-16,8.27E-15,0,0.5,0.7165,0
0.0007,3.74E-05,0.00056621,0,-1.81E-15,1.16E-14,0,0.5,0.7175,0
0.0007,3.75E-05,0.00056675,0,-4.45E-15,1.48E-14,0,0.5,0.7185,0
0.0007,3.75E-05,0.00056728,0,-7.06E-15,1.56E-14,0,0.5,0.7195,0
0.0007,3.76E-05,0.0005678,0,-9.55E-15,5.27E-15,0,0.5,0.7205,0
0.0007,3.77E-05,0.00056833,0,-1.20E-14,-5.06E-15,0,0.5,0.7215,0
0.0007,3.77E-05,0.00056886,0,-1.45E-14,-1.54E-14,0,0.5,0.72251,0
0.0007,3.78E-05,0.00056939,0,-1.50E-14,-2.16E-14,0,0.5,0.72351,0
0.0007,3.79E-05,0.00056991,0,-1.01E-14,-1.73E-14,0,0.5,0.72451,0
0.0007,3.79E-05,0.00057044,0,-5.17E-15,-1.30E-14,0,0.5,0.72551,0
0.0007,3.80E-05,0.00057096,0,-2.76E-16,-8.67E-15,0,0.5,0.72651,0
0.0007,3.80E-05,0.00057149,0,2.81E-15,-5.16E-15,0,0.5,0.72751,0
0.0007,3.81E-05,0.00057201,0,2.89E-15,-2.98E-15,0,0.5,0.72851,0
0.0007,3.82E-05,0.00057253,0,2.96E-15,-8.07E-16,0,0.5,0.72951,0
0.0007,3.82E-05,0.00057305,0,3.04E-15,1.37E-15,0,0.5,0.73051,0
0.0007,3.83E-05,0.00057358,0,2.00E-15,1.98E-17,0,0.5,0.73151,0
0.0007,3.83E-05,0.0005741,0,-3.02E-16,-5.31E-15,0,0.5,0.73251,0
0.0007,3.84E-05,0.00057462,0,-2.60E-15,-1.06E-14,0,0.5,0.73351,0
0.0007,3.84E-05,0.00057514,0,-4.91E-15,-1.60E-14,0,0.5,0.73451,0
0.0007,3.84E-05,0.00057566,0,-5.37E-15,-9.97E-15,0,0.5,0.73551,0
0.0007,3.85E-05,0.00057617,0,-4.41E-15,4.80E-15,0,0.5,0.73652,0
0.0007,3.85E-05,0.00057669,0,-3.45E-15,1.96E-14,0,0.5,0.73752,0
0.0007,3.86E-05,0.00057721,0,-2.49E-15,3.44E-14,0,0.5,0.73852,0
0.0007,3.86E-05,0.00057773,0,-3.05E-15,2.67E-14,0,0.5,0.73952,0
0.0007,3.87E-05,0.00057824,0,-4.40E-15,7.42E-15,0,0.5,0.74052,0
0.0007,3.87E-05,0.00057876,0,-5.75E-15,-1.19E-14,0,0.5,0.74152,0
0.0007,3.87E-05,0.00057927,0,-7.10E-15,-3.12E-14,0,0.5,0.74252,0
0.0007,3.88E-05,0.00057979,0,-5.97E-15,-3.08E-14,0,0.5,0.74352,0
0.0007,3.88E-05,0.0005803,0,-4.02E-15,-2.39E-14,0,0.5,0.74452,0
0.0007,3.88E-05,0.00058082,0,-2.07E-15,-1.71E-14,0,0.5,0.74552,0
0.0007,3.88E-05,0.00058133,0,-1.27E-16,-1.03E-14,0,0.5,0.74652,0
0.0007,3.89E-05,0.00058184,0,-1.85E-15,-4.07E-15,0,0.5,0.74752,0
0.0007,3.89E-05,0.00058235,0,-4.24E-15,1.99E-15,0,0.5,0.74852,0
0.0007,3.89E-05,0.00058286,0,-6.62E-15,8.05E-15,0,0.5,0.74952,0
0.0007,3.90E-05,0.00058337,0,-9.01E-15,1.41E-14,0,0.5,0.75052,0
0.0007,3.90E-05,0.00058388,0,-8.28E-15,1.54E-14,0,0.5,0.75153,0
0.0007,3.90E-05,0.00058439,0,-7.37E-15,1.64E-14,0,0.5,0.75253,0
0.0007,3.90E-05,0.0005849,0,-6.46E-15,1.75E-14,0,0.5,0.75353,0
0.0007,3.90E-05,0.00058541,0,-5.50E-15,1.82E-14,0,0.5,0.75453,0
0.0007,3.90E-05,0.00058592,0,-3.41E-15,1.18E-14,0,0.5,0.75553,0
0.0007,3.91E-05,0.00058643,0,-1.32E-15,5.32E-15,0,0.5,0.75653,0
0.0007,3.91E-05,0.00058693,0,7.75E-16,-1.13E-15,0,0.5,0.75753,0
0.0007,3.91E-05,0.00058744,0,2.24E-15,-6.84E-15,0,0.5,0.75853,0
0.0007,3.91E-05,0.00058794,0,-4.83E-16,-7.63E-15,0,0.5,0.75953,0
0.0007,3.91E-05,0.00058845,0,-3.20E-15,-8.43E-15,0,0.5,0.76053,0
0.0007,3.91E-05,0.00058896,0,-5.93E-15,-9.23E-15,0,0.5,0.76153,0
0.0007,3.91E-05,0.00058946,0,-6.99E-15,-1.03E-14,0,0.5,0.76253,0
0.0007,3.91E-05,0.00058996,0,-2.35E-15,-1.23E-14,0,0.5,0.76353,0
0.0007,3.91E-05,0.00059047,0,2.29E-15,-1.43E-14,0,0.5,0.76453,0
0.0007,3.91E-05,0.00059097,0,6.93E-15,-1.63E-14,0,0.5,0.76554,0
0.0007,3.91E-05,0.00059147,0,9.61E-15,-1.56E-14,0,0.5,0.76654,0
0.0007,3.91E-05,0.00059197,0,8.12E-15,-9.34E-15,0,0.5,0.76754,0
0.0007,3.91E-05,0.00059247,0,6.64E-15,-3.07E-15,0,0.5,0.76854,0
0.0007,3.91E-05,0.00059298,0,5.15E-15,3.20E-15,0,0.5,0.76954,0
0.0007,3.91E-05,0.00059348,0,3.63E-15,7.32E-15,0,0.5,0.77054,0
0.0007,3.91E-05,0.00059398,0,2.06E-15,8.39E-15,0,0.5,0.77154,0
0.0007,3.91E-05,0.00059448,0,4.87E-16,9.45E-15,0,0.5,0.77254,0
0.0007,3.91E-05,0.00059498,0,-1.08E-15,1.05E-14,0,0.5,0.77354,0
0.0007,3.91E-05,0.00059547,0,-9.18E-16,4.24E-15,0,0.5,0.77454,0
0.0007,3.91E-05,0.00059597,0,9.26E-16,-9.13E-15,0,0.5,0.77554,0
0.0007,3.90E-05,0.00059647,0,2.77E-15,-2.25E-14,0,0.5,0.77654,0
0.0007,3.90E-05,0.00059697,0,4.62E-15,-3.59E-14,0,0.5,0.77754,0
0.0007,3.90E-05,0.00059746,0,4.51E-15,-3.06E-14,0,0.5,0.77854,0
0.0007,3.90E-05,0.00059796,0,3.12E-15,-1.29E-14,0,0.5,0.77955,0
0.0007,3.90E-05,0.00059846,0,1.73E-15,4.67E-15,0,0.5,0.78055,0
0.0007,3.90E-05,0.00059895,0,3.39E-16,2.23E-14,0,0.5,0.78155,0
0.0007,3.89E-05,0.00059945,0,-1.40E-15,2.41E-14,0,0.5,0.78255,0
0.0007,3.89E-05,0.00059994,0,-3.30E-15,1.91E-14,0,0.5,0.78355,0
0.0007,3.89E-05,0.00060043,0,-5.19E-15,1.41E-14,0,0.5,0.78455,0
0.0007,3.89E-05,0.00060093,0,-7.09E-15,9.07E-15,0,0.5,0.78555,0
0.0007,3.88E-05,0.00060142,0,-6.28E-15,3.95E-15,0,0.5,0.78655,0
0.0007,3.88E-05,0.00060191,0,-4.78E-15,-1.20E-15,0,0.5,0.78755,0
0.0007,3.88E-05,0.00060241,0,-3.27E-15,-6.35E-15,0,0.5,0.78855,0
0.0007,3.87E-05,0.0006029,0,-1.76E-15,-1.15E-14,0,0.5,0.78955,0
0.0007,3.87E-05,0.00060339,0,-2.68E-15,-1.10E-14,0,0.5,0.79055,0
0.0007,3.87E-05,0.00060388,0,-3.91E-15,-9.88E-15,0,0.5,0.79155,0
0.0007,3.86E-05,0.00060437,0,-5.14E-15,-8.71E-15,0,0.5,0.79255,0
0.0007,3.86E-05,0.00060486,0,-6.36E-15,-7.54E-15,0,0.5,0.79356,0
0.0007,3.86E-05,0.00060535,0,-4.43E-15,-2.88E-15,0,0.5,0.79456,0
0.0007,3.85E-05,0.00060584,0,-2.43E-15,1.85E-15,0,0.5,0.79556,0
0.0007,3.85E-05,0.00060633,0,-4.31E-16,6.58E-15,0,0.5,0.79656,0
0.0007,3.84E-05,0.00060682,0,1.44E-15,1.08E-14,0,0.5,0.79756,0
0.0007,3.84E-05,0.00060731,0,1.82E-15,9.08E-15,0,0.5,0.79856,0
0.0007,3.84E-05,0.0006078,0,2.21E-15,7.34E-15,0,0.5,0.79956,0
0.0007,3.83E-05,0.00060828,0,2.59E-15,5.60E-15,0,0.5,0.80056,0
0.0007,3.83E-05,0.00060877,0,2.88E-15,3.82E-15,0,0.5,0.80156,0
0.0007,3.82E-05,0.00060926,0,2.76E-15,1.86E-15,0,0.5,0.80256,0
0.0007,3.82E-05,0.00060975,0,2.64E-15,-9.83E-17,0,0.5,0.80356,0
0.0007,3.81E-05,0.00061023,0,2.51E-15,-2.06E-15,0,0.5,0.80456,0
0.0007,3.81E-05,0.00061072,0,2.63E-15,-5.20E-15,0,0.5,0.80556,0
0.0007,3.80E-05,0.0006112,0,3.42E-15,-1.16E-14,0,0.5,0.80656,0
0.0007,3.79E-05,0.00061169,0,4.20E-15,-1.81E-14,0,0.5,0.80756,0
0.0007,3.79E-05,0.00061217,0,4.98E-15,-2.45E-14,0,0.5,0.80857,0
0.0007,3.78E-05,0.00061266,0,5.78E-15,-2.60E-14,0,0.5,0.80957,0
0.0007,3.78E-05,0.00061314,0,6.59E-15,-1.86E-14,0,0.5,0.81057,0
0.0007,3.77E-05,0.00061362,0,7.40E-15,-1.13E-14,0,0.5,0.81157,0
0.0007,3.76E-05,0.00061411,0,8.21E-15,-3.93E-15,0,0.5,0.81257,0
0.0007,3.76E-05,0.00061459,0,7.37E-15,5.17E-15,0,0.5,0.81357,0
0.0007,3.75E-05,0.00061507,0,4.57E-15,1.64E-14,0,0.5,0.81457,0
0.0007,3.75E-05,0.00061555,0,1.76E-15,2.76E-14,0,0.5,0.81557,0
0.0007,3.74E-05,0.00061604,0,-1.05E-15,3.88E-14,0,0.5,0.81657,0
0.0007,3.73E-05,0.00061652,0,-2.81E-15,3.50E-14,0,0.5,0.81757,0
0.0007,3.72E-05,0.000617,0,-3.70E-15,1.89E-14,0,0.5,0.81857,0
0.0007,3.72E-05,0.00061748,0,-4.58E-15,2.79E-15,0,0.5,0.81957,0
0.0007,3.71E-05,0.00061796,0,-5.47E-15,-1.33E-14,0,0.5,0.82057,0
0.0007,3.70E-05,0.00061844,0,-4.20E-15,-1.66E-14,0,0.5,0.82157,0
0.0007,3.69E-05,0.00061892,0,-1.72E-15,-1.28E-14,0,0.5,0.82258,0
0.0007,3.69E-05,0.0006194,0,7.49E-16,-9.03E-15,0,0.5,0.82358,0
0.0007,3.68E-05,0.00061988,0,3.22E-15,-5.24E-15,0,0.5,0.82458,0
0.0007,3.67E-05,0.00062036,0,5.34E-15,-3.01E-15,0,0.5,0.82558,0
0.0007,3.66E-05,0.00062083,0,7.33E-15,-1.34E-15,0,0.5,0.82658,0
0.0007,3.65E-05,0.00062131,0,9.32E-15,3.36E-16,0,0.5,0.82758,0
0.0007,3.65E-05,0.00062179,0,1.13E-14,2.01E-15,0,0.5,0.82858,0
0.0007,3.64E-05,0.00062227,0,9.23E-15,-6.96E-16,0,0.5,0.82958,0
0.0007,3.63E-05,0.00062274,0,6.33E-15,-4.28E-15,0,0.5,0.83058,0
0.0007,3.62E-05,0.00062322,0,3.42E-15,-7.87E-15,0,0.5,0.83158,0
0.0007,3.61E-05,0.0006237,0,5.22E-16,-1.15E-14,0,0.5,0.83258,0
0.0007,3.60E-05,0.00062417,0,-1.08E-15,-6.38E-15,0,0.5,0.83358,0
0.0007,3.59E-05,0.00062465,0,-2.58E-15,-6.19E-16,0,0.5,0.83458,0
0.0007,3.58E-05,0.00062512,0,-4.08E-15,5.14E-15,0,0.5,0.83558,0
0.0007,3.57E-05,0.0006256,0,-5.44E-15,1.05E-14,0,0.5,0.83659,0
0.0007,3.56E-05,0.00062607,0,-4.90E-16,5.78E-16,0,0.5,0.83759,0
0.0007,3.56E-05,0.00062655,0,4.46E-15,-9.39E-15,0,0.5,0.83859,0
0.0007,3.55E-05,0.00062702,0,9.41E-15,-1.94E-14,0,0.5,0.83959,0
0.0007,3.54E-05,0.0006275,0,1.36E-14,-2.81E-14,0,0.5,0.84059,0
0.0007,3.53E-05,0.00062797,0,1.16E-14,-2.71E-14,0,0.5,0.84159,0
0.0007,3.51E-05,0.00062844,0,9.61E-15,-2.62E-14,0,0.5,0.84259,0
0.0007,3.50E-05,0.00062891,0,7.63E-15,-2.53E-14,0,0.5,0.84359,0
0.0007,3.49E-05,0.00062939,0,5.90E-15,-2.19E-14,0,0.5,0.84459,0
0.0007,3.48E-05,0.00062986,0,5.07E-15,-9.52E-15,0,0.5,0.84559,0
0.0007,3.47E-05,0.00063033,0,4.24E-15,2.90E-15,0,0.5,0.84659,0
0.0007,3.46E-05,0.0006308,0,3.40E-15,1.53E-14,0,0.5,0.84759,0
0.0007,3.45E-05,0.00063127,0,3.20E-15,2.23E-14,0,0.5,0.84859,0
0.0007,3.44E-05,0.00063175,0,4.42E-15,1.70E-14,0,0.5,0.84959,0
0.0007,3.43E-05,0.00063222,0,5.64E-15,1.16E-14,0,0.5,0.85059,0
0.0007,3.42E-05,0.00063269,0,6.86E-15,6.29E-15,0,0.5,0.8516,0
0.0007,3.40E-05,0.00063316,0,7.25E-15,4.17E-15,0,0.5,0.8526,0
0.0007,3.39E-05,0.00063363,0,6.40E-15,6.87E-15,0,0.5,0.8536,0
0.0007,3.38E-05,0.0006341,0,5.55E-15,9.56E-15,0,0.5,0.8546,0
0.0007,3.37E-05,0.00063457,0,4.70E-15,1.22E-14,0,0.5,0.8556,0
0.0007,3.36E-05,0.00063503,0,3.03E-15,8.94E-15,0,0.5,0.8566,0
0.0007,3.34E-05,0.0006355,0,5.05E-16,-4.72E-16,0,0.5,0.8576,0
0.0007,3.33E-05,0.00063597,0,-2.02E-15,-9.89E-15,0,0.5,0.8586,0
0.0007,3.32E-05,0.00063644,0,-4.54E-15,-1.93E-14,0,0.5,0.8596,0
0.0007,3.31E-05,0.00063691,0,-4.75E-15,-1.89E-14,0,0.5,0.8606,0
0.0007,3.29E-05,0.00063738,0,-3.34E-15,-1.18E-14,0,0.5,0.8616,0
0.0007,3.28E-05,0.00063784,0,-1.94E-15,-4.64E-15,0,0.5,0.8626,0
0.0007,3.27E-05,0.00063831,0,-5.38E-16,2.52E-15,0,0.5,0.8636,0
0.0007,3.25E-05,0.00063878,0,-1.69E-15,1.20E-15,0,0.5,0.8646,0
0.0007,3.24E-05,0.00063924,0,-4.01E-15,-4.02E-15,0,0.5,0.86561,0
0.0007,3.23E-05,0.00063971,0,-6.33E-15,-9.23E-15,0,0.5,0.86661,0
0.0007,3.21E-05,0.00064018,0,-8.66E-15,-1.45E-14,0,0.5,0.86761,0
0.0007,3.20E-05,0.00064064,0,-5.94E-15,-1.39E-14,0,0.5,0.86861,0
0.0007,3.19E-05,0.00064111,0,-1.79E-15,-1.17E-14,0,0.5,0.86961,0
0.0007,3.17E-05,0.00064157,0,2.36E-15,-9.48E-15,0,0.5,0.87061,0
0.0007,3.16E-05,0.00064204,0,6.52E-15,-7.28E-15,0,0.5,0.87161,0
0.0007,3.14E-05,0.0006425,0,5.10E-15,1.05E-14,0,0.5,0.87261,0
0.0007,3.13E-05,0.00064297,0,2.87E-15,3.06E-14,0,0.5,0.87361,0
0.0007,3.11E-05,0.00064343,0,6.51E-16,5.06E-14,0,0.5,0.87461,0
0.0007,3.10E-05,0.00064389,0,-1.57E-15,7.06E-14,0,0.5,0.87561,0
0.0007,3.08E-05,0.00064436,0,-2.56E-16,4.67E-14,0,0.5,0.87661,0
0.0007,3.07E-05,0.00064482,0,1.17E-15,2.13E-14,0,0.5,0.87761,0
0.0007,3.05E-05,0.00064528,0,2.60E-15,-4.03E-15,0,0.5,0.87861,0
0.0007,3.04E-05,0.00064575,0,3.83E-15,-2.79E-14,0,0.5,0.87962,0
0.0007,3.02E-05,0.00064621,0,2.11E-15,-2.95E-14,0,0.5,0.88062,0
0.0007,3.01E-05,0.00064667,0,3.90E-16,-3.12E-14,0,0.5,0.88162,0
0.0007,2.99E-05,0.00064713,0,-1.33E-15,-3.28E-14,0,0.5,0.88262,0
0.0007,2.98E-05,0.0006476,0,-2.99E-15,-3.21E-14,0,0.5,0.88362,0
0.0007,2.96E-05,0.00064806,0,-4.30E-15,-1.91E-14,0,0.5,0.88462,0
0.0007,2.94E-05,0.00064852,0,-5.61E-15,-6.10E-15,0,0.5,0.88562,0
0.0007,2.93E-05,0.00064898,0,-6.93E-15,6.92E-15,0,0.5,0.88662,0
0.0007,2.91E-05,0.00064944,0,-6.76E-15,1.49E-14,0,0.5,0.88762,0
0.0007,2.89E-05,0.0006499,0,-2.24E-15,8.04E-15,0,0.5,0.88862,0
0.0007,2.88E-05,0.00065036,0,2.28E-15,1.17E-15,0,0.5,0.88962,0
0.0007,2.86E-05,0.00065082,0,6.80E-15,-5.70E-15,0,0.5,0.89062,0
0.0007,2.84E-05,0.00065128,0,8.74E-15,-9.75E-15,0,0.5,0.89162,0
0.0007,2.83E-05,0.00065174,0,5.80E-15,-8.50E-15,0,0.5,0.89262,0
0.0007,2.81E-05,0.0006522,0,2.86E-15,-7.26E-15,0,0.5,0.89363,0
0.0007,2.79E-05,0.00065266,0,-7.58E-17,-6.01E-15,0,0.5,0.89463,0
0.0007,2.77E-05,0.00065312,0,-9.88E-16,-6.48E-15,0,0.5,0.89563,0
0.0007,2.75E-05,0.00065358,0,6.56E-16,-9.13E-15,0,0.5,0.89663,0
0.0007,2.74E-05,0.00065403,0,2.30E-15,-1.18E-14,0,0.5,0.89763,0
0.0007,2.72E-05,0.00065449,0,3.95E-15,-1.44E-14,0,0.5,0.89863,0
0.0007,2.70E-05,0.00065495,0,5.16E-15,-8.18E-15,0,0.5,0.89963,0
0.0007,2.68E-05,0.00065541,0,6.01E-15,5.73E-15,0,0.5,0.90063,0
0.0007,2.66E-05,0.00065587,0,6.86E-15,1.96E-14,0,0.5,0.90163,0
0.0007,2.64E-05,0.00065632,0,7.71E-15,3.35E-14,0,0.5,0.90263,0
0.0007,2.63E-05,0.00065678,0,4.34E-15,3.31E-14,0,0.5,0.90363,0
0.0007,2.61E-05,0.00065724,0,-1.49E-15,2.43E-14,0,0.5,0.90463,0
0.0007,2.59E-05,0.00065769,0,-7.33E-15,1.55E-14,0,0.5,0.90563,0
0.0007,2.57E-05,0.00065815,0,-1.32E-14,6.64E-15,0,0.5,0.90663,0
0.0007,2.55E-05,0.00065861,0,-1.29E-14,-7.17E-15,0,0.5,0.90763,0
0.0007,2.53E-05,0.00065906,0,-1.03E-14,-2.29E-14,0,0.5,0.90864,0
0.0007,2.51E-05,0.00065952,0,-7.78E-15,-3.86E-14,0,0.5,0.90964,0
0.0007,2.49E-05,0.00065997,0,-5.21E-15,-5.43E-14,0,0.5,0.91064,0
0.0007,2.47E-05,0.00066043,0,-9.98E-16,-4.07E-14,0,0.5,0.91164,0
0.0007,2.45E-05,0.00066088,0,3.58E-15,-2.07E-14,0,0.5,0.91264,0
0.0007,2.43E-05,0.00066134,0,8.16E-15,-7.77E-16,0,0.5,0.91364,0
0.0007,2.41E-05,0.00066179,0,1.27E-14,1.92E-14,0,0.5,0.91464,0
0.0007,2.39E-05,0.00066224,0,1.22E-14,8.18E-15,0,0.5,0.91564,0
0.0007,2.37E-05,0.0006627,0,1.11E-14,-5.67E-15,0,0.5,0.91664,0
0.0007,2.35E-05,0.00066315,0,1.01E-14,-1.95E-14,0,0.5,0.91764,0
0.0007,2.32E-05,0.00066361,0,9.04E-15,-3.30E-14,0,0.5,0.91864,0
0.0007,2.30E-05,0.00066406,0,8.72E-15,-1.22E-14,0,0.5,0.91964,0
0.0007,2.28E-05,0.00066451,0,8.39E-15,8.59E-15,0,0.5,0.92064,0
0.0007,2.26E-05,0.00066496,0,8.07E-15,2.94E-14,0,0.5,0.92164,0
0.0007,2.24E-05,0.00066542,0,7.47E-15,4.60E-14,0,0.5,0.92265,0
0.0007,2.22E-05,0.00066587,0,4.52E-15,2.69E-14,0,0.5,0.92365,0
0.0007,2.19E-05,0.00066632,0,1.57E-15,7.85E-15,0,0.5,0.92465,0
0.0007,2.17E-05,0.00066677,0,-1.38E-15,-1.12E-14,0,0.5,0.92565,0
0.0007,2.15E-05,0.00066722,0,-3.57E-15,-2.54E-14,0,0.5,0.92665,0
0.0007,2.13E-05,0.00066768,0,-2.70E-15,-1.96E-14,0,0.5,0.92765,0
0.0007,2.10E-05,0.00066813,0,-1.82E-15,-1.38E-14,0,0.5,0.92865,0
0.0007,2.08E-05,0.00066858,0,-9.48E-16,-8.02E-15,0,0.5,0.92965,0
0.0007,2.06E-05,0.00066903,0,-8.19E-17,-4.32E-15,0,0.5,0.93065,0
0.0007,2.03E-05,0.00066948,0,7.67E-16,-5.62E-15,0,0.5,0.93165,0
0.0007,2.01E-05,0.00066993,0,1.62E-15,-6.92E-15,0,0.5,0.93265,0
0.0007,1.99E-05,0.00067038,0,2.47E-15,-8.22E-15,0,0.5,0.93365,0
0.0007,1.96E-05,0.00067083,0,1.72E-15,-5.77E-15,0,0.5,0.93465,0
0.0007,1.94E-05,0.00067128,0,-1.53E-15,2.58E-15,0,0.5,0.93565,0
0.0007,1.92E-05,0.00067173,0,-4.78E-15,1.09E-14,0,0.5,0.93666,0
0.0007,1.89E-05,0.00067218,0,-8.04E-15,1.93E-14,0,0.5,0.93766,0
0.0007,1.87E-05,0.00067263,0,-9.38E-15,2.48E-14,0,0.5,0.93866,0
0.0007,1.84E-05,0.00067307,0,-8.68E-15,2.72E-14,0,0.5,0.93966,0
0.0007,1.82E-05,0.00067352,0,-7.98E-15,2.96E-14,0,0.5,0.94066,0
0.0007,1.79E-05,0.00067397,0,-7.28E-15,3.21E-14,0,0.5,0.94166,0
0.0007,1.77E-05,0.00067442,0,-5.95E-15,2.69E-14,0,0.5,0.94266,0
0.0007,1.74E-05,0.00067487,0,-4.16E-15,1.63E-14,0,0.5,0.94366,0
0.0007,1.72E-05,0.00067531,0,-2.37E-15,5.63E-15,0,0.5,0.94466,0
0.0007,1.69E-05,0.00067576,0,-5.75E-16,-5.03E-15,0,0.5,0.94566,0
0.0007,1.67E-05,0.00067621,0,-1.45E-15,-7.34E-15,0,0.5,0.94666,0
0.0007,1.64E-05,0.00067665,0,-3.61E-15,-5.61E-15,0,0.5,0.94766,0
0.0007,1.61E-05,0.0006771,0,-5.77E-15,-3.88E-15,0,0.5,0.94866,0
0.0007,1.59E-05,0.00067755,0,-7.94E-15,-2.15E-15,0,0.5,0.94966,0
0.0007,1.56E-05,0.00067799,0,-7.24E-15,-8.72E-15,0,0.5,0.95066,0
0.0007,1.53E-05,0.00067844,0,-5.68E-15,-1.78E-14,0,0.5,0.95167,0
0.0007,1.51E-05,0.00067889,0,-4.12E-15,-2.68E-14,0,0.5,0.95267,0
0.0007,1.48E-05,0.00067933,0,-2.56E-15,-3.59E-14,0,0.5,0.95367,0
0.0007,1.45E-05,0.00067978,0,-1.24E-15,-2.35E-14,0,0.5,0.95467,0
0.0007,1.43E-05,0.00068022,0,4.87E-17,-7.72E-15,0,0.5,0.95567,0
0.0007,1.40E-05,0.00068067,0,1.33E-15,8.08E-15,0,0.5,0.95667,0
0.0007,1.37E-05,0.00068111,0,2.62E-15,2.39E-14,0,0.5,0.95767,0
0.0007,1.34E-05,0.00068155,0,-1.92E-15,1.90E-14,0,0.5,0.95867,0
0.0007,1.31E-05,0.000682,0,-6.71E-15,1.32E-14,0,0.5,0.95967,0
0.0007,1.29E-05,0.00068244,0,-1.15E-14,7.35E-15,0,0.5,0.96067,0
0.0007,1.26E-05,0.00068289,0,-1.60E-14,1.72E-15,0,0.5,0.96167,0
0.0007,1.23E-05,0.00068333,0,-1.53E-14,-6.91E-16,0,0.5,0.96267,0
0.0007,1.20E-05,0.00068377,0,-1.46E-14,-3.10E-15,0,0.5,0.96367,0
0.0007,1.17E-05,0.00068422,0,-1.39E-14,-5.50E-15,0,0.5,0.96467,0
0.0007,1.14E-05,0.00068466,0,-1.30E-14,-7.69E-15,0,0.5,0.96568,0
0.0007,1.11E-05,0.0006851,0,-1.11E-14,-8.70E-15,0,0.5,0.96668,0
0.0007,1.08E-05,0.00068554,0,-9.06E-15,-9.70E-15,0,0.5,0.96768,0
0.0007,1.05E-05,0.00068599,0,-7.06E-15,-1.07E-14,0,0.5,0.96868,0
0.0007,1.02E-05,0.00068643,0,-6.02E-15,-9.74E-15,0,0.5,0.96968,0
0.0007,9.94E-06,0.00068687,0,-7.96E-15,-2.56E-15,0,0.5,0.97068,0
0.0007,9.64E-06,0.00068731,0,-9.91E-15,4.64E-15,0,0.5,0.97168,0
0.0007,9.34E-06,0.00068775,0,-1.19E-14,1.18E-14,0,0.5,0.97268,0
0.0007,9.03E-06,0.00068819,0,-1.14E-14,1.39E-14,0,0.5,0.97368,0
0.0007,8.72E-06,0.00068863,0,-6.26E-15,5.94E-15,0,0.5,0.97468,0
0.0007,8.41E-06,0.00068907,0,-1.12E-15,-2.05E-15,0,0.5,0.97568,0
0.0007,8.10E-06,0.00068951,0,4.03E-15,-1.00E-14,0,0.5,0.97668,0
0.0007,7.78E-06,0.00068995,0,5.21E-15,-1.00E-14,0,0.5,0.97768,0
0.0007,7.47E-06,0.00069039,0,1.15E-15,5.57E-16,0,0.5,0.97868,0
0.0007,7.15E-06,0.00069083,0,-2.92E-15,1.11E-14,0,0.5,0.97969,0
0.0007,6.83E-06,0.00069127,0,-6.98E-15,2.17E-14,0,0.5,0.98069,0
0.0007,6.51E-06,0.00069171,0,-9.75E-15,1.80E-14,0,0.5,0.98169,0
0.0007,6.18E-06,0.00069215,0,-1.13E-14,1.44E-15,0,0.5,0.98269,0
0.0007,5.85E-06,0.00069259,0,-1.29E-14,-1.51E-14,0,0.5,0.98369,0
0.0007,5.53E-06,0.00069302,0,-1.45E-14,-3.17E-14,0,0.5,0.98469,0
0.0007,5.20E-06,0.00069346,0,-1.36E-14,-2.92E-14,0,0.5,0.98569,0
0.0007,4.86E-06,0.0006939,0,-1.12E-14,-1.51E-14,0,0.5,0.98669,0
0.0007,4.53E-06,0.00069434,0,-8.70E-15,-9.87E-16,0,0.5,0.98769,0
0.0007,4.20E-06,0.00069477,0,-6.25E-15,1.31E-14,0,0.5,0.98869,0
0.0007,3.86E-06,0.00069521,0,-5.95E-15,1.00E-14,0,0.5,0.98969,0
0.0007,3.52E-06,0.00069565,0,-6.49E-15,1.05E-16,0,0.5,0.99069,0
0.0007,3.17E-06,0.00069608,0,-7.03E-15,-9.82E-15,0,0.5,0.99169,0
0.0007,2.83E-06,0.00069652,0,-7.56E-15,-1.97E-14,0,0.5,0.99269,0
0.0007,2.48E-06,0.00069696,0,-5.85E-15,-1.48E-14,0,0.5,0.9937,0
0.0007,2.13E-06,0.00069739,0,-3.62E-15,-6.44E-15,0,0.5,0.9947,0
0.0007,1.78E-06,0.00069783,0,-1.38E-15,1.95E-15,0,0.5,0.9957,0
0.0007,1.43E-06,0.00069826,0,8.59E-16,1.03E-14,0,0.5,0.9967,0
0.0007,1.08E-06,0.0006987,0,-0.026495,0.090585,0,0.5,0.9977,0
0.0007,7.17E-07,0.00069913,0,-0.055766,0.19066,0,0.5,0.9987,0
0.0007,3.58E-07,0.00069957,0,-0.085037,0.29073,0,0.5,0.9997,0
0.0007,3.20E-20,0.0007,0,-0.11431,0.39081,0,0.5,1.0007,0
