Fy,Time,Fy bottom,,Time ,Liu Staggered del u = 10e-5,,Time ,"Miehe March 2010, lo/2"
0,0,0,,1.14286E-05,0.003846154,,1.73913E-05,0
-0.66703,5.00E-06,0.00066703,,5.71429E-05,0.011538462,,6.95652E-05,0.008695652
-1.3341,1.00E-05,0.0013341,,0.000102857,0.019230769,,0.000165217,0.020289855
-2.0011,1.50E-05,0.0020011,,0.000137143,0.025,,0.000286957,0.037681159
-2.6681,2.00E-05,0.0026681,,0.000171429,0.030769231,,0.000391304,0.052173913
-3.3351,2.50E-05,0.0033351,,0.000228571,0.038461538,,0.000521739,0.071014493
-4.0022,3.00E-05,0.0040022,,0.000308571,0.05,,0.000652174,0.089855072
-4.6692,3.50E-05,0.0046692,,0.0004,0.067307692,,0.000782609,0.107246377
-5.3362,4.00E-05,0.0053362,,0.000468571,0.076923077,,0.000895652,0.12173913
-6.0032,4.50E-05,0.0060032,,0.000571429,0.092307692,,0.001008696,0.139130435
-6.6703,5.00E-05,0.0066703,,0.00064,0.105769231,,0.001086957,0.147826087
-7.3373,5.50E-05,0.0073373,,0.000731429,0.121153846,,0.001156522,0.15942029
-8.0043,6.00E-05,0.0080043,,0.0008,0.130769231,,0.001217391,0.166666667
-8.6713,6.50E-05,0.0086713,,0.000868571,0.140384615,,0.001295652,0.17826087
-9.3383,7.00E-05,0.0093383,,0.000937143,0.151923077,,0.0014,0.191304348
-10.005,7.50E-05,0.010005,,0.001005714,0.163461538,,0.001504348,0.205797101
-10.672,8.00E-05,0.010672,,0.001108571,0.178846154,,0.001617391,0.22173913
-11.339,8.50E-05,0.011339,,0.0012,0.192307692,,0.001721739,0.236231884
-12.006,9.00E-05,0.012006,,0.001268571,0.203846154,,0.001843478,0.250724638
-12.673,9.50E-05,0.012673,,0.001337143,0.215384615,,0.00193913,0.266666667
-13.34,0.0001,0.01334,,0.001394286,0.225,,0.002026087,0.276811594
-14.007,0.000105,0.014007,,0.00152,0.244230769,,0.002121739,0.291304348
-14.674,0.00011,0.014674,,0.001634286,0.263461538,,0.002226087,0.305797101
-15.341,0.000115,0.015341,,0.001771429,0.284615385,,0.002304348,0.314492754
-16.008,0.00012,0.016008,,0.001897143,0.303846154,,0.0024,0.331884058
-16.675,0.000125,0.016675,,0.002,0.321153846,,0.002478261,0.339130435
-17.342,0.00013,0.017342,,0.002114286,0.336538462,,0.002573913,0.352173913
-18.009,0.000135,0.018009,,0.002217143,0.351923077,,0.002652174,0.360869565
-18.676,0.00014,0.018676,,0.002308571,0.369230769,,0.00273913,0.373913043
-19.343,0.000145,0.019343,,0.002377143,0.376923077,,0.002826087,0.386956522
-20.01,0.00015,0.02001,,0.002422857,0.388461538,,0.002913043,0.398550725
-20.677,0.000155,0.020677,,0.002514286,0.396153846,,0.003008696,0.410144928
-21.344,0.00016,0.021344,,0.002571429,0.407692308,,0.003095652,0.42173913
-22.011,0.000165,0.022011,,0.002617143,0.411538462,,0.003208696,0.436231884
-22.678,0.00017,0.022678,,0.002708571,0.428846154,,0.003330435,0.452173913
-23.344,0.000175,0.023344,,0.002822857,0.446153846,,0.003408696,0.462318841
-24.011,0.00018,0.024011,,0.002914286,0.459615385,,0.003495652,0.475362319
-24.678,0.000185,0.024678,,0.003017143,0.473076923,,0.003591304,0.486956522
-25.345,0.00019,0.025345,,0.003085714,0.482692308,,0.003686957,0.5
-26.012,0.000195,0.026012,,0.003142857,0.494230769,,0.003765217,0.511594203
-26.679,0.0002,0.026679,,0.0032,0.5,,0.003834783,0.51884058
-27.346,0.000205,0.027346,,0.003257143,0.509615385,,0.003913043,0.530434783
-28.013,0.00021,0.028013,,0.003337143,0.519230769,,0.004008696,0.544927536
-28.679,0.000215,0.028679,,0.00344,0.534615385,,0.004130435,0.560869565
-29.346,0.00022,0.029346,,0.003542857,0.551923077,,0.004278261,0.57826087
-30.013,0.000225,0.030013,,0.003691429,0.569230769,,0.0044,0.594202899
-30.68,0.00023,0.03068,,0.003771429,0.584615385,,0.004495652,0.607246377
-31.347,0.000235,0.031347,,0.003908571,0.6,,0.004626087,0.620289855
-32.013,0.00024,0.032013,,0.003977143,0.609615385,,0.004678261,0.631884058
-32.68,0.000245,0.03268,,0.004114286,0.626923077,,0.004826087,0.647826087
-33.347,0.00025,0.033347,,0.00424,0.646153846,,0.004956522,0.662318841
-34.014,0.000255,0.034014,,0.004422857,0.669230769,,0.00506087,0.67826087
-34.68,0.00026,0.03468,,0.00456,0.686538462,,0.005173913,0.689855072
-35.347,0.000265,0.035347,,0.004662857,0.701923077,,0.005313043,0.705797101
-36.014,0.00027,0.036014,,0.004811429,0.721153846,,0.005391304,0.717391304
-36.681,0.000275,0.036681,,0.004914286,0.732692308,,0.005495652,0.727536232
-37.347,0.00028,0.037347,,0.005028571,0.742307692,,0.005573913,0.734782609
-38.014,0.000285,0.038014,,0.005108571,0.75,,0.005573913,0.720289855
-38.681,0.00029,0.038681,,0.005211429,0.761538462,,0.005573913,0.702898551
-39.347,0.000295,0.039347,,0.005302857,0.767307692,,0.005573913,0.689855072
-40.014,0.0003,0.040014,,0.005337143,0.763461538,,0.005565217,0.663768116
-40.681,0.000305,0.040681,,0.005348571,0.75,,0.005565217,0.647826087
-41.347,0.00031,0.041347,,0.005371429,0.730769231,,0.005573913,0.624637681
-42.014,0.000315,0.042014,,0.005371429,0.715384615,,0.005573913,0.6
-42.68,0.00032,0.04268,,0.005394286,0.698076923,,0.005573913,0.582608696
-43.347,0.000325,0.043347,,0.005417143,0.676923077,,0.005582609,0.555072464
-44.014,0.00033,0.044014,,0.005428571,0.653846154,,0.005582609,0.524637681
-44.68,0.000335,0.04468,,0.005428571,0.638461538,,0.005591304,0.485507246
-45.347,0.00034,0.045347,,0.00544,0.617307692,,0.0056,0.460869565
-46.013,0.000345,0.046013,,0.005474286,0.588461538,,0.0056,0.44057971
-46.68,0.00035,0.04668,,0.005474286,0.565384615,,0.0056,0.414492754
-47.346,0.000355,0.047346,,0.005508571,0.55,,0.0056,0.389855072
-48.013,0.00036,0.048013,,0.00552,0.526923077,,0.0056,0.35942029
-48.679,0.000365,0.048679,,0.005542857,0.503846154,,0.0056,0.330434783
-49.346,0.00037,0.049346,,0.005554286,0.469230769,,0.005608696,0.295652174
-50.012,0.000375,0.050012,,0.005588571,0.446153846,,0.005608696,0.263768116
-50.678,0.00038,0.050678,,0.005622857,0.419230769,,0.005617391,0.226086957
-51.345,0.000385,0.051345,,0.005645714,0.384615385,,0.005626087,0.188405797
-52.011,0.00039,0.052011,,0.005668571,0.346153846,,0.005626087,0.144927536
-52.678,0.000395,0.052678,,0.005702857,0.319230769,,0.005617391,0.110144928
-53.344,0.0004,0.053344,,0.005714286,0.290384615,,0.005617391,0.086956522
-54.01,0.000405,0.05401,,0.005737143,0.257692308,,0.005617391,0.072463768
-54.677,0.00041,0.054677,,0.005771429,0.234615385,,0.005626087,0.055072464
-55.343,0.000415,0.055343,,0.005748571,0.211538462,,,
-56.009,0.00042,0.056009,,0.005782857,0.184615385,,,
-56.675,0.000425,0.056675,,0.00576,0.167307692,,,
-57.342,0.00043,0.057342,,0.005782857,0.144230769,,,
-58.008,0.000435,0.058008,,0.005794286,0.121153846,,,
-58.674,0.00044,0.058674,,0.005782857,0.090384615,,,
-59.34,0.000445,0.05934,,0.005794286,0.059615385,,,
-60.006,0.00045,0.060006,,0.005794286,0.038461538,,,
-60.673,0.000455,0.060673,,0.005817143,0.019230769,,,
-61.339,0.00046,0.061339,,0.005805714,0.005769231,,,
-62.005,0.000465,0.062005,,,,,,
-62.671,0.00047,0.062671,,,,,,
-63.337,0.000475,0.063337,,,,,,
-64.003,0.00048,0.064003,,,,,,
-64.669,0.000485,0.064669,,,,,,
-65.335,0.00049,0.065335,,,,,,
-66.001,0.000495,0.066001,,,,,,
-66.667,0.0005,0.066667,,,,,,
-67.333,0.000505,0.067333,,,,,,
-67.999,0.00051,0.067999,,,,,,
-68.665,0.000515,0.068665,,,,,,
-69.331,0.00052,0.069331,,,,,,
-69.996,0.000525,0.069996,,,,,,
-70.662,0.00053,0.070662,,,,,,
-71.328,0.000535,0.071328,,,,,,
-71.994,0.00054,0.071994,,,,,,
-72.66,0.000545,0.07266,,,,,,
-73.325,0.00055,0.073325,,,,,,
-73.991,0.000555,0.073991,,,,,,
-74.657,0.00056,0.074657,,,,,,
-75.322,0.000565,0.075322,,,,,,
-75.988,0.00057,0.075988,,,,,,
-76.654,0.000575,0.076654,,,,,,
-77.319,0.00058,0.077319,,,,,,
-77.985,0.000585,0.077985,,,,,,
-78.65,0.00059,0.07865,,,,,,
-79.316,0.000595,0.079316,,,,,,
-79.981,0.0006,0.079981,,,,,,
-80.647,0.000605,0.080647,,,,,,
-81.312,0.00061,0.081312,,,,,,
-81.978,0.000615,0.081978,,,,,,
-82.643,0.00062,0.082643,,,,,,
-83.308,0.000625,0.083308,,,,,,
-83.974,0.00063,0.083974,,,,,,
-84.639,0.000635,0.084639,,,,,,
-85.304,0.00064,0.085304,,,,,,
-85.969,0.000645,0.085969,,,,,,
-86.635,0.00065,0.086635,,,,,,
-87.3,0.000655,0.0873,,,,,,
-87.965,0.00066,0.087965,,,,,,
-88.63,0.000665,0.08863,,,,,,
-89.295,0.00067,0.089295,,,,,,
-89.96,0.000675,0.08996,,,,,,
-90.625,0.00068,0.090625,,,,,,
-91.29,0.000685,0.09129,,,,,,
-91.955,0.00069,0.091955,,,,,,
-92.62,0.000695,0.09262,,,,,,
-93.285,0.0007,0.093285,,,,,,
-93.95,0.000705,0.09395,,,,,,
-94.615,0.00071,0.094615,,,,,,
-95.28,0.000715,0.09528,,,,,,
-95.945,0.00072,0.095945,,,,,,
-96.609,0.000725,0.096609,,,,,,
-97.274,0.00073,0.097274,,,,,,
-97.939,0.000735,0.097939,,,,,,
-98.604,0.00074,0.098604,,,,,,
-99.268,0.000745,0.099268,,,,,,
-99.933,0.00075,0.099933,,,,,,
-100.6,0.000755,0.1006,,,,,,
-101.26,0.00076,0.10126,,,,,,
-101.93,0.000765,0.10193,,,,,,
-102.59,0.00077,0.10259,,,,,,
-103.26,0.000775,0.10326,,,,,,
-103.92,0.00078,0.10392,,,,,,
-104.58,0.000785,0.10458,,,,,,
-105.25,0.00079,0.10525,,,,,,
-105.91,0.000795,0.10591,,,,,,
-106.58,0.0008,0.10658,,,,,,
-107.24,0.000805,0.10724,,,,,,
-107.91,0.00081,0.10791,,,,,,
-108.57,0.000815,0.10857,,,,,,
-109.23,0.00082,0.10923,,,,,,
-109.9,0.000825,0.1099,,,,,,
-110.56,0.00083,0.11056,,,,,,
-111.23,0.000835,0.11123,,,,,,
-111.89,0.00084,0.11189,,,,,,
-112.55,0.000845,0.11255,,,,,,
-113.22,0.00085,0.11322,,,,,,
-113.88,0.000855,0.11388,,,,,,
-114.55,0.00086,0.11455,,,,,,
-115.21,0.000865,0.11521,,,,,,
-115.87,0.00087,0.11587,,,,,,
-116.54,0.000875,0.11654,,,,,,
-117.2,0.00088,0.1172,,,,,,
-117.86,0.000885,0.11786,,,,,,
-118.53,0.00089,0.11853,,,,,,
-119.19,0.000895,0.11919,,,,,,
-119.86,0.0009,0.11986,,,,,,
-120.52,0.000905,0.12052,,,,,,
-121.18,0.00091,0.12118,,,,,,
-121.85,0.000915,0.12185,,,,,,
-122.51,0.00092,0.12251,,,,,,
-123.17,0.000925,0.12317,,,,,,
-123.84,0.00093,0.12384,,,,,,
-124.5,0.000935,0.1245,,,,,,
-125.16,0.00094,0.12516,,,,,,
-125.83,0.000945,0.12583,,,,,,
-126.49,0.00095,0.12649,,,,,,
-127.15,0.000955,0.12715,,,,,,
-127.81,0.00096,0.12781,,,,,,
-128.48,0.000965,0.12848,,,,,,
-129.14,0.00097,0.12914,,,,,,
-129.8,0.000975,0.1298,,,,,,
-130.47,0.00098,0.13047,,,,,,
-131.13,0.000985,0.13113,,,,,,
-131.79,0.00099,0.13179,,,,,,
-132.45,0.000995,0.13245,,,,,,
-133.12,0.001,0.13312,,,,,,
-133.78,0.001005,0.13378,,,,,,
-134.44,0.00101,0.13444,,,,,,
-135.11,0.001015,0.13511,,,,,,
-135.77,0.00102,0.13577,,,,,,
-136.43,0.001025,0.13643,,,,,,
-137.09,0.00103,0.13709,,,,,,
-137.76,0.001035,0.13776,,,,,,
-138.42,0.00104,0.13842,,,,,,
-139.08,0.001045,0.13908,,,,,,
-139.74,0.00105,0.13974,,,,,,
-140.4,0.001055,0.1404,,,,,,
-141.07,0.00106,0.14107,,,,,,
-141.73,0.001065,0.14173,,,,,,
-142.39,0.00107,0.14239,,,,,,
-143.05,0.001075,0.14305,,,,,,
-143.72,0.00108,0.14372,,,,,,
-144.38,0.001085,0.14438,,,,,,
-145.04,0.00109,0.14504,,,,,,
-145.7,0.001095,0.1457,,,,,,
-146.36,0.0011,0.14636,,,,,,
-147.02,0.001105,0.14702,,,,,,
-147.69,0.00111,0.14769,,,,,,
-148.35,0.001115,0.14835,,,,,,
-149.01,0.00112,0.14901,,,,,,
-149.67,0.001125,0.14967,,,,,,
-150.33,0.00113,0.15033,,,,,,
-150.99,0.001135,0.15099,,,,,,
-151.66,0.00114,0.15166,,,,,,
-152.32,0.001145,0.15232,,,,,,
-152.98,0.00115,0.15298,,,,,,
-153.64,0.001155,0.15364,,,,,,
-154.3,0.00116,0.1543,,,,,,
-154.96,0.001165,0.15496,,,,,,
-155.62,0.00117,0.15562,,,,,,
-156.28,0.001175,0.15628,,,,,,
-156.95,0.00118,0.15695,,,,,,
-157.61,0.001185,0.15761,,,,,,
-158.27,0.00119,0.15827,,,,,,
-158.93,0.001195,0.15893,,,,,,
-159.59,0.0012,0.15959,,,,,,
-160.25,0.001205,0.16025,,,,,,
-160.91,0.00121,0.16091,,,,,,
-161.57,0.001215,0.16157,,,,,,
-162.23,0.00122,0.16223,,,,,,
-162.89,0.001225,0.16289,,,,,,
-163.55,0.00123,0.16355,,,,,,
-164.21,0.001235,0.16421,,,,,,
-164.87,0.00124,0.16487,,,,,,
-165.53,0.001245,0.16553,,,,,,
-166.19,0.00125,0.16619,,,,,,
-166.85,0.001255,0.16685,,,,,,
-167.51,0.00126,0.16751,,,,,,
-168.17,0.001265,0.16817,,,,,,
-168.83,0.00127,0.16883,,,,,,
-169.49,0.001275,0.16949,,,,,,
-170.15,0.00128,0.17015,,,,,,
-170.81,0.001285,0.17081,,,,,,
-171.47,0.00129,0.17147,,,,,,
-172.13,0.001295,0.17213,,,,,,
-172.79,0.0013,0.17279,,,,,,
-173.45,0.001305,0.17345,,,,,,
-174.11,0.00131,0.17411,,,,,,
-174.77,0.001315,0.17477,,,,,,
-175.43,0.00132,0.17543,,,,,,
-176.09,0.001325,0.17609,,,,,,
-176.75,0.00133,0.17675,,,,,,
-177.41,0.001335,0.17741,,,,,,
-178.07,0.00134,0.17807,,,,,,
-178.73,0.001345,0.17873,,,,,,
-179.39,0.00135,0.17939,,,,,,
-180.05,0.001355,0.18005,,,,,,
-180.71,0.00136,0.18071,,,,,,
-181.37,0.001365,0.18137,,,,,,
-182.02,0.00137,0.18202,,,,,,
-182.68,0.001375,0.18268,,,,,,
-183.34,0.00138,0.18334,,,,,,
-184,0.001385,0.184,,,,,,
-184.66,0.00139,0.18466,,,,,,
-185.32,0.001395,0.18532,,,,,,
-185.98,0.0014,0.18598,,,,,,
-186.64,0.001405,0.18664,,,,,,
-187.29,0.00141,0.18729,,,,,,
-187.95,0.001415,0.18795,,,,,,
-188.61,0.00142,0.18861,,,,,,
-189.27,0.001425,0.18927,,,,,,
-189.93,0.00143,0.18993,,,,,,
-190.59,0.001435,0.19059,,,,,,
-191.24,0.00144,0.19124,,,,,,
-191.9,0.001445,0.1919,,,,,,
-192.56,0.00145,0.19256,,,,,,
-193.22,0.001455,0.19322,,,,,,
-193.87,0.00146,0.19387,,,,,,
-194.53,0.001465,0.19453,,,,,,
-195.19,0.00147,0.19519,,,,,,
-195.85,0.001475,0.19585,,,,,,
-196.51,0.00148,0.19651,,,,,,
-197.16,0.001485,0.19716,,,,,,
-197.82,0.00149,0.19782,,,,,,
-198.48,0.001495,0.19848,,,,,,
-199.14,0.0015,0.19914,,,,,,
-199.79,0.001505,0.19979,,,,,,
-200.45,0.00151,0.20045,,,,,,
-201.11,0.001515,0.20111,,,,,,
-201.76,0.00152,0.20176,,,,,,
-202.42,0.001525,0.20242,,,,,,
-203.08,0.00153,0.20308,,,,,,
-203.73,0.001535,0.20373,,,,,,
-204.39,0.00154,0.20439,,,,,,
-205.05,0.001545,0.20505,,,,,,
-205.7,0.00155,0.2057,,,,,,
-206.36,0.001555,0.20636,,,,,,
-207.02,0.00156,0.20702,,,,,,
-207.67,0.001565,0.20767,,,,,,
-208.33,0.00157,0.20833,,,,,,
-208.99,0.001575,0.20899,,,,,,
-209.64,0.00158,0.20964,,,,,,
-210.3,0.001585,0.2103,,,,,,
-210.96,0.00159,0.21096,,,,,,
-211.61,0.001595,0.21161,,,,,,
-212.27,0.0016,0.21227,,,,,,
-212.92,0.001605,0.21292,,,,,,
-213.58,0.00161,0.21358,,,,,,
-214.24,0.001615,0.21424,,,,,,
-214.89,0.00162,0.21489,,,,,,
-215.55,0.001625,0.21555,,,,,,
-216.2,0.00163,0.2162,,,,,,
-216.86,0.001635,0.21686,,,,,,
-217.51,0.00164,0.21751,,,,,,
-218.17,0.001645,0.21817,,,,,,
-218.82,0.00165,0.21882,,,,,,
-219.48,0.001655,0.21948,,,,,,
-220.13,0.00166,0.22013,,,,,,
-220.79,0.001665,0.22079,,,,,,
-221.44,0.00167,0.22144,,,,,,
-222.1,0.001675,0.2221,,,,,,
-222.75,0.00168,0.22275,,,,,,
-223.41,0.001685,0.22341,,,,,,
-224.06,0.00169,0.22406,,,,,,
-224.72,0.001695,0.22472,,,,,,
-225.37,0.0017,0.22537,,,,,,
-226.03,0.001705,0.22603,,,,,,
-226.68,0.00171,0.22668,,,,,,
-227.34,0.001715,0.22734,,,,,,
-227.99,0.00172,0.22799,,,,,,
-228.64,0.001725,0.22864,,,,,,
-229.3,0.00173,0.2293,,,,,,
-229.95,0.001735,0.22995,,,,,,
-230.61,0.00174,0.23061,,,,,,
-231.26,0.001745,0.23126,,,,,,
-231.91,0.00175,0.23191,,,,,,
-232.57,0.001755,0.23257,,,,,,
-233.22,0.00176,0.23322,,,,,,
-233.87,0.001765,0.23387,,,,,,
-234.53,0.00177,0.23453,,,,,,
-235.18,0.001775,0.23518,,,,,,
-235.83,0.00178,0.23583,,,,,,
-236.49,0.001785,0.23649,,,,,,
-237.14,0.00179,0.23714,,,,,,
-237.79,0.001795,0.23779,,,,,,
-238.45,0.0018,0.23845,,,,,,
-239.1,0.001805,0.2391,,,,,,
-239.75,0.00181,0.23975,,,,,,
-240.41,0.001815,0.24041,,,,,,
-241.06,0.00182,0.24106,,,,,,
-241.71,0.001825,0.24171,,,,,,
-242.36,0.00183,0.24236,,,,,,
-243.02,0.001835,0.24302,,,,,,
-243.67,0.00184,0.24367,,,,,,
-244.32,0.001845,0.24432,,,,,,
-244.97,0.00185,0.24497,,,,,,
-245.63,0.001855,0.24563,,,,,,
-246.28,0.00186,0.24628,,,,,,
-246.93,0.001865,0.24693,,,,,,
-247.58,0.00187,0.24758,,,,,,
-248.23,0.001875,0.24823,,,,,,
-248.88,0.00188,0.24888,,,,,,
-249.54,0.001885,0.24954,,,,,,
-250.19,0.00189,0.25019,,,,,,
-250.84,0.001895,0.25084,,,,,,
-251.49,0.0019,0.25149,,,,,,
-252.14,0.001905,0.25214,,,,,,
-252.79,0.00191,0.25279,,,,,,
-253.44,0.001915,0.25344,,,,,,
-254.1,0.00192,0.2541,,,,,,
-254.75,0.001925,0.25475,,,,,,
-255.4,0.00193,0.2554,,,,,,
-256.05,0.001935,0.25605,,,,,,
-256.7,0.00194,0.2567,,,,,,
-257.35,0.001945,0.25735,,,,,,
-258,0.00195,0.258,,,,,,
-258.65,0.001955,0.25865,,,,,,
-259.3,0.00196,0.2593,,,,,,
-259.95,0.001965,0.25995,,,,,,
-260.6,0.00197,0.2606,,,,,,
-261.25,0.001975,0.26125,,,,,,
-261.9,0.00198,0.2619,,,,,,
-262.55,0.001985,0.26255,,,,,,
-263.2,0.00199,0.2632,,,,,,
-263.85,0.001995,0.26385,,,,,,
-264.5,0.002,0.2645,,,,,,
-265.15,0.002005,0.26515,,,,,,
-265.8,0.00201,0.2658,,,,,,
-266.45,0.002015,0.26645,,,,,,
-267.1,0.00202,0.2671,,,,,,
-267.75,0.002025,0.26775,,,,,,
-268.4,0.00203,0.2684,,,,,,
-269.05,0.002035,0.26905,,,,,,
-269.7,0.00204,0.2697,,,,,,
-270.35,0.002045,0.27035,,,,,,
-270.99,0.00205,0.27099,,,,,,
-271.64,0.002055,0.27164,,,,,,
-272.29,0.00206,0.27229,,,,,,
-272.94,0.002065,0.27294,,,,,,
-273.59,0.00207,0.27359,,,,,,
-274.24,0.002075,0.27424,,,,,,
-274.89,0.00208,0.27489,,,,,,
-275.53,0.002085,0.27553,,,,,,
-276.18,0.00209,0.27618,,,,,,
-276.83,0.002095,0.27683,,,,,,
-277.48,0.0021,0.27748,,,,,,
-278.13,0.002105,0.27813,,,,,,
-278.77,0.00211,0.27877,,,,,,
-279.42,0.002115,0.27942,,,,,,
-280.07,0.00212,0.28007,,,,,,
-280.72,0.002125,0.28072,,,,,,
-281.36,0.00213,0.28136,,,,,,
-282.01,0.002135,0.28201,,,,,,
-282.66,0.00214,0.28266,,,,,,
-283.3,0.002145,0.2833,,,,,,
-283.95,0.00215,0.28395,,,,,,
-284.6,0.002155,0.2846,,,,,,
-285.25,0.00216,0.28525,,,,,,
-285.89,0.002165,0.28589,,,,,,
-286.54,0.00217,0.28654,,,,,,
-287.19,0.002175,0.28719,,,,,,
-287.83,0.00218,0.28783,,,,,,
-288.48,0.002185,0.28848,,,,,,
-289.12,0.00219,0.28912,,,,,,
-289.77,0.002195,0.28977,,,,,,
-290.42,0.0022,0.29042,,,,,,
-291.06,0.002205,0.29106,,,,,,
-291.71,0.00221,0.29171,,,,,,
-292.35,0.002215,0.29235,,,,,,
-293,0.00222,0.293,,,,,,
-293.65,0.002225,0.29365,,,,,,
-294.29,0.00223,0.29429,,,,,,
-294.94,0.002235,0.29494,,,,,,
-295.58,0.00224,0.29558,,,,,,
-296.23,0.002245,0.29623,,,,,,
-296.87,0.00225,0.29687,,,,,,
-297.52,0.002255,0.29752,,,,,,
-298.16,0.00226,0.29816,,,,,,
-298.81,0.002265,0.29881,,,,,,
-299.45,0.00227,0.29945,,,,,,
-300.1,0.002275,0.3001,,,,,,
-300.74,0.00228,0.30074,,,,,,
-301.38,0.002285,0.30138,,,,,,
-302.03,0.00229,0.30203,,,,,,
-302.67,0.002295,0.30267,,,,,,
-303.32,0.0023,0.30332,,,,,,
-303.96,0.002305,0.30396,,,,,,
-304.61,0.00231,0.30461,,,,,,
-305.25,0.002315,0.30525,,,,,,
-305.89,0.00232,0.30589,,,,,,
-306.54,0.002325,0.30654,,,,,,
-307.18,0.00233,0.30718,,,,,,
-307.82,0.002335,0.30782,,,,,,
-308.47,0.00234,0.30847,,,,,,
-309.11,0.002345,0.30911,,,,,,
-309.75,0.00235,0.30975,,,,,,
-310.4,0.002355,0.3104,,,,,,
-311.04,0.00236,0.31104,,,,,,
-311.68,0.002365,0.31168,,,,,,
-312.32,0.00237,0.31232,,,,,,
-312.97,0.002375,0.31297,,,,,,
-313.61,0.00238,0.31361,,,,,,
-314.25,0.002385,0.31425,,,,,,
-314.89,0.00239,0.31489,,,,,,
-315.54,0.002395,0.31554,,,,,,
-316.18,0.0024,0.31618,,,,,,
-316.82,0.002405,0.31682,,,,,,
-317.46,0.00241,0.31746,,,,,,
-318.1,0.002415,0.3181,,,,,,
-318.74,0.00242,0.31874,,,,,,
-319.39,0.002425,0.31939,,,,,,
-320.03,0.00243,0.32003,,,,,,
-320.67,0.002435,0.32067,,,,,,
-321.31,0.00244,0.32131,,,,,,
-321.95,0.002445,0.32195,,,,,,
-322.59,0.00245,0.32259,,,,,,
-323.23,0.002455,0.32323,,,,,,
-323.87,0.00246,0.32387,,,,,,
-324.51,0.002465,0.32451,,,,,,
-325.15,0.00247,0.32515,,,,,,
-325.8,0.002475,0.3258,,,,,,
-326.44,0.00248,0.32644,,,,,,
-327.08,0.002485,0.32708,,,,,,
-327.72,0.00249,0.32772,,,,,,
-328.36,0.002495,0.32836,,,,,,
-329,0.0025,0.329,,,,,,
-329.64,0.002505,0.32964,,,,,,
-330.28,0.00251,0.33028,,,,,,
-330.91,0.002515,0.33091,,,,,,
-331.55,0.00252,0.33155,,,,,,
-332.19,0.002525,0.33219,,,,,,
-332.83,0.00253,0.33283,,,,,,
-333.47,0.002535,0.33347,,,,,,
-334.11,0.00254,0.33411,,,,,,
-334.75,0.002545,0.33475,,,,,,
-335.39,0.00255,0.33539,,,,,,
-336.03,0.002555,0.33603,,,,,,
-336.67,0.00256,0.33667,,,,,,
-337.3,0.002565,0.3373,,,,,,
-337.94,0.00257,0.33794,,,,,,
-338.58,0.002575,0.33858,,,,,,
-339.22,0.00258,0.33922,,,,,,
-339.86,0.002585,0.33986,,,,,,
-340.49,0.00259,0.34049,,,,,,
-341.13,0.002595,0.34113,,,,,,
-341.77,0.0026,0.34177,,,,,,
-342.41,0.002605,0.34241,,,,,,
-343.05,0.00261,0.34305,,,,,,
-343.68,0.002615,0.34368,,,,,,
-344.32,0.00262,0.34432,,,,,,
-344.96,0.002625,0.34496,,,,,,
-345.59,0.00263,0.34559,,,,,,
-346.23,0.002635,0.34623,,,,,,
-346.87,0.00264,0.34687,,,,,,
-347.5,0.002645,0.3475,,,,,,
-348.14,0.00265,0.34814,,,,,,
-348.78,0.002655,0.34878,,,,,,
-349.41,0.00266,0.34941,,,,,,
-350.05,0.002665,0.35005,,,,,,
-350.69,0.00267,0.35069,,,,,,
-351.32,0.002675,0.35132,,,,,,
-351.96,0.00268,0.35196,,,,,,
-352.59,0.002685,0.35259,,,,,,
-353.23,0.00269,0.35323,,,,,,
-353.86,0.002695,0.35386,,,,,,
-354.5,0.0027,0.3545,,,,,,
-355.13,0.002705,0.35513,,,,,,
-355.77,0.00271,0.35577,,,,,,
-356.4,0.002715,0.3564,,,,,,
-357.04,0.00272,0.35704,,,,,,
-357.67,0.002725,0.35767,,,,,,
-358.31,0.00273,0.35831,,,,,,
-358.94,0.002735,0.35894,,,,,,
-359.58,0.00274,0.35958,,,,,,
-360.21,0.002745,0.36021,,,,,,
-360.85,0.00275,0.36085,,,,,,
-361.48,0.002755,0.36148,,,,,,
-362.11,0.00276,0.36211,,,,,,
-362.75,0.002765,0.36275,,,,,,
-363.38,0.00277,0.36338,,,,,,
-364.01,0.002775,0.36401,,,,,,
-364.65,0.00278,0.36465,,,,,,
-365.28,0.002785,0.36528,,,,,,
-365.91,0.00279,0.36591,,,,,,
-366.55,0.002795,0.36655,,,,,,
-367.18,0.0028,0.36718,,,,,,
-367.81,0.002805,0.36781,,,,,,
-368.45,0.00281,0.36845,,,,,,
-369.08,0.002815,0.36908,,,,,,
-369.71,0.00282,0.36971,,,,,,
-370.34,0.002825,0.37034,,,,,,
-370.97,0.00283,0.37097,,,,,,
-371.61,0.002835,0.37161,,,,,,
-372.24,0.00284,0.37224,,,,,,
-372.87,0.002845,0.37287,,,,,,
-373.5,0.00285,0.3735,,,,,,
-374.13,0.002855,0.37413,,,,,,
-374.77,0.00286,0.37477,,,,,,
-375.4,0.002865,0.3754,,,,,,
-376.03,0.00287,0.37603,,,,,,
-376.66,0.002875,0.37666,,,,,,
-377.29,0.00288,0.37729,,,,,,
-377.92,0.002885,0.37792,,,,,,
-378.55,0.00289,0.37855,,,,,,
-379.18,0.002895,0.37918,,,,,,
-379.81,0.0029,0.37981,,,,,,
-380.44,0.002905,0.38044,,,,,,
-381.07,0.00291,0.38107,,,,,,
-381.7,0.002915,0.3817,,,,,,
-382.33,0.00292,0.38233,,,,,,
-382.96,0.002925,0.38296,,,,,,
-383.59,0.00293,0.38359,,,,,,
-384.22,0.002935,0.38422,,,,,,
-384.85,0.00294,0.38485,,,,,,
-385.48,0.002945,0.38548,,,,,,
-386.11,0.00295,0.38611,,,,,,
-386.74,0.002955,0.38674,,,,,,
-387.37,0.00296,0.38737,,,,,,
-387.99,0.002965,0.38799,,,,,,
-388.62,0.00297,0.38862,,,,,,
-389.25,0.002975,0.38925,,,,,,
-389.88,0.00298,0.38988,,,,,,
-390.51,0.002985,0.39051,,,,,,
-391.14,0.00299,0.39114,,,,,,
-391.76,0.002995,0.39176,,,,,,
-392.39,0.003,0.39239,,,,,,
-393.02,0.003005,0.39302,,,,,,
-393.65,0.00301,0.39365,,,,,,
-394.27,0.003015,0.39427,,,,,,
-394.9,0.00302,0.3949,,,,,,
-395.53,0.003025,0.39553,,,,,,
-396.16,0.00303,0.39616,,,,,,
-396.78,0.003035,0.39678,,,,,,
-397.41,0.00304,0.39741,,,,,,
-398.04,0.003045,0.39804,,,,,,
-398.66,0.00305,0.39866,,,,,,
-399.29,0.003055,0.39929,,,,,,
-399.91,0.00306,0.39991,,,,,,
-400.54,0.003065,0.40054,,,,,,
-401.17,0.00307,0.40117,,,,,,
-401.79,0.003075,0.40179,,,,,,
-402.42,0.00308,0.40242,,,,,,
-403.04,0.003085,0.40304,,,,,,
-403.67,0.00309,0.40367,,,,,,
-404.29,0.003095,0.40429,,,,,,
-404.92,0.0031,0.40492,,,,,,
-405.54,0.003105,0.40554,,,,,,
-406.17,0.00311,0.40617,,,,,,
-406.79,0.003115,0.40679,,,,,,
-407.42,0.00312,0.40742,,,,,,
-408.04,0.003125,0.40804,,,,,,
-408.67,0.00313,0.40867,,,,,,
-409.29,0.003135,0.40929,,,,,,
-409.91,0.00314,0.40991,,,,,,
-410.54,0.003145,0.41054,,,,,,
-411.16,0.00315,0.41116,,,,,,
-411.78,0.003155,0.41178,,,,,,
-412.41,0.00316,0.41241,,,,,,
-413.03,0.003165,0.41303,,,,,,
-413.65,0.00317,0.41365,,,,,,
-414.28,0.003175,0.41428,,,,,,
-414.9,0.00318,0.4149,,,,,,
-415.52,0.003185,0.41552,,,,,,
-416.15,0.00319,0.41615,,,,,,
-416.77,0.003195,0.41677,,,,,,
-417.39,0.0032,0.41739,,,,,,
-418.01,0.003205,0.41801,,,,,,
-418.63,0.00321,0.41863,,,,,,
-419.26,0.003215,0.41926,,,,,,
-419.88,0.00322,0.41988,,,,,,
-420.5,0.003225,0.4205,,,,,,
-421.12,0.00323,0.42112,,,,,,
-421.74,0.003235,0.42174,,,,,,
-422.36,0.00324,0.42236,,,,,,
-422.98,0.003245,0.42298,,,,,,
-423.6,0.00325,0.4236,,,,,,
-424.22,0.003255,0.42422,,,,,,
-424.85,0.00326,0.42485,,,,,,
-425.47,0.003265,0.42547,,,,,,
-426.09,0.00327,0.42609,,,,,,
-426.71,0.003275,0.42671,,,,,,
-427.33,0.00328,0.42733,,,,,,
-427.95,0.003285,0.42795,,,,,,
-428.57,0.00329,0.42857,,,,,,
-429.18,0.003295,0.42918,,,,,,
-429.8,0.0033,0.4298,,,,,,
-430.42,0.003305,0.43042,,,,,,
-431.04,0.00331,0.43104,,,,,,
-431.66,0.003315,0.43166,,,,,,
-432.28,0.00332,0.43228,,,,,,
-432.9,0.003325,0.4329,,,,,,
-433.52,0.00333,0.43352,,,,,,
-434.14,0.003335,0.43414,,,,,,
-434.75,0.00334,0.43475,,,,,,
-435.37,0.003345,0.43537,,,,,,
-435.99,0.00335,0.43599,,,,,,
-436.61,0.003355,0.43661,,,,,,
-437.22,0.00336,0.43722,,,,,,
-437.84,0.003365,0.43784,,,,,,
-438.46,0.00337,0.43846,,,,,,
-439.08,0.003375,0.43908,,,,,,
-439.69,0.00338,0.43969,,,,,,
-440.31,0.003385,0.44031,,,,,,
-440.93,0.00339,0.44093,,,,,,
-441.54,0.003395,0.44154,,,,,,
-442.16,0.0034,0.44216,,,,,,
-442.77,0.003405,0.44277,,,,,,
-443.39,0.00341,0.44339,,,,,,
-444.01,0.003415,0.44401,,,,,,
-444.62,0.00342,0.44462,,,,,,
-445.24,0.003425,0.44524,,,,,,
-445.85,0.00343,0.44585,,,,,,
-446.47,0.003435,0.44647,,,,,,
-447.08,0.00344,0.44708,,,,,,
-447.7,0.003445,0.4477,,,,,,
-448.31,0.00345,0.44831,,,,,,
-448.93,0.003455,0.44893,,,,,,
-449.54,0.00346,0.44954,,,,,,
-450.16,0.003465,0.45016,,,,,,
-450.77,0.00347,0.45077,,,,,,
-451.38,0.003475,0.45138,,,,,,
-452,0.00348,0.452,,,,,,
-452.61,0.003485,0.45261,,,,,,
-453.23,0.00349,0.45323,,,,,,
-453.84,0.003495,0.45384,,,,,,
-454.45,0.0035,0.45445,,,,,,
-455.06,0.003505,0.45506,,,,,,
-455.68,0.00351,0.45568,,,,,,
-456.29,0.003515,0.45629,,,,,,
-456.9,0.00352,0.4569,,,,,,
-457.52,0.003525,0.45752,,,,,,
-458.13,0.00353,0.45813,,,,,,
-458.74,0.003535,0.45874,,,,,,
-459.35,0.00354,0.45935,,,,,,
-459.96,0.003545,0.45996,,,,,,
-460.57,0.00355,0.46057,,,,,,
-461.19,0.003555,0.46119,,,,,,
-461.8,0.00356,0.4618,,,,,,
-462.41,0.003565,0.46241,,,,,,
-463.02,0.00357,0.46302,,,,,,
-463.63,0.003575,0.46363,,,,,,
-464.24,0.00358,0.46424,,,,,,
-464.85,0.003585,0.46485,,,,,,
-465.46,0.00359,0.46546,,,,,,
-466.07,0.003595,0.46607,,,,,,
-466.68,0.0036,0.46668,,,,,,
-467.29,0.003605,0.46729,,,,,,
-467.9,0.00361,0.4679,,,,,,
-468.51,0.003615,0.46851,,,,,,
-469.12,0.00362,0.46912,,,,,,
-469.73,0.003625,0.46973,,,,,,
-470.34,0.00363,0.47034,,,,,,
-470.95,0.003635,0.47095,,,,,,
-471.56,0.00364,0.47156,,,,,,
-472.16,0.003645,0.47216,,,,,,
-472.77,0.00365,0.47277,,,,,,
-473.38,0.003655,0.47338,,,,,,
-473.99,0.00366,0.47399,,,,,,
-474.6,0.003665,0.4746,,,,,,
-475.2,0.00367,0.4752,,,,,,
-475.81,0.003675,0.47581,,,,,,
-476.42,0.00368,0.47642,,,,,,
-477.03,0.003685,0.47703,,,,,,
-477.63,0.00369,0.47763,,,,,,
-478.24,0.003695,0.47824,,,,,,
-478.85,0.0037,0.47885,,,,,,
-479.45,0.003705,0.47945,,,,,,
-480.06,0.00371,0.48006,,,,,,
-480.66,0.003715,0.48066,,,,,,
-481.27,0.00372,0.48127,,,,,,
-481.88,0.003725,0.48188,,,,,,
-482.48,0.00373,0.48248,,,,,,
-483.09,0.003735,0.48309,,,,,,
-483.69,0.00374,0.48369,,,,,,
-484.3,0.003745,0.4843,,,,,,
-484.9,0.00375,0.4849,,,,,,
-485.51,0.003755,0.48551,,,,,,
-486.11,0.00376,0.48611,,,,,,
-486.72,0.003765,0.48672,,,,,,
-487.32,0.00377,0.48732,,,,,,
-487.92,0.003775,0.48792,,,,,,
-488.53,0.00378,0.48853,,,,,,
-489.13,0.003785,0.48913,,,,,,
-489.73,0.00379,0.48973,,,,,,
-490.34,0.003795,0.49034,,,,,,
-490.94,0.0038,0.49094,,,,,,
-491.54,0.003805,0.49154,,,,,,
-492.15,0.00381,0.49215,,,,,,
-492.75,0.003815,0.49275,,,,,,
-493.35,0.00382,0.49335,,,,,,
-493.95,0.003825,0.49395,,,,,,
-494.56,0.00383,0.49456,,,,,,
-495.16,0.003835,0.49516,,,,,,
-495.76,0.00384,0.49576,,,,,,
-496.36,0.003845,0.49636,,,,,,
-496.96,0.00385,0.49696,,,,,,
-497.56,0.003855,0.49756,,,,,,
-498.16,0.00386,0.49816,,,,,,
-498.77,0.003865,0.49877,,,,,,
-499.37,0.00387,0.49937,,,,,,
-499.97,0.003875,0.49997,,,,,,
-500.57,0.00388,0.50057,,,,,,
-501.17,0.003885,0.50117,,,,,,
-501.77,0.00389,0.50177,,,,,,
-502.37,0.003895,0.50237,,,,,,
-502.97,0.0039,0.50297,,,,,,
-503.57,0.003905,0.50357,,,,,,
-504.16,0.00391,0.50416,,,,,,
-504.76,0.003915,0.50476,,,,,,
-505.36,0.00392,0.50536,,,,,,
-505.96,0.003925,0.50596,,,,,,
-506.56,0.00393,0.50656,,,,,,
-507.16,0.003935,0.50716,,,,,,
-507.76,0.00394,0.50776,,,,,,
-508.35,0.003945,0.50835,,,,,,
-508.95,0.00395,0.50895,,,,,,
-509.55,0.003955,0.50955,,,,,,
-510.15,0.00396,0.51015,,,,,,
-510.74,0.003965,0.51074,,,,,,
-511.34,0.00397,0.51134,,,,,,
-511.94,0.003975,0.51194,,,,,,
-512.53,0.00398,0.51253,,,,,,
-513.13,0.003985,0.51313,,,,,,
-513.73,0.00399,0.51373,,,,,,
-514.32,0.003995,0.51432,,,,,,
-514.92,0.004,0.51492,,,,,,
-515.51,0.004005,0.51551,,,,,,
-516.11,0.00401,0.51611,,,,,,
-516.7,0.004015,0.5167,,,,,,
-517.3,0.00402,0.5173,,,,,,
-517.89,0.004025,0.51789,,,,,,
-518.49,0.00403,0.51849,,,,,,
-519.08,0.004035,0.51908,,,,,,
-519.68,0.00404,0.51968,,,,,,
-520.27,0.004045,0.52027,,,,,,
-520.87,0.00405,0.52087,,,,,,
-521.46,0.004055,0.52146,,,,,,
-522.05,0.00406,0.52205,,,,,,
-522.65,0.004065,0.52265,,,,,,
-523.24,0.00407,0.52324,,,,,,
-523.83,0.004075,0.52383,,,,,,
-524.43,0.00408,0.52443,,,,,,
-525.02,0.004085,0.52502,,,,,,
-525.61,0.00409,0.52561,,,,,,
-526.2,0.004095,0.5262,,,,,,
-526.79,0.0041,0.52679,,,,,,
-527.39,0.004105,0.52739,,,,,,
-527.98,0.00411,0.52798,,,,,,
-528.57,0.004115,0.52857,,,,,,
-529.16,0.00412,0.52916,,,,,,
-529.75,0.004125,0.52975,,,,,,
-530.34,0.00413,0.53034,,,,,,
-530.93,0.004135,0.53093,,,,,,
-531.52,0.00414,0.53152,,,,,,
-532.11,0.004145,0.53211,,,,,,
-532.7,0.00415,0.5327,,,,,,
-533.29,0.004155,0.53329,,,,,,
-533.88,0.00416,0.53388,,,,,,
-534.47,0.004165,0.53447,,,,,,
-535.06,0.00417,0.53506,,,,,,
-535.65,0.004175,0.53565,,,,,,
-536.24,0.00418,0.53624,,,,,,
-536.83,0.004185,0.53683,,,,,,
-537.42,0.00419,0.53742,,,,,,
-538,0.004195,0.538,,,,,,
-538.59,0.0042,0.53859,,,,,,
-539.18,0.004205,0.53918,,,,,,
-539.77,0.00421,0.53977,,,,,,
-540.35,0.004215,0.54035,,,,,,
-540.94,0.00422,0.54094,,,,,,
-541.53,0.004225,0.54153,,,,,,
-542.12,0.00423,0.54212,,,,,,
-542.7,0.004235,0.5427,,,,,,
-543.29,0.00424,0.54329,,,,,,
-543.87,0.004245,0.54387,,,,,,
-544.46,0.00425,0.54446,,,,,,
-545.05,0.004255,0.54505,,,,,,
-545.63,0.00426,0.54563,,,,,,
-546.22,0.004265,0.54622,,,,,,
-546.8,0.00427,0.5468,,,,,,
-547.39,0.004275,0.54739,,,,,,
-547.97,0.00428,0.54797,,,,,,
-548.56,0.004285,0.54856,,,,,,
-549.14,0.00429,0.54914,,,,,,
-549.72,0.004295,0.54972,,,,,,
-550.31,0.0043,0.55031,,,,,,
-550.89,0.004305,0.55089,,,,,,
-551.48,0.00431,0.55148,,,,,,
-552.06,0.004315,0.55206,,,,,,
-552.64,0.00432,0.55264,,,,,,
-553.22,0.004325,0.55322,,,,,,
-553.81,0.00433,0.55381,,,,,,
-554.39,0.004335,0.55439,,,,,,
-554.97,0.00434,0.55497,,,,,,
-555.55,0.004345,0.55555,,,,,,
-556.14,0.00435,0.55614,,,,,,
-556.72,0.004355,0.55672,,,,,,
-557.3,0.00436,0.5573,,,,,,
-557.88,0.004365,0.55788,,,,,,
-558.46,0.00437,0.55846,,,,,,
-559.04,0.004375,0.55904,,,,,,
-559.62,0.00438,0.55962,,,,,,
-560.2,0.004385,0.5602,,,,,,
-560.78,0.00439,0.56078,,,,,,
-561.36,0.004395,0.56136,,,,,,
-561.94,0.0044,0.56194,,,,,,
-562.52,0.004405,0.56252,,,,,,
-563.1,0.00441,0.5631,,,,,,
-563.68,0.004415,0.56368,,,,,,
-564.26,0.00442,0.56426,,,,,,
-564.83,0.004425,0.56483,,,,,,
-565.41,0.00443,0.56541,,,,,,
-565.99,0.004435,0.56599,,,,,,
-566.57,0.00444,0.56657,,,,,,
-567.15,0.004445,0.56715,,,,,,
-567.72,0.00445,0.56772,,,,,,
-568.3,0.004455,0.5683,,,,,,
-568.88,0.00446,0.56888,,,,,,
-569.45,0.004465,0.56945,,,,,,
-570.03,0.00447,0.57003,,,,,,
-570.61,0.004475,0.57061,,,,,,
-571.18,0.00448,0.57118,,,,,,
-571.76,0.004485,0.57176,,,,,,
-572.33,0.00449,0.57233,,,,,,
-572.91,0.004495,0.57291,,,,,,
-573.48,0.0045,0.57348,,,,,,
-574.06,0.004505,0.57406,,,,,,
-574.63,0.00451,0.57463,,,,,,
-575.21,0.004515,0.57521,,,,,,
-575.78,0.00452,0.57578,,,,,,
-576.36,0.004525,0.57636,,,,,,
-576.93,0.00453,0.57693,,,,,,
-577.5,0.004535,0.5775,,,,,,
-578.08,0.00454,0.57808,,,,,,
-578.65,0.004545,0.57865,,,,,,
-579.22,0.00455,0.57922,,,,,,
-579.79,0.004555,0.57979,,,,,,
-580.37,0.00456,0.58037,,,,,,
-580.94,0.004565,0.58094,,,,,,
-581.51,0.00457,0.58151,,,,,,
-582.08,0.004575,0.58208,,,,,,
-582.65,0.00458,0.58265,,,,,,
-583.22,0.004585,0.58322,,,,,,
-583.8,0.00459,0.5838,,,,,,
-584.37,0.004595,0.58437,,,,,,
-584.94,0.0046,0.58494,,,,,,
-585.51,0.004605,0.58551,,,,,,
-586.08,0.00461,0.58608,,,,,,
-586.65,0.004615,0.58665,,,,,,
-587.22,0.00462,0.58722,,,,,,
-587.78,0.004625,0.58778,,,,,,
-588.35,0.00463,0.58835,,,,,,
-588.92,0.004635,0.58892,,,,,,
-589.49,0.00464,0.58949,,,,,,
-590.06,0.004645,0.59006,,,,,,
-590.63,0.00465,0.59063,,,,,,
-591.19,0.004655,0.59119,,,,,,
-591.76,0.00466,0.59176,,,,,,
-592.33,0.004665,0.59233,,,,,,
-592.9,0.00467,0.5929,,,,,,
-593.46,0.004675,0.59346,,,,,,
-594.03,0.00468,0.59403,,,,,,
-594.59,0.004685,0.59459,,,,,,
-595.16,0.00469,0.59516,,,,,,
-595.73,0.004695,0.59573,,,,,,
-596.29,0.0047,0.59629,,,,,,
-596.86,0.004705,0.59686,,,,,,
-597.42,0.00471,0.59742,,,,,,
-597.99,0.004715,0.59799,,,,,,
-598.55,0.00472,0.59855,,,,,,
-599.12,0.004725,0.59912,,,,,,
-599.68,0.00473,0.59968,,,,,,
-600.24,0.004735,0.60024,,,,,,
-600.81,0.00474,0.60081,,,,,,
-601.37,0.004745,0.60137,,,,,,
-601.93,0.00475,0.60193,,,,,,
-602.49,0.004755,0.60249,,,,,,
-603.06,0.00476,0.60306,,,,,,
-603.62,0.004765,0.60362,,,,,,
-604.18,0.00477,0.60418,,,,,,
-604.74,0.004775,0.60474,,,,,,
-605.3,0.00478,0.6053,,,,,,
-605.87,0.004785,0.60587,,,,,,
-606.43,0.00479,0.60643,,,,,,
-606.99,0.004795,0.60699,,,,,,
-607.55,0.0048,0.60755,,,,,,
-608.11,0.004805,0.60811,,,,,,
-608.67,0.00481,0.60867,,,,,,
-609.23,0.004815,0.60923,,,,,,
-609.79,0.00482,0.60979,,,,,,
-610.34,0.004825,0.61034,,,,,,
-610.9,0.00483,0.6109,,,,,,
-611.46,0.004835,0.61146,,,,,,
-612.02,0.00484,0.61202,,,,,,
-612.58,0.004845,0.61258,,,,,,
-613.13,0.00485,0.61313,,,,,,
-613.69,0.004855,0.61369,,,,,,
-614.25,0.00486,0.61425,,,,,,
-614.81,0.004865,0.61481,,,,,,
-615.36,0.00487,0.61536,,,,,,
-615.92,0.004875,0.61592,,,,,,
-616.47,0.00488,0.61647,,,,,,
-617.03,0.004885,0.61703,,,,,,
-617.59,0.00489,0.61759,,,,,,
-618.14,0.004895,0.61814,,,,,,
-618.7,0.0049,0.6187,,,,,,
-619.25,0.004905,0.61925,,,,,,
-619.8,0.00491,0.6198,,,,,,
-620.36,0.004915,0.62036,,,,,,
-620.91,0.00492,0.62091,,,,,,
-621.46,0.004925,0.62146,,,,,,
-622.02,0.00493,0.62202,,,,,,
-622.57,0.004935,0.62257,,,,,,
-623.12,0.00494,0.62312,,,,,,
-623.68,0.004945,0.62368,,,,,,
-624.23,0.00495,0.62423,,,,,,
-624.78,0.004955,0.62478,,,,,,
-625.33,0.00496,0.62533,,,,,,
-625.88,0.004965,0.62588,,,,,,
-626.43,0.00497,0.62643,,,,,,
-626.98,0.004975,0.62698,,,,,,
-627.53,0.00498,0.62753,,,,,,
-628.08,0.004985,0.62808,,,,,,
-628.63,0.00499,0.62863,,,,,,
-629.18,0.004995,0.62918,,,,,,
-629.73,0.005,0.62973,,,,,,
-630.28,0.005005,0.63028,,,,,,
-630.83,0.00501,0.63083,,,,,,
-631.38,0.005015,0.63138,,,,,,
-631.92,0.00502,0.63192,,,,,,
-632.47,0.005025,0.63247,,,,,,
-633.02,0.00503,0.63302,,,,,,
-633.56,0.005035,0.63356,,,,,,
-634.11,0.00504,0.63411,,,,,,
-634.66,0.005045,0.63466,,,,,,
-635.2,0.00505,0.6352,,,,,,
-635.75,0.005055,0.63575,,,,,,
-636.29,0.00506,0.63629,,,,,,
-636.84,0.005065,0.63684,,,,,,
-637.38,0.00507,0.63738,,,,,,
-637.93,0.005075,0.63793,,,,,,
-638.47,0.00508,0.63847,,,,,,
-639.02,0.005085,0.63902,,,,,,
-639.56,0.00509,0.63956,,,,,,
-640.1,0.005095,0.6401,,,,,,
-640.64,0.0051,0.64064,,,,,,
-641.19,0.005105,0.64119,,,,,,
-641.73,0.00511,0.64173,,,,,,
-642.27,0.005115,0.64227,,,,,,
-642.81,0.00512,0.64281,,,,,,
-643.35,0.005125,0.64335,,,,,,
-643.89,0.00513,0.64389,,,,,,
-644.43,0.005135,0.64443,,,,,,
-644.97,0.00514,0.64497,,,,,,
-645.51,0.005145,0.64551,,,,,,
-646.05,0.00515,0.64605,,,,,,
-646.59,0.005155,0.64659,,,,,,
-647.13,0.00516,0.64713,,,,,,
-647.67,0.005165,0.64767,,,,,,
-648.21,0.00517,0.64821,,,,,,
-648.74,0.005175,0.64874,,,,,,
-649.28,0.00518,0.64928,,,,,,
-649.82,0.005185,0.64982,,,,,,
-650.36,0.00519,0.65036,,,,,,
-650.89,0.005195,0.65089,,,,,,
-651.43,0.0052,0.65143,,,,,,
-651.96,0.005205,0.65196,,,,,,
-652.5,0.00521,0.6525,,,,,,
-653.03,0.005215,0.65303,,,,,,
-653.57,0.00522,0.65357,,,,,,
-654.1,0.005225,0.6541,,,,,,
-654.63,0.00523,0.65463,,,,,,
-655.17,0.005235,0.65517,,,,,,
-655.7,0.00524,0.6557,,,,,,
-656.23,0.005245,0.65623,,,,,,
-656.77,0.00525,0.65677,,,,,,
-657.3,0.005255,0.6573,,,,,,
-657.83,0.00526,0.65783,,,,,,
-658.36,0.005265,0.65836,,,,,,
-658.89,0.00527,0.65889,,,,,,
-659.42,0.005275,0.65942,,,,,,
-659.95,0.00528,0.65995,,,,,,
-660.48,0.005285,0.66048,,,,,,
-661.01,0.00529,0.66101,,,,,,
-661.54,0.005295,0.66154,,,,,,
-662.07,0.0053,0.66207,,,,,,
-662.59,0.005305,0.66259,,,,,,
-663.12,0.00531,0.66312,,,,,,
-663.65,0.005315,0.66365,,,,,,
-664.18,0.00532,0.66418,,,,,,
-664.7,0.005325,0.6647,,,,,,
-665.23,0.00533,0.66523,,,,,,
-665.75,0.005335,0.66575,,,,,,
-666.28,0.00534,0.66628,,,,,,
-666.8,0.005345,0.6668,,,,,,
-667.33,0.00535,0.66733,,,,,,
-667.85,0.005355,0.66785,,,,,,
-668.37,0.00536,0.66837,,,,,,
-668.9,0.005365,0.6689,,,,,,
-669.42,0.00537,0.66942,,,,,,
-669.94,0.005375,0.66994,,,,,,
-670.46,0.00538,0.67046,,,,,,
-670.98,0.005385,0.67098,,,,,,
-671.5,0.00539,0.6715,,,,,,
-672.02,0.005395,0.67202,,,,,,
-672.54,0.0054,0.67254,,,,,,
-673.06,0.005405,0.67306,,,,,,
-673.58,0.00541,0.67358,,,,,,
-674.1,0.005415,0.6741,,,,,,
-674.62,0.00542,0.67462,,,,,,
-675.14,0.005425,0.67514,,,,,,
-675.65,0.00543,0.67565,,,,,,
-676.17,0.005435,0.67617,,,,,,
-676.68,0.00544,0.67668,,,,,,
-677.2,0.005445,0.6772,,,,,,
-677.72,0.00545,0.67772,,,,,,
-678.23,0.005455,0.67823,,,,,,
-678.74,0.00546,0.67874,,,,,,
-679.26,0.005465,0.67926,,,,,,
-679.77,0.00547,0.67977,,,,,,
-680.28,0.005475,0.68028,,,,,,
-680.79,0.00548,0.68079,,,,,,
-681.3,0.005485,0.6813,,,,,,
-681.82,0.00549,0.68182,,,,,,
-682.33,0.005495,0.68233,,,,,,
-682.83,0.0055,0.68283,,,,,,
-683.34,0.005505,0.68334,,,,,,
-683.85,0.00551,0.68385,,,,,,
-684.36,0.005515,0.68436,,,,,,
-684.87,0.00552,0.68487,,,,,,
-685.37,0.005525,0.68537,,,,,,
-685.88,0.00553,0.68588,,,,,,
-686.39,0.005535,0.68639,,,,,,
-686.89,0.00554,0.68689,,,,,,
-687.39,0.005545,0.68739,,,,,,
-687.9,0.00555,0.6879,,,,,,
-688.4,0.005555,0.6884,,,,,,
-688.9,0.00556,0.6889,,,,,,
-689.41,0.005565,0.68941,,,,,,
-689.91,0.00557,0.68991,,,,,,
-690.41,0.005575,0.69041,,,,,,
-690.91,0.00558,0.69091,,,,,,
-691.41,0.005585,0.69141,,,,,,
-691.9,0.00559,0.6919,,,,,,
-692.4,0.005595,0.6924,,,,,,
-692.9,0.0056,0.6929,,,,,,
-693.39,0.005605,0.69339,,,,,,
-693.89,0.00561,0.69389,,,,,,
-694.38,0.005615,0.69438,,,,,,
-694.88,0.00562,0.69488,,,,,,
-695.37,0.005625,0.69537,,,,,,
-695.86,0.00563,0.69586,,,,,,
-696.36,0.005635,0.69636,,,,,,
-696.85,0.00564,0.69685,,,,,,
-697.34,0.005645,0.69734,,,,,,
-697.82,0.00565,0.69782,,,,,,
-698.31,0.005655,0.69831,,,,,,
-698.8,0.00566,0.6988,,,,,,
-699.29,0.005665,0.69929,,,,,,
-699.77,0.00567,0.69977,,,,,,
-700.26,0.005675,0.70026,,,,,,
-700.74,0.00568,0.70074,,,,,,
-701.22,0.005685,0.70122,,,,,,
-701.7,0.00569,0.7017,,,,,,
-702.18,0.005695,0.70218,,,,,,
-702.66,0.0057,0.70266,,,,,,
-703.14,0.005705,0.70314,,,,,,
-703.62,0.00571,0.70362,,,,,,
-704.09,0.005715,0.70409,,,,,,
-704.57,0.00572,0.70457,,,,,,
-705.04,0.005725,0.70504,,,,,,
-705.51,0.00573,0.70551,,,,,,
-705.98,0.005735,0.70598,,,,,,
-706.45,0.00574,0.70645,,,,,,
-706.92,0.005745,0.70692,,,,,,
-707.39,0.00575,0.70739,,,,,,
-707.85,0.005755,0.70785,,,,,,
-708.32,0.00576,0.70832,,,,,,
-708.78,0.005765,0.70878,,,,,,
-709.24,0.00577,0.70924,,,,,,
-709.7,0.005775,0.7097,,,,,,
-710.15,0.00578,0.71015,,,,,,
-710.61,0.005785,0.71061,,,,,,
-711.06,0.00579,0.71106,,,,,,
-711.51,0.005795,0.71151,,,,,,
-711.96,0.0058,0.71196,,,,,,
-712.41,0.005805,0.71241,,,,,,
-712.85,0.00581,0.71285,,,,,,
-713.29,0.005815,0.71329,,,,,,
-713.73,0.00582,0.71373,,,,,,
-714.17,0.005825,0.71417,,,,,,
-714.6,0.00583,0.7146,,,,,,
-715.03,0.005835,0.71503,,,,,,
-715.46,0.00584,0.71546,,,,,,
-715.88,0.005845,0.71588,,,,,,
-716.3,0.00585,0.7163,,,,,,
-716.71,0.005855,0.71671,,,,,,
-717.12,0.00586,0.71712,,,,,,
-717.52,0.005865,0.71752,,,,,,
-717.92,0.00587,0.71792,,,,,,
-718.32,0.005875,0.71832,,,,,,
-718.7,0.00588,0.7187,,,,,,
-719.08,0.005885,0.71908,,,,,,
-719.44,0.00589,0.71944,,,,,,
-719.8,0.005895,0.7198,,,,,,
-720.15,0.0059,0.72015,,,,,,
-720.47,0.005905,0.72047,,,,,,
-720.78,0.00591,0.72078,,,,,,
-721.07,0.005915,0.72107,,,,,,
-721.32,0.00592,0.72132,,,,,,
-721.53,0.005925,0.72153,,,,,,
-721.67,0.00593,0.72167,,,,,,
-721.7,0.005935,0.7217,,,,,,
-721.49,0.00594,0.72149,,,,,,
-720.59,0.005945,0.72059,,,,,,
-714.5,0.00595,0.7145,,,,,,
-662.99,0.005955,0.66299,,,,,,
-608.92,0.00596,0.60892,,,,,,
-558.86,0.005965,0.55886,,,,,,
-511.77,0.00597,0.51177,,,,,,
-467.32,0.005975,0.46732,,,,,,
-425.32,0.00598,0.42532,,,,,,
-385.56,0.005985,0.38556,,,,,,
-347.66,0.00599,0.34766,,,,,,
-310.84,0.005995,0.31084,,,,,,
-273.49,0.006,0.27349,,,,,,
-231.41,0.006005,0.23141,,,,,,
-160.13,0.00601,0.16013,,,,,,
-2.6193,0.006015,0.0026193,,,,,,
-2.6171,0.00602,0.0026171,,,,,,
-2.6141,0.006025,0.0026141,,,,,,
-2.611,0.00603,0.002611,,,,,,
-2.6078,0.006035,0.0026078,,,,,,
-2.6047,0.00604,0.0026047,,,,,,
-2.6016,0.006045,0.0026016,,,,,,
-2.5985,0.00605,0.0025985,,,,,,
-2.5954,0.006055,0.0025954,,,,,,
-2.5923,0.00606,0.0025923,,,,,,
-2.5892,0.006065,0.0025892,,,,,,
-2.5861,0.00607,0.0025861,,,,,,
-2.583,0.006075,0.002583,,,,,,
-2.58,0.00608,0.00258,,,,,,
-2.5769,0.006085,0.0025769,,,,,,
-2.5739,0.00609,0.0025739,,,,,,
-2.5709,0.006095,0.0025709,,,,,,
-2.5679,0.0061,0.0025679,,,,,,
-2.5649,0.006105,0.0025649,,,,,,
-2.5619,0.00611,0.0025619,,,,,,
-2.5589,0.006115,0.0025589,,,,,,
-2.5559,0.00612,0.0025559,,,,,,
-2.5529,0.006125,0.0025529,,,,,,
-2.55,0.00613,0.00255,,,,,,
-2.547,0.006135,0.002547,,,,,,
-2.5441,0.00614,0.0025441,,,,,,
-2.5412,0.006145,0.0025412,,,,,,
-2.5382,0.00615,0.0025382,,,,,,
-2.5353,0.006155,0.0025353,,,,,,
-2.5324,0.00616,0.0025324,,,,,,
-2.5295,0.006165,0.0025295,,,,,,
-2.5266,0.00617,0.0025266,,,,,,
-2.5238,0.006175,0.0025238,,,,,,
-2.5209,0.00618,0.0025209,,,,,,
-2.518,0.006185,0.002518,,,,,,
-2.5152,0.00619,0.0025152,,,,,,
-2.5123,0.006195,0.0025123,,,,,,
-2.5095,0.0062,0.0025095,,,,,,
-2.5067,0.006205,0.0025067,,,,,,
-2.5039,0.00621,0.0025039,,,,,,
-2.5011,0.006215,0.0025011,,,,,,
-2.4983,0.00622,0.0024983,,,,,,
-2.4955,0.006225,0.0024955,,,,,,
-2.4927,0.00623,0.0024927,,,,,,
-2.4899,0.006235,0.0024899,,,,,,
-2.4872,0.00624,0.0024872,,,,,,
-2.4844,0.006245,0.0024844,,,,,,
-2.4817,0.00625,0.0024817,,,,,,
-2.4789,0.006255,0.0024789,,,,,,
-2.4762,0.00626,0.0024762,,,,,,
-2.4735,0.006265,0.0024735,,,,,,
-2.4708,0.00627,0.0024708,,,,,,
-2.4681,0.006275,0.0024681,,,,,,
-2.4654,0.00628,0.0024654,,,,,,
-2.4627,0.006285,0.0024627,,,,,,
-2.46,0.00629,0.00246,,,,,,
-2.4573,0.006295,0.0024573,,,,,,
-2.4547,0.0063,0.0024547,,,,,,
-2.452,0.006305,0.002452,,,,,,
-2.4494,0.00631,0.0024494,,,,,,
-2.4468,0.006315,0.0024468,,,,,,
-2.4441,0.00632,0.0024441,,,,,,
-2.4415,0.006325,0.0024415,,,,,,
-2.4389,0.00633,0.0024389,,,,,,
-2.4363,0.006335,0.0024363,,,,,,
-2.4337,0.00634,0.0024337,,,,,,
-2.4311,0.006345,0.0024311,,,,,,
-2.4285,0.00635,0.0024285,,,,,,
-2.426,0.006355,0.002426,,,,,,
-2.4234,0.00636,0.0024234,,,,,,
-2.4209,0.006365,0.0024209,,,,,,
-2.4183,0.00637,0.0024183,,,,,,
-2.4158,0.006375,0.0024158,,,,,,
-2.4133,0.00638,0.0024133,,,,,,
-2.4107,0.006385,0.0024107,,,,,,
-2.4082,0.00639,0.0024082,,,,,,
-2.4057,0.006395,0.0024057,,,,,,
-2.4032,0.0064,0.0024032,,,,,,
-2.4007,0.006405,0.0024007,,,,,,
-2.3982,0.00641,0.0023982,,,,,,
-2.3958,0.006415,0.0023958,,,,,,
-2.3933,0.00642,0.0023933,,,,,,
-2.3908,0.006425,0.0023908,,,,,,
-2.3884,0.00643,0.0023884,,,,,,
-2.3859,0.006435,0.0023859,,,,,,
-2.3835,0.00644,0.0023835,,,,,,
-2.3811,0.006445,0.0023811,,,,,,
-2.3787,0.00645,0.0023787,,,,,,
-2.3762,0.006455,0.0023762,,,,,,
-2.3738,0.00646,0.0023738,,,,,,
-2.3714,0.006465,0.0023714,,,,,,
-2.369,0.00647,0.002369,,,,,,
-2.3667,0.006475,0.0023667,,,,,,
-2.3643,0.00648,0.0023643,,,,,,
-2.3619,0.006485,0.0023619,,,,,,
-2.3595,0.00649,0.0023595,,,,,,
-2.3572,0.006495,0.0023572,,,,,,
-2.3548,0.0065,0.0023548,,,,,,
-2.3525,0.006505,0.0023525,,,,,,
-2.3502,0.00651,0.0023502,,,,,,
-2.3478,0.006515,0.0023478,,,,,,
-2.3455,0.00652,0.0023455,,,,,,
-2.3432,0.006525,0.0023432,,,,,,
-2.3409,0.00653,0.0023409,,,,,,
-2.3386,0.006535,0.0023386,,,,,,
-2.3363,0.00654,0.0023363,,,,,,
-2.334,0.006545,0.002334,,,,,,
-2.3318,0.00655,0.0023318,,,,,,
-2.3295,0.006555,0.0023295,,,,,,
-2.3272,0.00656,0.0023272,,,,,,
-2.325,0.006565,0.002325,,,,,,
-2.3227,0.00657,0.0023227,,,,,,
-2.3205,0.006575,0.0023205,,,,,,
-2.3183,0.00658,0.0023183,,,,,,
-2.316,0.006585,0.002316,,,,,,
-2.3138,0.00659,0.0023138,,,,,,
-2.3116,0.006595,0.0023116,,,,,,
-2.3094,0.0066,0.0023094,,,,,,
-2.3072,0.006605,0.0023072,,,,,,
-2.305,0.00661,0.002305,,,,,,
-2.3028,0.006615,0.0023028,,,,,,
-2.3006,0.00662,0.0023006,,,,,,
-2.2985,0.006625,0.0022985,,,,,,
-2.2963,0.00663,0.0022963,,,,,,
-2.2941,0.006635,0.0022941,,,,,,
-2.292,0.00664,0.002292,,,,,,
-2.2898,0.006645,0.0022898,,,,,,
-2.2877,0.00665,0.0022877,,,,,,
-2.2856,0.006655,0.0022856,,,,,,
-2.2834,0.00666,0.0022834,,,,,,
-2.2813,0.006665,0.0022813,,,,,,
-2.2792,0.00667,0.0022792,,,,,,
-2.2771,0.006675,0.0022771,,,,,,
-2.275,0.00668,0.002275,,,,,,
-2.2729,0.006685,0.0022729,,,,,,
-2.2708,0.00669,0.0022708,,,,,,
-2.2687,0.006695,0.0022687,,,,,,
-2.2666,0.0067,0.0022666,,,,,,
-2.2646,0.006705,0.0022646,,,,,,
-2.2625,0.00671,0.0022625,,,,,,
-2.2605,0.006715,0.0022605,,,,,,
-2.2584,0.00672,0.0022584,,,,,,
-2.2564,0.006725,0.0022564,,,,,,
-2.2543,0.00673,0.0022543,,,,,,
-2.2523,0.006735,0.0022523,,,,,,
-2.2503,0.00674,0.0022503,,,,,,
-2.2482,0.006745,0.0022482,,,,,,
-2.2462,0.00675,0.0022462,,,,,,
-2.2442,0.006755,0.0022442,,,,,,
-2.2422,0.00676,0.0022422,,,,,,
-2.2402,0.006765,0.0022402,,,,,,
-2.2383,0.00677,0.0022383,,,,,,
-2.2363,0.006775,0.0022363,,,,,,
-2.2343,0.00678,0.0022343,,,,,,
-2.2323,0.006785,0.0022323,,,,,,
-2.2304,0.00679,0.0022304,,,,,,
-2.2284,0.006795,0.0022284,,,,,,
-2.2265,0.0068,0.0022265,,,,,,
-2.2245,0.006805,0.0022245,,,,,,
-2.2226,0.00681,0.0022226,,,,,,
