"Fy","change_over_time1","Time"
0,0,0
0.65296,0,5e-06
1.3059,0,1e-05
1.9589,0,1.5e-05
2.6119,0,2e-05
3.2648,0,2.5e-05
3.9178,0,3e-05
4.5707,0,3.5e-05
5.2237,0,4e-05
5.8767,0,4.5e-05
6.5296,0,5e-05
7.1826,0,5.5e-05
7.8355,0,6e-05
8.4885,0,6.5e-05
9.1414,0,7e-05
9.7943,0,7.5e-05
10.447,0,8e-05
11.1,0,8.5e-05
11.753,0,9e-05
12.406,0,9.5e-05
13.059,0,0.0001
13.712,0,0.000105
14.365,0,0.00011
15.018,0,0.000115
15.671,0,0.00012
16.324,0,0.000125
16.976,0,0.00013
17.629,0,0.000135
18.282,0,0.00014
18.935,0,0.000145
19.588,0,0.00015
20.241,0,0.000155
20.894,0,0.00016
21.546,0,0.000165
22.199,0,0.00017
22.852,0,0.000175
23.505,0,0.00018
24.158,0,0.000185
24.811,0,0.00019
25.463,0,0.000195
26.116,0,0.0002
26.769,0,0.000205
27.422,0,0.00021
28.075,0,0.000215
28.727,0,0.00022
29.38,0,0.000225
30.033,0,0.00023
30.685,0,0.000235
31.338,0,0.00024
31.991,0,0.000245
32.644,0,0.00025
33.296,0,0.000255
33.949,0,0.00026
34.602,0,0.000265
35.254,0,0.00027
35.907,0,0.000275
36.559,0,0.00028
37.212,0,0.000285
37.865,0,0.00029
38.517,0,0.000295
39.17,0,0.0003
39.822,0,0.000305
40.475,0,0.00031
41.127,0,0.000315
41.78,0,0.00032
42.432,0,0.000325
43.085,0,0.00033
43.737,0,0.000335
44.39,0,0.00034
45.042,0,0.000345
45.695,0,0.00035
46.347,0,0.000355
46.999,0,0.00036
47.652,0,0.000365
48.304,0,0.00037
48.957,0,0.000375
49.609,0,0.00038
50.261,0,0.000385
50.913,0,0.00039
51.566,0,0.000395
52.218,0,0.0004
52.87,0,0.000405
53.522,0,0.00041
54.175,0,0.000415
54.827,0,0.00042
55.479,0,0.000425
56.131,0,0.00043
56.783,0,0.000435
57.435,0,0.00044
58.087,0,0.000445
58.74,0,0.00045
59.392,0,0.000455
60.044,0,0.00046
60.696,0,0.000465
61.348,0,0.00047
62,0,0.000475
62.651,0,0.00048
63.303,0,0.000485
63.955,0,0.00049
64.607,0,0.000495
65.259,0,0.0005
65.911,0,0.000505
66.563,0,0.00051
67.214,0,0.000515
67.866,0,0.00052
68.518,0,0.000525
69.17,0,0.00053
69.821,0,0.000535
70.473,0,0.00054
71.125,0,0.000545
71.776,0,0.00055
72.428,0,0.000555
73.079,0,0.00056
73.731,0,0.000565
74.382,0,0.00057
75.034,0,0.000575
75.685,0,0.00058
76.337,0,0.000585
76.988,0,0.00059
77.64,0,0.000595
78.291,0,0.0006
78.942,0,0.000605
79.594,0,0.00061
80.245,0,0.000615
80.896,0,0.00062
81.547,0,0.000625
82.199,0,0.00063
82.85,0,0.000635
83.501,0,0.00064
84.152,0,0.000645
84.803,0,0.00065
85.454,0,0.000655
86.105,0,0.00066
86.756,0,0.000665
87.407,0,0.00067
88.058,0,0.000675
88.709,-0.0011738,0.00068
89.36,-0.0011898,0.000685
90.011,-0.0012058,0.00069
90.661,-0.001222,0.000695
91.312,-0.0012383,0.0007
91.963,-0.0012546,0.000705
92.614,-0.0012711,0.00071
93.264,-0.0012876,0.000715
93.915,-0.0013042,0.00072
94.565,-0.0013209,0.000725
95.216,-0.0013378,0.00073
95.867,-0.0013546,0.000735
96.517,-0.0013716,0.00074
97.168,-0.0013887,0.000745
97.818,-0.0014059,0.00075
98.468,-0.0014231,0.000755
99.119,-0.0014404,0.00076
99.769,-0.0014579,0.000765
100.42,-0.0014754,0.00077
101.07,-0.001493,0.000775
101.72,-0.0015107,0.00078
102.37,-0.0015284,0.000785
103.02,-0.0015463,0.00079
103.67,-0.0015642,0.000795
104.32,-0.0015823,0.0008
104.97,-0.0016004,0.000805
105.62,-0.0016186,0.00081
106.27,-0.0016369,0.000815
106.92,-0.0016553,0.00082
107.57,-0.0016737,0.000825
108.22,-0.0016923,0.00083
108.87,-0.0017109,0.000835
109.52,-0.0017296,0.00084
110.17,-0.0017484,0.000845
110.82,-0.0017673,0.00085
111.47,-0.0017862,0.000855
112.12,-0.0018053,0.00086
112.77,-0.0018244,0.000865
113.42,-0.0018437,0.00087
114.07,-0.001863,0.000875
114.72,-0.0018824,0.00088
115.37,-0.0019018,0.000885
116.02,-0.0019214,0.00089
116.67,-0.0019411,0.000895
117.31,-0.0019608,0.0009
117.96,-0.0019806,0.000905
118.61,-0.0020005,0.00091
119.26,-0.0020205,0.000915
119.91,-0.0020405,0.00092
120.56,-0.0020607,0.000925
121.21,-0.0020809,0.00093
121.86,-0.0021012,0.000935
122.51,-0.0021216,0.00094
123.16,-0.0021421,0.000945
123.81,-0.0021626,0.00095
124.45,-0.0021833,0.000955
125.1,-0.002204,0.00096
125.75,-0.0022248,0.000965
126.4,-0.0022457,0.00097
127.05,-0.0022666,0.000975
127.7,-0.0022877,0.00098
128.35,-0.0023088,0.000985
129,-0.00233,0.00099
129.64,-0.0023513,0.000995
130.29,-0.0023727,0.001
130.94,-0.0023941,0.001005
131.59,-0.0024157,0.00101
132.24,-0.0024373,0.001015
132.89,-0.002459,0.00102
133.53,-0.0024807,0.001025
134.18,-0.0025026,0.00103
134.83,-0.0025245,0.001035
135.48,-0.0025466,0.00104
136.13,-0.0025687,0.001045
136.77,-0.0025908,0.00105
137.42,-0.0026131,0.001055
138.07,-0.0026354,0.00106
138.72,-0.0026578,0.001065
139.37,-0.0026803,0.00107
140.01,-0.0027029,0.001075
140.66,-0.0027256,0.00108
141.31,-0.0027483,0.001085
141.96,-0.0027711,0.00109
142.6,-0.002794,0.001095
143.25,-0.002817,0.0011
143.9,-0.0028401,0.001105
144.55,-0.0028632,0.00111
145.19,-0.0028864,0.001115
145.84,-0.0029097,0.00112
146.49,-0.0029331,0.001125
147.14,-0.0029565,0.00113
147.78,-0.0029801,0.001135
148.43,-0.0030037,0.00114
149.08,-0.0030274,0.001145
149.72,-0.0030511,0.00115
150.37,-0.003075,0.001155
151.02,-0.0030989,0.00116
151.67,-0.0031229,0.001165
152.31,-0.003147,0.00117
152.96,-0.0031712,0.001175
153.61,-0.0031954,0.00118
154.25,-0.0032198,0.001185
154.9,-0.0032442,0.00119
155.55,-0.0032686,0.001195
156.19,-0.0032932,0.0012
156.84,-0.0033178,0.001205
157.48,-0.0033426,0.00121
158.13,-0.0033674,0.001215
158.78,-0.0033922,0.00122
159.42,-0.0034172,0.001225
160.07,-0.0034422,0.00123
160.72,-0.0034673,0.001235
161.36,-0.0034925,0.00124
162.01,-0.0035178,0.001245
162.65,-0.0035431,0.00125
163.3,-0.0035686,0.001255
163.95,-0.0035941,0.00126
164.59,-0.0036197,0.001265
165.24,-0.0036453,0.00127
165.88,-0.0036711,0.001275
166.53,-0.0036969,0.00128
167.17,-0.0037228,0.001285
167.82,-0.0037488,0.00129
168.46,-0.0037748,0.001295
169.11,-0.003801,0.0013
169.76,-0.0038272,0.001305
170.4,-0.0038535,0.00131
171.05,-0.0038798,0.001315
171.69,-0.0039063,0.00132
172.34,-0.0039328,0.001325
172.98,-0.0039594,0.00133
173.63,-0.0039861,0.001335
174.27,-0.0040129,0.00134
174.92,-0.0040397,0.001345
175.56,-0.0040667,0.00135
176.2,-0.0040937,0.001355
176.85,-0.0041207,0.00136
177.49,-0.0041479,0.001365
178.14,-0.0041751,0.00137
178.78,-0.0042025,0.001375
179.43,-0.0042299,0.00138
180.07,-0.0042573,0.001385
180.72,-0.0042849,0.00139
181.36,-0.0043125,0.001395
182,-0.0043402,0.0014
182.65,-0.004368,0.001405
183.29,-0.0043959,0.00141
183.94,-0.0044239,0.001415
184.58,-0.0044519,0.00142
185.22,-0.00448,0.001425
185.87,-0.0045082,0.00143
186.51,-0.0045365,0.001435
187.15,-0.0045648,0.00144
187.8,-0.0045932,0.001445
188.44,-0.0046217,0.00145
189.09,-0.0046503,0.001455
189.73,-5.5855e-05,0.00146
190.37,-5.6638e-05,0.001465
191.02,-5.7428e-05,0.00147
191.66,-5.8227e-05,0.001475
192.3,-5.9034e-05,0.00148
192.94,-5.9844e-05,0.001485
193.59,-6.0668e-05,0.00149
194.23,-6.1501e-05,0.001495
194.87,-6.2342e-05,0.0015
195.52,-6.3192e-05,0.001505
196.16,-6.4051e-05,0.00151
196.8,-6.4919e-05,0.001515
197.44,-6.5796e-05,0.00152
198.09,-6.6682e-05,0.001525
198.73,-6.7577e-05,0.00153
199.37,-6.8481e-05,0.001535
200.01,-6.9394e-05,0.00154
200.66,-7.0317e-05,0.001545
201.3,-7.1248e-05,0.00155
201.94,-7.219e-05,0.001555
202.58,-7.314e-05,0.00156
203.22,-7.4101e-05,0.001565
203.86,-7.5071e-05,0.00157
204.51,-7.605e-05,0.001575
205.15,-7.7039e-05,0.00158
205.79,-7.8038e-05,0.001585
206.43,-7.9047e-05,0.00159
207.07,-8.0066e-05,0.001595
207.71,-8.1095e-05,0.0016
208.36,-8.2134e-05,0.001605
209,-8.3184e-05,0.00161
209.64,-8.4243e-05,0.001615
210.28,-8.5313e-05,0.00162
210.92,-8.6393e-05,0.001625
211.56,-8.7483e-05,0.00163
212.2,-8.8584e-05,0.001635
212.84,-8.9696e-05,0.00164
213.48,-9.0818e-05,0.001645
214.12,-9.1951e-05,0.00165
214.76,-9.3095e-05,0.001655
215.41,-9.425e-05,0.00166
216.05,-9.5415e-05,0.001665
216.69,-9.6592e-05,0.00167
217.33,-9.778e-05,0.001675
217.97,-9.8978e-05,0.00168
218.61,-0.00010019,0.001685
219.25,-0.00010141,0.00169
219.89,-0.00010264,0.001695
220.53,-0.00010389,0.0017
221.17,-0.00010514,0.001705
221.81,-0.00010641,0.00171
222.45,-0.00010768,0.001715
223.09,-0.00010897,0.00172
223.72,-0.00011027,0.001725
224.36,-0.00011158,0.00173
225,-0.00011291,0.001735
225.64,-0.00011424,0.00174
226.28,-0.00011559,0.001745
226.92,-0.00011695,0.00175
227.56,-0.00011832,0.001755
228.2,-0.00011971,0.00176
228.84,-0.00012111,0.001765
229.48,-0.00012252,0.00177
230.12,-0.00012395,0.001775
230.75,-0.00012538,0.00178
231.39,-0.00012683,0.001785
232.03,-0.0001283,0.00179
232.67,-0.00012977,0.001795
233.31,-0.00013126,0.0018
233.95,-0.00013277,0.001805
234.58,-0.00013428,0.00181
235.22,-0.00013581,0.001815
235.86,-0.00013735,0.00182
236.5,-0.00013891,0.001825
237.14,-0.00014047,0.00183
237.77,-0.00014206,0.001835
238.41,-0.00014365,0.00184
239.05,-0.00014526,0.001845
239.69,-0.00014689,0.00185
240.32,-0.00014853,0.001855
240.96,-0.00015018,0.00186
241.6,-0.00015185,0.001865
242.23,-0.00015353,0.00187
242.87,-0.00015522,0.001875
243.51,-0.00015693,0.00188
244.15,-0.00015866,0.001885
244.78,-0.00016039,0.00189
245.42,-0.00016215,0.001895
246.06,-0.00016392,0.0019
246.69,-0.0001657,0.001905
247.33,-0.0001675,0.00191
247.96,-0.00016931,0.001915
248.6,-0.00017114,0.00192
249.24,-0.00017298,0.001925
249.87,-0.00017484,0.00193
250.51,-0.00017671,0.001935
251.14,-0.0001786,0.00194
251.78,-0.00018051,0.001945
252.42,-0.00018243,0.00195
253.05,-0.00018436,0.001955
253.69,-0.00018632,0.00196
254.32,-0.00018828,0.001965
254.96,-0.00019027,0.00197
255.59,-0.00019227,0.001975
256.23,-0.00019428,0.00198
256.86,-0.00019632,0.001985
257.5,-0.00019837,0.00199
258.13,-0.00020043,0.001995
258.77,-0.00020252,0.002
259.4,-0.00020461,0.002005
260.04,-0.00020673,0.00201
260.67,-0.00020886,0.002015
261.31,-0.00021101,0.00202
261.94,-0.00021318,0.002025
262.57,-0.00021537,0.00203
263.21,-0.00021757,0.002035
263.84,-0.00021979,0.00204
264.48,-0.00022202,0.002045
265.11,-0.00022428,0.00205
265.74,-0.00022655,0.002055
266.38,-0.00022884,0.00206
267.01,-0.00023115,0.002065
267.65,-0.00023347,0.00207
268.28,-0.00023582,0.002075
268.91,-0.00023818,0.00208
269.54,-0.00024056,0.002085
270.18,-0.00024296,0.00209
270.81,-0.00024538,0.002095
271.44,-0.00024782,0.0021
272.08,-0.00025027,0.002105
272.71,-0.00025274,0.00211
273.34,-2.1622e-05,0.002115
273.97,-2.1942e-05,0.00212
274.61,-2.2268e-05,0.002125
275.24,-2.2598e-05,0.00213
275.87,-2.2933e-05,0.002135
276.5,-2.3271e-05,0.00214
277.14,-2.3614e-05,0.002145
277.77,-2.3961e-05,0.00215
278.4,-2.4312e-05,0.002155
279.03,-2.4668e-05,0.00216
279.66,-2.5029e-05,0.002165
280.29,-2.5394e-05,0.00217
280.93,-2.5763e-05,0.002175
281.56,-2.6137e-05,0.00218
282.19,-2.6515e-05,0.002185
282.82,-2.6899e-05,0.00219
283.45,-2.7287e-05,0.002195
284.08,-2.768e-05,0.0022
284.71,-2.8077e-05,0.002205
285.34,-2.848e-05,0.00221
285.97,-2.8887e-05,0.002215
286.6,-2.93e-05,0.00222
287.23,-2.9715e-05,0.002225
287.86,-3.0139e-05,0.00223
288.49,-3.0567e-05,0.002235
289.12,-3.0999e-05,0.00224
289.75,-3.1437e-05,0.002245
290.38,-3.1881e-05,0.00225
291.01,-3.2329e-05,0.002255
291.64,-3.2783e-05,0.00226
292.27,-3.3243e-05,0.002265
292.9,-3.3709e-05,0.00227
293.53,-3.418e-05,0.002275
294.16,-3.4656e-05,0.00228
294.79,-3.5127e-05,0.002285
295.42,-3.5623e-05,0.00229
296.05,-3.6117e-05,0.002295
296.68,-3.6617e-05,0.0023
297.31,-3.7122e-05,0.002305
297.93,-3.7634e-05,0.00231
298.56,-3.8151e-05,0.002315
299.19,-3.8675e-05,0.00232
299.82,-3.9204e-05,0.002325
300.45,-3.9741e-05,0.00233
301.07,-4.0283e-05,0.002335
301.7,-4.0831e-05,0.00234
302.33,-4.1385e-05,0.002345
302.96,-4.1946e-05,0.00235
303.59,-4.2515e-05,0.002355
304.21,-4.3089e-05,0.00236
304.84,-4.3671e-05,0.002365
305.47,-4.4259e-05,0.00237
306.09,-4.4854e-05,0.002375
306.72,-4.5456e-05,0.00238
307.35,-4.6065e-05,0.002385
307.98,-4.6681e-05,0.00239
308.6,-4.7301e-05,0.002395
309.23,-4.7933e-05,0.0024
309.86,-4.857e-05,0.002405
310.48,-4.9215e-05,0.00241
311.11,-4.9867e-05,0.002415
311.73,-5.0527e-05,0.00242
312.36,-5.1194e-05,0.002425
312.99,-5.1868e-05,0.00243
313.61,-5.255e-05,0.002435
314.24,-5.3241e-05,0.00244
314.86,-5.3938e-05,0.002445
315.49,-5.4644e-05,0.00245
316.11,-5.5358e-05,0.002455
316.74,-5.6079e-05,0.00246
317.36,-5.6809e-05,0.002465
317.99,-5.7547e-05,0.00247
318.61,-5.8294e-05,0.002475
319.24,-5.9048e-05,0.00248
319.86,-5.9812e-05,0.002485
320.49,-6.0583e-05,0.00249
321.11,-6.1363e-05,0.002495
321.74,-6.2152e-05,0.0025
322.36,-6.295e-05,0.002505
322.98,-6.3755e-05,0.00251
323.61,-6.4571e-05,0.002515
324.23,-6.5395e-05,0.00252
324.86,-6.6229e-05,0.002525
325.48,-6.7072e-05,0.00253
326.1,-6.7922e-05,0.002535
326.73,-6.8785e-05,0.00254
327.35,-6.9655e-05,0.002545
327.97,-7.0536e-05,0.00255
328.6,-7.1426e-05,0.002555
329.22,-7.2326e-05,0.00256
329.84,-7.3235e-05,0.002565
330.46,-7.4155e-05,0.00257
331.09,-7.5085e-05,0.002575
331.71,-7.6024e-05,0.00258
332.33,-7.6974e-05,0.002585
332.95,-7.7934e-05,0.00259
333.57,-7.8905e-05,0.002595
334.2,-7.9886e-05,0.0026
334.82,-8.0878e-05,0.002605
335.44,-8.188e-05,0.00261
336.06,-8.2893e-05,0.002615
336.68,-8.3917e-05,0.00262
337.3,-1.3325e-05,0.002625
337.92,-1.3543e-05,0.00263
338.55,-1.3766e-05,0.002635
339.17,-1.3993e-05,0.00264
339.79,-1.4222e-05,0.002645
340.41,-1.4454e-05,0.00265
341.03,-1.4691e-05,0.002655
341.65,-1.4931e-05,0.00266
342.27,-1.5175e-05,0.002665
342.89,-1.5422e-05,0.00267
343.51,-1.5673e-05,0.002675
344.13,-1.5928e-05,0.00268
344.75,-1.6186e-05,0.002685
345.37,-1.6448e-05,0.00269
345.99,-1.6714e-05,0.002695
346.61,-1.6983e-05,0.0027
347.23,-1.7257e-05,0.002705
347.84,-1.7535e-05,0.00271
348.46,-1.7816e-05,0.002715
349.08,-1.8099e-05,0.00272
349.7,-1.839e-05,0.002725
350.32,-1.8684e-05,0.00273
350.94,-1.8983e-05,0.002735
351.56,-1.9285e-05,0.00274
352.17,-1.9592e-05,0.002745
352.79,-1.9904e-05,0.00275
353.41,-2.022e-05,0.002755
354.03,-2.054e-05,0.00276
354.65,-2.0865e-05,0.002765
355.26,-2.1195e-05,0.00277
355.88,-2.1529e-05,0.002775
356.5,-2.1869e-05,0.00278
357.11,-2.2213e-05,0.002785
357.73,-2.2562e-05,0.00279
358.35,-2.2916e-05,0.002795
358.97,-2.3275e-05,0.0028
359.58,-2.3639e-05,0.002805
360.2,-2.4008e-05,0.00281
360.81,-2.4383e-05,0.002815
361.43,-2.4758e-05,0.00282
362.05,-2.5145e-05,0.002825
362.66,-2.5536e-05,0.00283
363.28,-2.5932e-05,0.002835
363.89,-2.6334e-05,0.00284
364.51,-2.6741e-05,0.002845
365.12,-2.7154e-05,0.00285
365.74,-2.7573e-05,0.002855
366.35,-2.7998e-05,0.00286
366.97,-2.8429e-05,0.002865
367.58,-2.8865e-05,0.00287
368.2,-2.9308e-05,0.002875
368.81,-2.9757e-05,0.00288
369.43,-3.0213e-05,0.002885
370.04,-3.0674e-05,0.00289
370.66,-3.1142e-05,0.002895
371.27,-3.1617e-05,0.0029
371.88,-3.2098e-05,0.002905
372.5,-3.2586e-05,0.00291
373.11,-3.308e-05,0.002915
373.72,-3.3582e-05,0.00292
374.34,-3.409e-05,0.002925
374.95,-3.4606e-05,0.00293
375.56,-3.5128e-05,0.002935
376.18,-3.5658e-05,0.00294
376.79,-3.6195e-05,0.002945
377.4,-3.6739e-05,0.00295
378.01,-3.7291e-05,0.002955
378.63,-3.785e-05,0.00296
379.24,-3.8417e-05,0.002965
379.85,-3.8992e-05,0.00297
380.46,-3.9574e-05,0.002975
381.07,-4.0165e-05,0.00298
381.68,-4.0764e-05,0.002985
382.3,-4.137e-05,0.00299
382.91,-4.1985e-05,0.002995
383.52,-4.2609e-05,0.003
384.13,-4.3241e-05,0.003005
384.74,-4.3881e-05,0.00301
385.35,-9.798e-06,0.003015
385.96,-9.9786e-06,0.00302
386.57,-1.0163e-05,0.003025
387.18,-1.0351e-05,0.00303
387.79,-1.0542e-05,0.003035
388.4,-1.0737e-05,0.00304
389.01,-1.0935e-05,0.003045
389.62,-1.1136e-05,0.00305
390.23,-1.134e-05,0.003055
390.84,-1.1548e-05,0.00306
391.45,-1.176e-05,0.003065
392.06,-1.1975e-05,0.00307
392.66,-1.2194e-05,0.003075
393.27,-1.2417e-05,0.00308
393.88,-1.2644e-05,0.003085
394.49,-1.2874e-05,0.00309
395.1,-1.3108e-05,0.003095
395.71,-1.3347e-05,0.0031
396.31,-1.3589e-05,0.003105
396.92,-1.3836e-05,0.00311
397.53,-1.4086e-05,0.003115
398.14,-1.4341e-05,0.00312
