Time,disp_:0,disp_:1,disp_:2,stress_11,Points:0,Points:1,Points:2
0.0007,7.58E-05,-7.50E-28,0,101.18,0.5,0,0
0.0007,7.58E-05,4.54E-07,0,101.18,0.5,0.0010007,0
0.0007,7.58E-05,9.07E-07,0,101.18,0.5,0.0020014,0
0.0007,7.58E-05,1.36E-06,0,101.18,0.5,0.0030021,0
0.0007,7.58E-05,1.81E-06,0,101.19,0.5,0.0040028,0
0.0007,7.58E-05,2.27E-06,0,101.19,0.5,0.0050035,0
0.0007,7.58E-05,2.72E-06,0,101.19,0.5,0.0060042,0
0.0007,7.58E-05,3.18E-06,0,101.19,0.5,0.0070049,0
0.0007,7.58E-05,3.63E-06,0,101.19,0.5,0.0080056,0
0.0007,7.58E-05,4.08E-06,0,101.19,0.5,0.0090063,0
0.0007,7.58E-05,4.54E-06,0,101.19,0.5,0.010007,0
0.0007,7.58E-05,4.99E-06,0,101.19,0.5,0.011008,0
0.0007,7.58E-05,5.45E-06,0,101.21,0.5,0.012008,0
0.0007,7.58E-05,5.90E-06,0,101.21,0.5,0.013009,0
0.0007,7.58E-05,6.35E-06,0,101.21,0.5,0.01401,0
0.0007,7.58E-05,6.81E-06,0,101.21,0.5,0.015011,0
0.0007,7.58E-05,7.26E-06,0,101.22,0.5,0.016011,0
0.0007,7.58E-05,7.71E-06,0,101.22,0.5,0.017012,0
0.0007,7.58E-05,8.17E-06,0,101.22,0.5,0.018013,0
0.0007,7.58E-05,8.62E-06,0,101.22,0.5,0.019013,0
0.0007,7.58E-05,9.08E-06,0,101.24,0.5,0.020014,0
0.0007,7.58E-05,9.53E-06,0,101.24,0.5,0.021015,0
0.0007,7.57E-05,9.98E-06,0,101.24,0.5,0.022015,0
0.0007,7.57E-05,1.04E-05,0,101.24,0.5,0.023016,0
0.0007,7.57E-05,1.09E-05,0,101.27,0.5,0.024017,0
0.0007,7.57E-05,1.13E-05,0,101.27,0.5,0.025017,0
0.0007,7.57E-05,1.18E-05,0,101.27,0.5,0.026018,0
0.0007,7.57E-05,1.23E-05,0,101.27,0.5,0.027019,0
0.0007,7.57E-05,1.27E-05,0,101.3,0.5,0.02802,0
0.0007,7.57E-05,1.32E-05,0,101.3,0.5,0.02902,0
0.0007,7.57E-05,1.36E-05,0,101.3,0.5,0.030021,0
0.0007,7.57E-05,1.41E-05,0,101.3,0.5,0.031022,0
0.0007,7.56E-05,1.45E-05,0,101.33,0.5,0.032022,0
0.0007,7.56E-05,1.50E-05,0,101.33,0.5,0.033023,0
0.0007,7.56E-05,1.54E-05,0,101.33,0.5,0.034024,0
0.0007,7.56E-05,1.59E-05,0,101.33,0.5,0.035025,0
0.0007,7.56E-05,1.63E-05,0,101.37,0.5,0.036025,0
0.0007,7.56E-05,1.68E-05,0,101.37,0.5,0.037026,0
0.0007,7.56E-05,1.73E-05,0,101.37,0.5,0.038027,0
0.0007,7.55E-05,1.77E-05,0,101.37,0.5,0.039027,0
0.0007,7.55E-05,1.82E-05,0,101.41,0.5,0.040028,0
0.0007,7.55E-05,1.86E-05,0,101.41,0.5,0.041029,0
0.0007,7.55E-05,1.91E-05,0,101.41,0.5,0.042029,0
0.0007,7.55E-05,1.95E-05,0,101.46,0.5,0.04303,0
0.0007,7.55E-05,2.00E-05,0,101.46,0.5,0.044031,0
0.0007,7.54E-05,2.04E-05,0,101.46,0.5,0.045031,0
0.0007,7.54E-05,2.09E-05,0,101.46,0.5,0.046032,0
0.0007,7.54E-05,2.14E-05,0,101.51,0.5,0.047033,0
0.0007,7.54E-05,2.18E-05,0,101.51,0.5,0.048034,0
0.0007,7.54E-05,2.23E-05,0,101.51,0.5,0.049034,0
0.0007,7.53E-05,2.27E-05,0,101.51,0.5,0.050035,0
0.0007,7.53E-05,2.32E-05,0,101.57,0.5,0.051036,0
0.0007,7.53E-05,2.36E-05,0,101.57,0.5,0.052036,0
0.0007,7.53E-05,2.41E-05,0,101.57,0.5,0.053037,0
0.0007,7.53E-05,2.45E-05,0,101.57,0.5,0.054038,0
0.0007,7.52E-05,2.50E-05,0,101.63,0.5,0.055039,0
0.0007,7.52E-05,2.55E-05,0,101.63,0.5,0.056039,0
0.0007,7.52E-05,2.59E-05,0,101.63,0.5,0.05704,0
0.0007,7.52E-05,2.64E-05,0,101.63,0.5,0.058041,0
0.0007,7.51E-05,2.68E-05,0,101.69,0.5,0.059041,0
0.0007,7.51E-05,2.73E-05,0,101.69,0.5,0.060042,0
0.0007,7.51E-05,2.77E-05,0,101.69,0.5,0.061043,0
0.0007,7.51E-05,2.82E-05,0,101.69,0.5,0.062043,0
0.0007,7.50E-05,2.86E-05,0,101.76,0.5,0.063044,0
0.0007,7.50E-05,2.91E-05,0,101.76,0.5,0.064045,0
0.0007,7.50E-05,2.96E-05,0,101.76,0.5,0.065045,0
0.0007,7.50E-05,3.00E-05,0,101.76,0.5,0.066046,0
0.0007,7.49E-05,3.05E-05,0,101.83,0.5,0.067047,0
0.0007,7.49E-05,3.09E-05,0,101.83,0.5,0.068048,0
0.0007,7.49E-05,3.14E-05,0,101.83,0.5,0.069048,0
0.0007,7.48E-05,3.18E-05,0,101.83,0.5,0.070049,0
0.0007,7.48E-05,3.23E-05,0,101.91,0.5,0.07105,0
0.0007,7.48E-05,3.28E-05,0,101.91,0.5,0.07205,0
0.0007,7.48E-05,3.32E-05,0,101.91,0.5,0.073051,0
0.0007,7.47E-05,3.37E-05,0,101.91,0.5,0.074052,0
0.0007,7.47E-05,3.41E-05,0,101.99,0.5,0.075052,0
0.0007,7.47E-05,3.46E-05,0,101.99,0.5,0.076053,0
0.0007,7.46E-05,3.50E-05,0,101.99,0.5,0.077054,0
0.0007,7.46E-05,3.55E-05,0,101.99,0.5,0.078055,0
0.0007,7.46E-05,3.60E-05,0,102.08,0.5,0.079055,0
0.0007,7.45E-05,3.64E-05,0,102.08,0.5,0.080056,0
0.0007,7.45E-05,3.69E-05,0,102.08,0.5,0.081057,0
0.0007,7.45E-05,3.73E-05,0,102.08,0.5,0.082057,0
0.0007,7.44E-05,3.78E-05,0,102.17,0.5,0.083058,0
0.0007,7.44E-05,3.83E-05,0,102.17,0.5,0.084059,0
0.0007,7.44E-05,3.87E-05,0,102.17,0.5,0.08506,0
0.0007,7.43E-05,3.92E-05,0,102.27,0.5,0.08606,0
0.0007,7.43E-05,3.96E-05,0,102.27,0.5,0.087061,0
0.0007,7.42E-05,4.01E-05,0,102.27,0.5,0.088062,0
0.0007,7.42E-05,4.06E-05,0,102.27,0.5,0.089062,0
0.0007,7.42E-05,4.10E-05,0,102.37,0.5,0.090063,0
0.0007,7.41E-05,4.15E-05,0,102.37,0.5,0.091064,0
0.0007,7.41E-05,4.19E-05,0,102.37,0.5,0.092064,0
0.0007,7.41E-05,4.24E-05,0,102.37,0.5,0.093065,0
0.0007,7.40E-05,4.29E-05,0,102.47,0.5,0.094066,0
0.0007,7.40E-05,4.33E-05,0,102.47,0.5,0.095067,0
0.0007,7.39E-05,4.38E-05,0,102.47,0.5,0.096067,0
0.0007,7.39E-05,4.42E-05,0,102.47,0.5,0.097068,0
0.0007,7.38E-05,4.47E-05,0,102.59,0.5,0.098069,0
0.0007,7.38E-05,4.52E-05,0,102.59,0.5,0.099069,0
0.0007,7.38E-05,4.56E-05,0,102.59,0.5,0.10007,0
0.0007,7.37E-05,4.61E-05,0,102.59,0.5,0.10107,0
0.0007,7.37E-05,4.65E-05,0,102.7,0.5,0.10207,0
0.0007,7.36E-05,4.70E-05,0,102.7,0.5,0.10307,0
0.0007,7.36E-05,4.75E-05,0,102.7,0.5,0.10407,0
0.0007,7.35E-05,4.79E-05,0,102.7,0.5,0.10507,0
0.0007,7.35E-05,4.84E-05,0,102.82,0.5,0.10607,0
0.0007,7.35E-05,4.88E-05,0,102.82,0.5,0.10707,0
0.0007,7.34E-05,4.93E-05,0,102.82,0.5,0.10808,0
0.0007,7.34E-05,4.98E-05,0,102.82,0.5,0.10908,0
0.0007,7.33E-05,5.02E-05,0,102.95,0.5,0.11008,0
0.0007,7.33E-05,5.07E-05,0,102.95,0.5,0.11108,0
0.0007,7.32E-05,5.12E-05,0,102.95,0.5,0.11208,0
0.0007,7.32E-05,5.16E-05,0,102.95,0.5,0.11308,0
0.0007,7.31E-05,5.21E-05,0,103.08,0.5,0.11408,0
0.0007,7.31E-05,5.26E-05,0,103.08,0.5,0.11508,0
0.0007,7.30E-05,5.30E-05,0,103.08,0.5,0.11608,0
0.0007,7.30E-05,5.35E-05,0,103.08,0.5,0.11708,0
0.0007,7.29E-05,5.39E-05,0,103.22,0.5,0.11808,0
0.0007,7.29E-05,5.44E-05,0,103.22,0.5,0.11908,0
0.0007,7.28E-05,5.49E-05,0,103.22,0.5,0.12008,0
0.0007,7.28E-05,5.53E-05,0,103.22,0.5,0.12108,0
0.0007,7.27E-05,5.58E-05,0,103.36,0.5,0.12209,0
0.0007,7.26E-05,5.63E-05,0,103.36,0.5,0.12309,0
0.0007,7.26E-05,5.67E-05,0,103.36,0.5,0.12409,0
0.0007,7.25E-05,5.72E-05,0,103.51,0.5,0.12509,0
0.0007,7.25E-05,5.77E-05,0,103.51,0.5,0.12609,0
0.0007,7.24E-05,5.81E-05,0,103.51,0.5,0.12709,0
0.0007,7.24E-05,5.86E-05,0,103.51,0.5,0.12809,0
0.0007,7.23E-05,5.91E-05,0,103.66,0.5,0.12909,0
0.0007,7.23E-05,5.95E-05,0,103.66,0.5,0.13009,0
0.0007,7.22E-05,6.00E-05,0,103.66,0.5,0.13109,0
0.0007,7.21E-05,6.05E-05,0,103.66,0.5,0.13209,0
0.0007,7.21E-05,6.09E-05,0,103.82,0.5,0.13309,0
0.0007,7.20E-05,6.14E-05,0,103.82,0.5,0.13409,0
0.0007,7.20E-05,6.19E-05,0,103.82,0.5,0.13509,0
0.0007,7.19E-05,6.23E-05,0,103.82,0.5,0.1361,0
0.0007,7.18E-05,6.28E-05,0,103.98,0.5,0.1371,0
0.0007,7.18E-05,6.33E-05,0,103.98,0.5,0.1381,0
0.0007,7.17E-05,6.37E-05,0,103.98,0.5,0.1391,0
0.0007,7.17E-05,6.42E-05,0,103.98,0.5,0.1401,0
0.0007,7.16E-05,6.47E-05,0,104.16,0.5,0.1411,0
0.0007,7.15E-05,6.51E-05,0,104.16,0.5,0.1421,0
0.0007,7.15E-05,6.56E-05,0,104.16,0.5,0.1431,0
0.0007,7.14E-05,6.61E-05,0,104.16,0.5,0.1441,0
0.0007,7.13E-05,6.65E-05,0,104.33,0.5,0.1451,0
0.0007,7.13E-05,6.70E-05,0,104.33,0.5,0.1461,0
0.0007,7.12E-05,6.75E-05,0,104.33,0.5,0.1471,0
0.0007,7.11E-05,6.80E-05,0,104.33,0.5,0.1481,0
0.0007,7.11E-05,6.84E-05,0,104.51,0.5,0.1491,0
0.0007,7.10E-05,6.89E-05,0,104.51,0.5,0.1501,0
0.0007,7.09E-05,6.94E-05,0,104.51,0.5,0.15111,0
0.0007,7.09E-05,6.98E-05,0,104.51,0.5,0.15211,0
0.0007,7.08E-05,7.03E-05,0,104.7,0.5,0.15311,0
0.0007,7.07E-05,7.08E-05,0,104.7,0.5,0.15411,0
0.0007,7.06E-05,7.13E-05,0,104.7,0.5,0.15511,0
0.0007,7.06E-05,7.17E-05,0,104.7,0.5,0.15611,0
0.0007,7.05E-05,7.22E-05,0,104.9,0.5,0.15711,0
0.0007,7.04E-05,7.27E-05,0,104.9,0.5,0.15811,0
0.0007,7.03E-05,7.31E-05,0,104.9,0.5,0.15911,0
0.0007,7.03E-05,7.36E-05,0,104.9,0.5,0.16011,0
0.0007,7.02E-05,7.41E-05,0,105.1,0.5,0.16111,0
0.0007,7.01E-05,7.46E-05,0,105.1,0.5,0.16211,0
0.0007,7.00E-05,7.50E-05,0,105.1,0.5,0.16311,0
0.0007,7.00E-05,7.55E-05,0,105.1,0.5,0.16411,0
0.0007,6.99E-05,7.60E-05,0,105.31,0.5,0.16512,0
0.0007,6.98E-05,7.65E-05,0,105.31,0.5,0.16612,0
0.0007,6.97E-05,7.69E-05,0,105.31,0.5,0.16712,0
0.0007,6.97E-05,7.74E-05,0,105.53,0.5,0.16812,0
0.0007,6.96E-05,7.79E-05,0,105.53,0.5,0.16912,0
0.0007,6.95E-05,7.84E-05,0,105.53,0.5,0.17012,0
0.0007,6.94E-05,7.88E-05,0,105.53,0.5,0.17112,0
0.0007,6.93E-05,7.93E-05,0,105.75,0.5,0.17212,0
0.0007,6.92E-05,7.98E-05,0,105.75,0.5,0.17312,0
0.0007,6.92E-05,8.03E-05,0,105.75,0.5,0.17412,0
0.0007,6.91E-05,8.08E-05,0,105.75,0.5,0.17512,0
0.0007,6.90E-05,8.12E-05,0,105.98,0.5,0.17612,0
0.0007,6.89E-05,8.17E-05,0,105.98,0.5,0.17712,0
0.0007,6.88E-05,8.22E-05,0,105.98,0.5,0.17812,0
0.0007,6.87E-05,8.27E-05,0,105.98,0.5,0.17913,0
0.0007,6.86E-05,8.31E-05,0,106.22,0.5,0.18013,0
0.0007,6.86E-05,8.36E-05,0,106.22,0.5,0.18113,0
0.0007,6.85E-05,8.41E-05,0,106.22,0.5,0.18213,0
0.0007,6.84E-05,8.46E-05,0,106.22,0.5,0.18313,0
0.0007,6.83E-05,8.51E-05,0,106.46,0.5,0.18413,0
0.0007,6.82E-05,8.55E-05,0,106.46,0.5,0.18513,0
0.0007,6.81E-05,8.60E-05,0,106.46,0.5,0.18613,0
0.0007,6.80E-05,8.65E-05,0,106.46,0.5,0.18713,0
0.0007,6.79E-05,8.70E-05,0,106.71,0.5,0.18813,0
0.0007,6.78E-05,8.75E-05,0,106.71,0.5,0.18913,0
0.0007,6.77E-05,8.80E-05,0,106.71,0.5,0.19013,0
0.0007,6.76E-05,8.84E-05,0,106.71,0.5,0.19113,0
0.0007,6.75E-05,8.89E-05,0,106.97,0.5,0.19213,0
0.0007,6.74E-05,8.94E-05,0,106.97,0.5,0.19314,0
0.0007,6.74E-05,8.99E-05,0,106.97,0.5,0.19414,0
0.0007,6.73E-05,9.04E-05,0,106.97,0.5,0.19514,0
0.0007,6.72E-05,9.09E-05,0,107.24,0.5,0.19614,0
0.0007,6.71E-05,9.13E-05,0,107.24,0.5,0.19714,0
0.0007,6.70E-05,9.18E-05,0,107.24,0.5,0.19814,0
0.0007,6.69E-05,9.23E-05,0,107.24,0.5,0.19914,0
0.0007,6.68E-05,9.28E-05,0,107.52,0.5,0.20014,0
0.0007,6.67E-05,9.33E-05,0,107.52,0.5,0.20114,0
0.0007,6.66E-05,9.38E-05,0,107.52,0.5,0.20214,0
0.0007,6.64E-05,9.43E-05,0,107.52,0.5,0.20314,0
0.0007,6.63E-05,9.47E-05,0,107.8,0.5,0.20414,0
0.0007,6.62E-05,9.52E-05,0,107.8,0.5,0.20514,0
0.0007,6.61E-05,9.57E-05,0,107.8,0.5,0.20614,0
0.0007,6.60E-05,9.62E-05,0,108.1,0.5,0.20714,0
0.0007,6.59E-05,9.67E-05,0,108.1,0.5,0.20815,0
0.0007,6.58E-05,9.72E-05,0,108.1,0.5,0.20915,0
0.0007,6.57E-05,9.77E-05,0,108.1,0.5,0.21015,0
0.0007,6.56E-05,9.82E-05,0,108.4,0.5,0.21115,0
0.0007,6.55E-05,9.87E-05,0,108.4,0.5,0.21215,0
0.0007,6.54E-05,9.92E-05,0,108.4,0.5,0.21315,0
0.0007,6.53E-05,9.96E-05,0,108.4,0.5,0.21415,0
0.0007,6.51E-05,0.00010014,0,108.71,0.5,0.21515,0
0.0007,6.50E-05,0.00010063,0,108.71,0.5,0.21615,0
0.0007,6.49E-05,0.00010112,0,108.71,0.5,0.21715,0
0.0007,6.48E-05,0.00010161,0,108.71,0.5,0.21815,0
0.0007,6.47E-05,0.00010211,0,109.04,0.5,0.21915,0
0.0007,6.46E-05,0.0001026,0,109.04,0.5,0.22015,0
0.0007,6.45E-05,0.00010309,0,109.04,0.5,0.22115,0
0.0007,6.43E-05,0.00010359,0,109.04,0.5,0.22216,0
0.0007,6.42E-05,0.00010408,0,109.37,0.5,0.22316,0
0.0007,6.41E-05,0.00010458,0,109.37,0.5,0.22416,0
0.0007,6.40E-05,0.00010508,0,109.37,0.5,0.22516,0
0.0007,6.39E-05,0.00010557,0,109.37,0.5,0.22616,0
0.0007,6.37E-05,0.00010607,0,109.71,0.5,0.22716,0
0.0007,6.36E-05,0.00010657,0,109.71,0.5,0.22816,0
0.0007,6.35E-05,0.00010706,0,109.71,0.5,0.22916,0
0.0007,6.34E-05,0.00010756,0,109.71,0.5,0.23016,0
0.0007,6.32E-05,0.00010806,0,110.06,0.5,0.23116,0
0.0007,6.31E-05,0.00010856,0,110.06,0.5,0.23216,0
0.0007,6.30E-05,0.00010906,0,110.06,0.5,0.23316,0
0.0007,6.28E-05,0.00010956,0,110.06,0.5,0.23416,0
0.0007,6.27E-05,0.00011006,0,110.43,0.5,0.23516,0
0.0007,6.26E-05,0.00011056,0,110.43,0.5,0.23617,0
0.0007,6.25E-05,0.00011106,0,110.43,0.5,0.23717,0
0.0007,6.23E-05,0.00011156,0,110.43,0.5,0.23817,0
0.0007,6.22E-05,0.00011207,0,110.8,0.5,0.23917,0
0.0007,6.21E-05,0.00011257,0,110.8,0.5,0.24017,0
0.0007,6.19E-05,0.00011307,0,110.8,0.5,0.24117,0
0.0007,6.18E-05,0.00011358,0,110.8,0.5,0.24217,0
0.0007,6.16E-05,0.00011408,0,111.19,0.5,0.24317,0
0.0007,6.15E-05,0.00011459,0,111.19,0.5,0.24417,0
0.0007,6.14E-05,0.00011509,0,111.19,0.5,0.24517,0
0.0007,6.12E-05,0.0001156,0,111.19,0.5,0.24617,0
0.0007,6.11E-05,0.0001161,0,111.59,0.5,0.24717,0
0.0007,6.09E-05,0.00011661,0,111.59,0.5,0.24817,0
0.0007,6.08E-05,0.00011712,0,111.59,0.5,0.24917,0
0.0007,6.07E-05,0.00011763,0,112,0.5,0.25017,0
0.0007,6.05E-05,0.00011814,0,112,0.5,0.25118,0
0.0007,6.04E-05,0.00011864,0,112,0.5,0.25218,0
0.0007,6.02E-05,0.00011915,0,112,0.5,0.25318,0
0.0007,6.01E-05,0.00011966,0,112.42,0.5,0.25418,0
0.0007,5.99E-05,0.00012017,0,112.42,0.5,0.25518,0
0.0007,5.98E-05,0.00012069,0,112.42,0.5,0.25618,0
0.0007,5.96E-05,0.0001212,0,112.42,0.5,0.25718,0
0.0007,5.95E-05,0.00012171,0,112.86,0.5,0.25818,0
0.0007,5.93E-05,0.00012222,0,112.86,0.5,0.25918,0
0.0007,5.92E-05,0.00012274,0,112.86,0.5,0.26018,0
0.0007,5.90E-05,0.00012325,0,112.86,0.5,0.26118,0
0.0007,5.89E-05,0.00012376,0,113.31,0.5,0.26218,0
0.0007,5.87E-05,0.00012428,0,113.31,0.5,0.26318,0
0.0007,5.85E-05,0.0001248,0,113.31,0.5,0.26418,0
0.0007,5.84E-05,0.00012531,0,113.31,0.5,0.26519,0
0.0007,5.82E-05,0.00012583,0,113.77,0.5,0.26619,0
0.0007,5.81E-05,0.00012635,0,113.77,0.5,0.26719,0
0.0007,5.79E-05,0.00012687,0,113.77,0.5,0.26819,0
0.0007,5.77E-05,0.00012738,0,113.77,0.5,0.26919,0
0.0007,5.76E-05,0.0001279,0,114.25,0.5,0.27019,0
0.0007,5.74E-05,0.00012842,0,114.25,0.5,0.27119,0
0.0007,5.72E-05,0.00012894,0,114.25,0.5,0.27219,0
0.0007,5.71E-05,0.00012947,0,114.25,0.5,0.27319,0
0.0007,5.69E-05,0.00012999,0,114.75,0.5,0.27419,0
0.0007,5.67E-05,0.00013051,0,114.75,0.5,0.27519,0
0.0007,5.65E-05,0.00013103,0,114.75,0.5,0.27619,0
0.0007,5.64E-05,0.00013156,0,114.75,0.5,0.27719,0
0.0007,5.62E-05,0.00013208,0,115.26,0.5,0.27819,0
0.0007,5.60E-05,0.00013261,0,115.26,0.5,0.2792,0
0.0007,5.58E-05,0.00013313,0,115.26,0.5,0.2802,0
0.0007,5.57E-05,0.00013366,0,115.26,0.5,0.2812,0
0.0007,5.55E-05,0.00013419,0,115.79,0.5,0.2822,0
0.0007,5.53E-05,0.00013472,0,115.79,0.5,0.2832,0
0.0007,5.51E-05,0.00013524,0,115.79,0.5,0.2842,0
0.0007,5.49E-05,0.00013577,0,115.79,0.5,0.2852,0
0.0007,5.48E-05,0.0001363,0,116.33,0.5,0.2862,0
0.0007,5.46E-05,0.00013683,0,116.33,0.5,0.2872,0
0.0007,5.44E-05,0.00013736,0,116.33,0.5,0.2882,0
0.0007,5.42E-05,0.0001379,0,116.9,0.5,0.2892,0
0.0007,5.40E-05,0.00013843,0,116.9,0.5,0.2902,0
0.0007,5.38E-05,0.00013896,0,116.9,0.5,0.2912,0
0.0007,5.36E-05,0.0001395,0,116.9,0.5,0.2922,0
0.0007,5.34E-05,0.00014003,0,117.48,0.5,0.29321,0
0.0007,5.32E-05,0.00014057,0,117.48,0.5,0.29421,0
0.0007,5.30E-05,0.00014111,0,117.48,0.5,0.29521,0
0.0007,5.29E-05,0.00014164,0,117.48,0.5,0.29621,0
0.0007,5.27E-05,0.00014218,0,118.08,0.5,0.29721,0
0.0007,5.25E-05,0.00014272,0,118.08,0.5,0.29821,0
0.0007,5.23E-05,0.00014326,0,118.08,0.5,0.29921,0
0.0007,5.20E-05,0.0001438,0,118.08,0.5,0.30021,0
0.0007,5.18E-05,0.00014434,0,118.7,0.5,0.30121,0
0.0007,5.16E-05,0.00014488,0,118.7,0.5,0.30221,0
0.0007,5.14E-05,0.00014543,0,118.7,0.5,0.30321,0
0.0007,5.12E-05,0.00014597,0,118.7,0.5,0.30421,0
0.0007,5.10E-05,0.00014651,0,119.34,0.5,0.30521,0
0.0007,5.08E-05,0.00014706,0,119.34,0.5,0.30621,0
0.0007,5.06E-05,0.0001476,0,119.34,0.5,0.30721,0
0.0007,5.04E-05,0.00014815,0,119.34,0.5,0.30822,0
0.0007,5.02E-05,0.0001487,0,120.01,0.5,0.30922,0
0.0007,4.99E-05,0.00014925,0,120.01,0.5,0.31022,0
0.0007,4.97E-05,0.0001498,0,120.01,0.5,0.31122,0
0.0007,4.95E-05,0.00015035,0,120.01,0.5,0.31222,0
0.0007,4.93E-05,0.0001509,0,120.7,0.5,0.31322,0
0.0007,4.91E-05,0.00015145,0,120.7,0.5,0.31422,0
0.0007,4.88E-05,0.000152,0,120.7,0.5,0.31522,0
0.0007,4.86E-05,0.00015256,0,120.7,0.5,0.31622,0
0.0007,4.84E-05,0.00015311,0,121.41,0.5,0.31722,0
0.0007,4.81E-05,0.00015367,0,121.41,0.5,0.31822,0
0.0007,4.79E-05,0.00015422,0,121.41,0.5,0.31922,0
0.0007,4.77E-05,0.00015478,0,121.41,0.5,0.32022,0
0.0007,4.74E-05,0.00015534,0,122.15,0.5,0.32122,0
0.0007,4.72E-05,0.0001559,0,122.15,0.5,0.32223,0
0.0007,4.70E-05,0.00015646,0,122.15,0.5,0.32323,0
0.0007,4.67E-05,0.00015702,0,122.15,0.5,0.32423,0
0.0007,4.65E-05,0.00015758,0,122.91,0.5,0.32523,0
0.0007,4.62E-05,0.00015815,0,122.91,0.5,0.32623,0
0.0007,4.60E-05,0.00015871,0,122.91,0.5,0.32723,0
0.0007,4.58E-05,0.00015927,0,122.91,0.5,0.32823,0
0.0007,4.55E-05,0.00015984,0,123.71,0.5,0.32923,0
0.0007,4.53E-05,0.00016041,0,123.71,0.5,0.33023,0
0.0007,4.50E-05,0.00016098,0,123.71,0.5,0.33123,0
0.0007,4.48E-05,0.00016154,0,124.53,0.5,0.33223,0
0.0007,4.45E-05,0.00016212,0,124.53,0.5,0.33323,0
0.0007,4.42E-05,0.00016269,0,124.53,0.5,0.33423,0
0.0007,4.40E-05,0.00016326,0,124.53,0.5,0.33523,0
0.0007,4.37E-05,0.00016383,0,125.38,0.5,0.33624,0
0.0007,4.35E-05,0.00016441,0,125.38,0.5,0.33724,0
0.0007,4.32E-05,0.00016498,0,125.38,0.5,0.33824,0
0.0007,4.29E-05,0.00016556,0,125.38,0.5,0.33924,0
0.0007,4.27E-05,0.00016614,0,126.27,0.5,0.34024,0
0.0007,4.24E-05,0.00016672,0,126.27,0.5,0.34124,0
0.0007,4.21E-05,0.0001673,0,126.27,0.5,0.34224,0
0.0007,4.18E-05,0.00016788,0,126.27,0.5,0.34324,0
0.0007,4.16E-05,0.00016846,0,127.19,0.5,0.34424,0
0.0007,4.13E-05,0.00016904,0,127.19,0.5,0.34524,0
0.0007,4.10E-05,0.00016963,0,127.19,0.5,0.34624,0
0.0007,4.07E-05,0.00017021,0,127.19,0.5,0.34724,0
0.0007,4.04E-05,0.0001708,0,128.14,0.5,0.34824,0
0.0007,4.01E-05,0.00017139,0,128.14,0.5,0.34924,0
0.0007,3.98E-05,0.00017198,0,128.14,0.5,0.35024,0
0.0007,3.96E-05,0.00017257,0,128.14,0.5,0.35125,0
0.0007,3.93E-05,0.00017316,0,129.14,0.5,0.35225,0
0.0007,3.90E-05,0.00017375,0,129.14,0.5,0.35325,0
0.0007,3.87E-05,0.00017435,0,129.14,0.5,0.35425,0
0.0007,3.84E-05,0.00017494,0,129.14,0.5,0.35525,0
0.0007,3.81E-05,0.00017554,0,130.17,0.5,0.35625,0
0.0007,3.78E-05,0.00017614,0,130.17,0.5,0.35725,0
0.0007,3.74E-05,0.00017674,0,130.17,0.5,0.35825,0
0.0007,3.71E-05,0.00017734,0,130.17,0.5,0.35925,0
0.0007,3.68E-05,0.00017794,0,131.25,0.5,0.36025,0
0.0007,3.65E-05,0.00017855,0,131.25,0.5,0.36125,0
0.0007,3.62E-05,0.00017915,0,131.25,0.5,0.36225,0
0.0007,3.59E-05,0.00017975,0,131.25,0.5,0.36325,0
0.0007,3.55E-05,0.00018036,0,132.37,0.5,0.36425,0
0.0007,3.52E-05,0.00018097,0,132.37,0.5,0.36526,0
0.0007,3.49E-05,0.00018158,0,132.37,0.5,0.36626,0
0.0007,3.46E-05,0.00018219,0,132.37,0.5,0.36726,0
0.0007,3.42E-05,0.00018281,0,133.54,0.5,0.36826,0
0.0007,3.39E-05,0.00018343,0,133.54,0.5,0.36926,0
0.0007,3.35E-05,0.00018404,0,133.54,0.5,0.37026,0
0.0007,3.32E-05,0.00018466,0,133.54,0.5,0.37126,0
0.0007,3.29E-05,0.00018528,0,134.76,0.5,0.37226,0
0.0007,3.25E-05,0.0001859,0,134.76,0.5,0.37326,0
0.0007,3.22E-05,0.00018652,0,134.76,0.5,0.37426,0
0.0007,3.18E-05,0.00018715,0,136.03,0.5,0.37526,0
0.0007,3.15E-05,0.00018777,0,136.03,0.5,0.37626,0
0.0007,3.11E-05,0.0001884,0,136.03,0.5,0.37726,0
0.0007,3.07E-05,0.00018903,0,136.03,0.5,0.37826,0
0.0007,3.04E-05,0.00018966,0,137.36,0.5,0.37927,0
0.0007,3.00E-05,0.00019029,0,137.36,0.5,0.38027,0
0.0007,2.96E-05,0.00019093,0,137.36,0.5,0.38127,0
0.0007,2.93E-05,0.00019156,0,137.36,0.5,0.38227,0
0.0007,2.89E-05,0.0001922,0,138.74,0.5,0.38327,0
0.0007,2.85E-05,0.00019284,0,138.74,0.5,0.38427,0
0.0007,2.81E-05,0.00019348,0,138.74,0.5,0.38527,0
0.0007,2.77E-05,0.00019412,0,138.74,0.5,0.38627,0
0.0007,2.73E-05,0.00019477,0,140.2,0.5,0.38727,0
0.0007,2.69E-05,0.00019542,0,140.2,0.5,0.38827,0
0.0007,2.66E-05,0.00019606,0,140.2,0.5,0.38927,0
0.0007,2.62E-05,0.00019671,0,140.2,0.5,0.39027,0
0.0007,2.58E-05,0.00019736,0,141.72,0.5,0.39127,0
0.0007,2.53E-05,0.00019802,0,141.72,0.5,0.39227,0
0.0007,2.49E-05,0.00019868,0,141.72,0.5,0.39328,0
0.0007,2.45E-05,0.00019933,0,141.72,0.5,0.39428,0
0.0007,2.41E-05,0.00019999,0,143.31,0.5,0.39528,0
0.0007,2.37E-05,0.00020066,0,143.31,0.5,0.39628,0
0.0007,2.32E-05,0.00020132,0,143.31,0.5,0.39728,0
0.0007,2.28E-05,0.00020198,0,143.31,0.5,0.39828,0
0.0007,2.24E-05,0.00020265,0,144.98,0.5,0.39928,0
0.0007,2.19E-05,0.00020333,0,144.98,0.5,0.40028,0
0.0007,2.15E-05,0.000204,0,144.98,0.5,0.40128,0
0.0007,2.11E-05,0.00020467,0,144.98,0.5,0.40228,0
0.0007,2.06E-05,0.00020535,0,146.73,0.5,0.40328,0
0.0007,2.02E-05,0.00020603,0,146.73,0.5,0.40428,0
0.0007,1.97E-05,0.00020671,0,146.73,0.5,0.40528,0
0.0007,1.92E-05,0.00020739,0,146.73,0.5,0.40628,0
0.0007,1.88E-05,0.00020808,0,148.57,0.5,0.40728,0
0.0007,1.83E-05,0.00020877,0,148.57,0.5,0.40829,0
0.0007,1.78E-05,0.00020946,0,148.57,0.5,0.40929,0
0.0007,1.73E-05,0.00021015,0,148.57,0.5,0.41029,0
0.0007,1.68E-05,0.00021085,0,150.49,0.5,0.41129,0
0.0007,1.64E-05,0.00021155,0,150.49,0.5,0.41229,0
0.0007,1.59E-05,0.00021225,0,150.49,0.5,0.41329,0
0.0007,1.54E-05,0.00021295,0,152.52,0.5,0.41429,0
0.0007,1.49E-05,0.00021366,0,152.52,0.5,0.41529,0
0.0007,1.43E-05,0.00021438,0,152.52,0.5,0.41629,0
0.0007,1.38E-05,0.00021509,0,152.52,0.5,0.41729,0
0.0007,1.33E-05,0.0002158,0,154.65,0.5,0.41829,0
0.0007,1.28E-05,0.00021652,0,154.65,0.5,0.41929,0
0.0007,1.22E-05,0.00021724,0,154.65,0.5,0.42029,0
0.0007,1.17E-05,0.00021797,0,154.65,0.5,0.42129,0
0.0007,1.12E-05,0.00021869,0,156.89,0.5,0.4223,0
0.0007,1.06E-05,0.00021943,0,156.89,0.5,0.4233,0
0.0007,1.01E-05,0.00022016,0,156.89,0.5,0.4243,0
0.0007,9.50E-06,0.00022089,0,156.89,0.5,0.4253,0
0.0007,8.94E-06,0.00022163,0,159.25,0.5,0.4263,0
0.0007,8.36E-06,0.00022238,0,159.25,0.5,0.4273,0
0.0007,7.78E-06,0.00022313,0,159.25,0.5,0.4283,0
0.0007,7.20E-06,0.00022388,0,159.25,0.5,0.4293,0
0.0007,6.61E-06,0.00022463,0,161.72,0.5,0.4303,0
0.0007,6.00E-06,0.00022539,0,161.72,0.5,0.4313,0
0.0007,5.39E-06,0.00022616,0,161.72,0.5,0.4323,0
0.0007,4.79E-06,0.00022692,0,161.72,0.5,0.4333,0
0.0007,4.17E-06,0.00022769,0,164.32,0.5,0.4343,0
0.0007,3.53E-06,0.00022847,0,176.63,0.5,0.4353,0
0.0007,2.90E-06,0.00022925,0,176.63,0.5,0.43631,0
0.0007,2.26E-06,0.00023003,0,176.63,0.5,0.43731,0
0.0007,1.61E-06,0.00023082,0,180.55,0.5,0.43831,0
0.0007,9.46E-07,0.00023161,0,180.55,0.5,0.43931,0
0.0007,2.82E-07,0.00023241,0,180.55,0.5,0.44031,0
0.0007,-3.83E-07,0.00023321,0,180.55,0.5,0.44131,0
0.0007,-1.07E-06,0.00023402,0,184.79,0.5,0.44231,0
0.0007,-1.77E-06,0.00023483,0,184.79,0.5,0.44331,0
0.0007,-2.46E-06,0.00023565,0,184.79,0.5,0.44431,0
0.0007,-3.16E-06,0.00023647,0,184.79,0.5,0.44531,0
0.0007,-3.88E-06,0.0002373,0,189.4,0.5,0.44631,0
0.0007,-4.62E-06,0.00023814,0,189.4,0.5,0.44731,0
0.0007,-5.35E-06,0.00023899,0,189.4,0.5,0.44831,0
0.0007,-6.08E-06,0.00023983,0,189.4,0.5,0.44931,0
0.0007,-6.84E-06,0.00024069,0,194.44,0.5,0.45031,0
0.0007,-7.62E-06,0.00024156,0,194.44,0.5,0.45132,0
0.0007,-8.39E-06,0.00024243,0,194.44,0.5,0.45232,0
0.0007,-9.16E-06,0.00024329,0,194.44,0.5,0.45332,0
0.0007,-9.96E-06,0.00024419,0,199.97,0.5,0.45432,0
0.0007,-1.08E-05,0.00024509,0,199.97,0.5,0.45532,0
0.0007,-1.16E-05,0.00024599,0,199.97,0.5,0.45632,0
0.0007,-1.24E-05,0.0002469,0,206.07,0.5,0.45732,0
0.0007,-1.33E-05,0.00024784,0,206.07,0.5,0.45832,0
0.0007,-1.41E-05,0.00024878,0,206.07,0.5,0.45932,0
0.0007,-1.50E-05,0.00024972,0,206.07,0.5,0.46032,0
0.0007,-1.58E-05,0.00025066,0,212.83,0.5,0.46132,0
0.0007,-1.67E-05,0.00025165,0,212.83,0.5,0.46232,0
0.0007,-1.76E-05,0.00025264,0,212.83,0.5,0.46332,0
0.0007,-1.85E-05,0.00025363,0,212.83,0.5,0.46432,0
0.0007,-1.95E-05,0.00025463,0,220.4,0.5,0.46533,0
0.0007,-2.04E-05,0.00025568,0,220.4,0.5,0.46633,0
0.0007,-2.14E-05,0.00025673,0,220.4,0.5,0.46733,0
0.0007,-2.23E-05,0.00025778,0,220.4,0.5,0.46833,0
0.0007,-2.33E-05,0.00025886,0,228.95,0.5,0.46933,0
0.0007,-2.43E-05,0.00025999,0,228.95,0.5,0.47033,0
0.0007,-2.53E-05,0.00026113,0,228.95,0.5,0.47133,0
0.0007,-2.63E-05,0.00026226,0,228.95,0.5,0.47233,0
0.0007,-2.74E-05,0.00026344,0,238.73,0.5,0.47333,0
0.0007,-2.84E-05,0.00026469,0,238.73,0.5,0.47433,0
0.0007,-2.95E-05,0.00026593,0,238.73,0.5,0.47533,0
0.0007,-3.06E-05,0.00026718,0,238.73,0.5,0.47633,0
0.0007,-3.17E-05,0.00026851,0,250.16,0.5,0.47733,0
0.0007,-3.28E-05,0.00026992,0,250.16,0.5,0.47833,0
0.0007,-3.39E-05,0.00027133,0,250.16,0.5,0.47934,0
0.0007,-3.50E-05,0.00027275,0,250.16,0.5,0.48034,0
0.0007,-3.62E-05,0.00027431,0,263.84,0.5,0.48134,0
0.0007,-3.74E-05,0.00027598,0,263.84,0.5,0.48234,0
0.0007,-3.85E-05,0.00027765,0,263.84,0.5,0.48334,0
0.0007,-3.97E-05,0.00027932,0,263.84,0.5,0.48434,0
0.0007,-4.09E-05,0.0002813,0,280.95,0.5,0.48534,0
0.0007,-4.21E-05,0.00028342,0,280.95,0.5,0.48634,0
0.0007,-4.32E-05,0.00028554,0,280.95,0.5,0.48734,0
0.0007,-4.44E-05,0.00028766,0,280.95,0.5,0.48834,0
0.0007,-4.54E-05,0.0002905,0,300.87,0.5,0.48934,0
0.0007,-4.64E-05,0.00029355,0,300.87,0.5,0.49034,0
0.0007,-4.73E-05,0.00029661,0,300.87,0.5,0.49134,0
0.0007,-4.82E-05,0.00029966,0,300.87,0.5,0.49234,0
0.0007,-4.85E-05,0.00030456,0,328.81,0.5,0.49335,0
0.0007,-4.86E-05,0.00030977,0,328.81,0.5,0.49435,0
0.0007,-4.88E-05,0.00031498,0,328.81,0.5,0.49535,0
0.0007,-4.89E-05,0.0003202,0,328.81,0.5,0.49635,0
0.0007,-4.85E-05,0.00032759,0,338.34,0.5,0.49735,0
0.0007,-4.81E-05,0.00033514,0,338.34,0.5,0.49835,0
0.0007,-4.77E-05,0.00034269,0,338.34,0.5,0.49935,0
0.0007,-4.73E-05,0.00035024,0,338.48,0.5,0.50035,0
0.0007,-4.78E-05,0.00035779,0,338.48,0.5,0.50135,0
0.0007,-4.83E-05,0.00036534,0,338.48,0.5,0.50235,0
0.0007,-4.88E-05,0.00037289,0,338.48,0.5,0.50335,0
0.0007,-4.93E-05,0.00038029,0,329.21,0.5,0.50435,0
0.0007,-4.92E-05,0.00038551,0,329.21,0.5,0.50535,0
0.0007,-4.92E-05,0.00039072,0,329.21,0.5,0.50635,0
0.0007,-4.91E-05,0.00039594,0,329.21,0.5,0.50735,0
0.0007,-4.90E-05,0.00040085,0,301.36,0.5,0.50836,0
0.0007,-4.81E-05,0.00040391,0,301.36,0.5,0.50936,0
0.0007,-4.72E-05,0.00040696,0,301.36,0.5,0.51036,0
0.0007,-4.64E-05,0.00041002,0,301.36,0.5,0.51136,0
0.0007,-4.55E-05,0.00041286,0,281.5,0.5,0.51236,0
0.0007,-4.44E-05,0.00041498,0,281.5,0.5,0.51336,0
0.0007,-4.33E-05,0.00041711,0,281.5,0.5,0.51436,0
0.0007,-4.21E-05,0.00041923,0,281.5,0.5,0.51536,0
0.0007,-4.10E-05,0.00042121,0,264.4,0.5,0.51636,0
0.0007,-3.99E-05,0.00042289,0,264.4,0.5,0.51736,0
0.0007,-3.88E-05,0.00042456,0,264.4,0.5,0.51836,0
0.0007,-3.77E-05,0.00042623,0,264.4,0.5,0.51936,0
0.0007,-3.67E-05,0.0004278,0,250.71,0.5,0.52036,0
0.0007,-3.56E-05,0.00042921,0,250.71,0.5,0.52136,0
0.0007,-3.46E-05,0.00043063,0,250.71,0.5,0.52237,0
0.0007,-3.35E-05,0.00043204,0,250.71,0.5,0.52337,0
0.0007,-3.25E-05,0.00043337,0,239.28,0.5,0.52437,0
0.0007,-3.15E-05,0.00043462,0,239.28,0.5,0.52537,0
0.0007,-3.05E-05,0.00043587,0,239.28,0.5,0.52637,0
0.0007,-2.95E-05,0.00043712,0,239.28,0.5,0.52737,0
0.0007,-2.85E-05,0.0004383,0,229.48,0.5,0.52837,0
0.0007,-2.76E-05,0.00043944,0,229.48,0.5,0.52937,0
0.0007,-2.66E-05,0.00044057,0,229.48,0.5,0.53037,0
0.0007,-2.57E-05,0.00044171,0,229.48,0.5,0.53137,0
0.0007,-2.48E-05,0.00044279,0,220.92,0.5,0.53237,0
0.0007,-2.39E-05,0.00044384,0,220.92,0.5,0.53337,0
0.0007,-2.30E-05,0.00044489,0,220.92,0.5,0.53437,0
0.0007,-2.21E-05,0.00044594,0,220.92,0.5,0.53537,0
0.0007,-2.13E-05,0.00044695,0,213.34,0.5,0.53638,0
0.0007,-2.05E-05,0.00044794,0,213.34,0.5,0.53738,0
0.0007,-1.96E-05,0.00044893,0,213.34,0.5,0.53838,0
0.0007,-1.88E-05,0.00044992,0,213.34,0.5,0.53938,0
0.0007,-1.80E-05,0.00045087,0,206.56,0.5,0.54038,0
0.0007,-1.72E-05,0.00045181,0,206.56,0.5,0.54138,0
0.0007,-1.64E-05,0.00045275,0,206.56,0.5,0.54238,0
0.0007,-1.56E-05,0.00045369,0,206.56,0.5,0.54338,0
0.0007,-1.49E-05,0.0004546,0,200.46,0.5,0.54438,0
0.0007,-1.42E-05,0.0004555,0,200.46,0.5,0.54538,0
0.0007,-1.34E-05,0.0004564,0,200.46,0.5,0.54638,0
0.0007,-1.27E-05,0.0004573,0,194.92,0.5,0.54738,0
0.0007,-1.20E-05,0.00045817,0,194.92,0.5,0.54838,0
0.0007,-1.13E-05,0.00045904,0,194.92,0.5,0.54938,0
0.0007,-1.06E-05,0.00045991,0,194.92,0.5,0.55038,0
0.0007,-9.89E-06,0.00046078,0,189.87,0.5,0.55139,0
0.0007,-9.23E-06,0.00046162,0,189.87,0.5,0.55239,0
0.0007,-8.56E-06,0.00046246,0,189.87,0.5,0.55339,0
0.0007,-7.90E-06,0.0004633,0,189.87,0.5,0.55439,0
0.0007,-7.25E-06,0.00046414,0,185.25,0.5,0.55539,0
0.0007,-6.62E-06,0.00046496,0,185.25,0.5,0.55639,0
0.0007,-6.00E-06,0.00046578,0,185.25,0.5,0.55739,0
0.0007,-5.37E-06,0.0004666,0,185.25,0.5,0.55839,0
0.0007,-4.76E-06,0.00046741,0,181,0.5,0.55939,0
0.0007,-4.16E-06,0.00046821,0,181,0.5,0.56039,0
0.0007,-3.57E-06,0.00046901,0,181,0.5,0.56139,0
0.0007,-2.98E-06,0.00046981,0,181,0.5,0.56239,0
0.0007,-2.40E-06,0.0004706,0,177.09,0.5,0.56339,0
0.0007,-1.83E-06,0.00047138,0,177.09,0.5,0.56439,0
0.0007,-1.27E-06,0.00047216,0,177.09,0.5,0.5654,0
0.0007,-7.07E-07,0.00047294,0,177.09,0.5,0.5664,0
0.0007,-1.59E-07,0.00047371,0,173.46,0.5,0.5674,0
0.0007,3.76E-07,0.00047448,0,173.46,0.5,0.5684,0
0.0007,9.10E-07,0.00047524,0,173.46,0.5,0.5694,0
0.0007,1.45E-06,0.000476,0,173.46,0.5,0.5704,0
0.0007,1.96E-06,0.00047676,0,170.09,0.5,0.5714,0
0.0007,2.47E-06,0.00047751,0,170.09,0.5,0.5724,0
0.0007,2.98E-06,0.00047826,0,170.09,0.5,0.5734,0
0.0007,3.49E-06,0.00047901,0,170.09,0.5,0.5744,0
0.0007,3.98E-06,0.00047975,0,157.34,0.5,0.5754,0
0.0007,4.46E-06,0.00048049,0,157.34,0.5,0.5764,0
0.0007,4.95E-06,0.00048122,0,157.34,0.5,0.5774,0
0.0007,5.43E-06,0.00048196,0,157.34,0.5,0.5784,0
0.0007,5.90E-06,0.00048268,0,155.1,0.5,0.57941,0
0.0007,6.36E-06,0.00048341,0,155.1,0.5,0.58041,0
0.0007,6.82E-06,0.00048413,0,155.1,0.5,0.58141,0
0.0007,7.28E-06,0.00048486,0,155.1,0.5,0.58241,0
0.0007,7.72E-06,0.00048557,0,152.97,0.5,0.58341,0
0.0007,8.16E-06,0.00048628,0,152.97,0.5,0.58441,0
0.0007,8.60E-06,0.000487,0,152.97,0.5,0.58541,0
0.0007,9.04E-06,0.00048771,0,152.97,0.5,0.58641,0
0.0007,9.45E-06,0.00048841,0,150.94,0.5,0.58741,0
0.0007,9.87E-06,0.00048911,0,150.94,0.5,0.58841,0
0.0007,1.03E-05,0.00048982,0,150.94,0.5,0.58941,0
0.0007,1.07E-05,0.00049052,0,149.01,0.5,0.59041,0
0.0007,1.11E-05,0.00049121,0,149.01,0.5,0.59141,0
0.0007,1.15E-05,0.0004919,0,149.01,0.5,0.59241,0
0.0007,1.19E-05,0.00049259,0,149.01,0.5,0.59342,0
0.0007,1.23E-05,0.00049328,0,147.18,0.5,0.59442,0
0.0007,1.27E-05,0.00049397,0,147.18,0.5,0.59542,0
0.0007,1.31E-05,0.00049465,0,147.18,0.5,0.59642,0
0.0007,1.35E-05,0.00049533,0,147.18,0.5,0.59742,0
0.0007,1.38E-05,0.00049601,0,145.43,0.5,0.59842,0
0.0007,1.42E-05,0.00049669,0,145.43,0.5,0.59942,0
0.0007,1.46E-05,0.00049736,0,145.43,0.5,0.60042,0
0.0007,1.49E-05,0.00049804,0,145.43,0.5,0.60142,0
0.0007,1.53E-05,0.00049871,0,143.76,0.5,0.60242,0
0.0007,1.56E-05,0.00049937,0,143.76,0.5,0.60342,0
0.0007,1.60E-05,0.00050004,0,143.76,0.5,0.60442,0
0.0007,1.63E-05,0.0005007,0,143.76,0.5,0.60542,0
0.0007,1.67E-05,0.00050137,0,142.18,0.5,0.60642,0
0.0007,1.70E-05,0.00050202,0,142.18,0.5,0.60742,0
0.0007,1.73E-05,0.00050268,0,142.18,0.5,0.60843,0
0.0007,1.77E-05,0.00050334,0,142.18,0.5,0.60943,0
0.0007,1.80E-05,0.00050399,0,140.66,0.5,0.61043,0
0.0007,1.83E-05,0.00050464,0,140.66,0.5,0.61143,0
0.0007,1.86E-05,0.00050529,0,140.66,0.5,0.61243,0
0.0007,1.90E-05,0.00050595,0,140.66,0.5,0.61343,0
0.0007,1.93E-05,0.00050659,0,139.21,0.5,0.61443,0
0.0007,1.96E-05,0.00050723,0,139.21,0.5,0.61543,0
0.0007,1.99E-05,0.00050788,0,139.21,0.5,0.61643,0
0.0007,2.02E-05,0.00050852,0,139.21,0.5,0.61743,0
0.0007,2.05E-05,0.00050916,0,137.83,0.5,0.61843,0
0.0007,2.08E-05,0.0005098,0,137.83,0.5,0.61943,0
0.0007,2.11E-05,0.00051043,0,137.83,0.5,0.62043,0
0.0007,2.13E-05,0.00051107,0,137.83,0.5,0.62143,0
0.0007,2.16E-05,0.0005117,0,136.5,0.5,0.62244,0
0.0007,2.19E-05,0.00051233,0,136.5,0.5,0.62344,0
0.0007,2.22E-05,0.00051296,0,136.5,0.5,0.62444,0
0.0007,2.25E-05,0.00051359,0,136.5,0.5,0.62544,0
0.0007,2.27E-05,0.00051421,0,135.23,0.5,0.62644,0
0.0007,2.30E-05,0.00051484,0,135.23,0.5,0.62744,0
0.0007,2.33E-05,0.00051546,0,135.23,0.5,0.62844,0
0.0007,2.35E-05,0.00051609,0,134.02,0.5,0.62944,0
0.0007,2.38E-05,0.0005167,0,134.02,0.5,0.63044,0
0.0007,2.40E-05,0.00051732,0,134.02,0.5,0.63144,0
0.0007,2.43E-05,0.00051794,0,134.02,0.5,0.63244,0
0.0007,2.46E-05,0.00051856,0,132.86,0.5,0.63344,0
0.0007,2.48E-05,0.00051917,0,132.86,0.5,0.63444,0
0.0007,2.50E-05,0.00051978,0,132.86,0.5,0.63544,0
0.0007,2.53E-05,0.00052039,0,132.86,0.5,0.63645,0
0.0007,2.55E-05,0.000521,0,131.74,0.5,0.63745,0
0.0007,2.58E-05,0.00052161,0,131.74,0.5,0.63845,0
0.0007,2.60E-05,0.00052222,0,131.74,0.5,0.63945,0
0.0007,2.62E-05,0.00052282,0,131.74,0.5,0.64045,0
0.0007,2.65E-05,0.00052343,0,130.67,0.5,0.64145,0
0.0007,2.67E-05,0.00052403,0,130.67,0.5,0.64245,0
0.0007,2.69E-05,0.00052463,0,130.67,0.5,0.64345,0
0.0007,2.71E-05,0.00052523,0,130.67,0.5,0.64445,0
0.0007,2.73E-05,0.00052583,0,129.64,0.5,0.64545,0
0.0007,2.76E-05,0.00052643,0,129.64,0.5,0.64645,0
0.0007,2.78E-05,0.00052703,0,129.64,0.5,0.64745,0
0.0007,2.80E-05,0.00052762,0,129.64,0.5,0.64845,0
0.0007,2.82E-05,0.00052822,0,128.65,0.5,0.64945,0
0.0007,2.84E-05,0.00052881,0,128.65,0.5,0.65045,0
0.0007,2.86E-05,0.0005294,0,128.65,0.5,0.65146,0
0.0007,2.88E-05,0.00052999,0,128.65,0.5,0.65246,0
0.0007,2.90E-05,0.00053058,0,127.7,0.5,0.65346,0
0.0007,2.92E-05,0.00053117,0,127.7,0.5,0.65446,0
0.0007,2.94E-05,0.00053175,0,127.7,0.5,0.65546,0
0.0007,2.96E-05,0.00053234,0,127.7,0.5,0.65646,0
0.0007,2.98E-05,0.00053292,0,126.79,0.5,0.65746,0
0.0007,3.00E-05,0.00053351,0,126.79,0.5,0.65846,0
0.0007,3.01E-05,0.00053409,0,126.79,0.5,0.65946,0
0.0007,3.03E-05,0.00053467,0,126.79,0.5,0.66046,0
0.0007,3.05E-05,0.00053525,0,125.91,0.5,0.66146,0
0.0007,3.07E-05,0.00053583,0,125.91,0.5,0.66246,0
0.0007,3.09E-05,0.00053641,0,125.91,0.5,0.66346,0
0.0007,3.10E-05,0.00053698,0,125.91,0.5,0.66446,0
0.0007,3.12E-05,0.00053756,0,125.06,0.5,0.66547,0
0.0007,3.14E-05,0.00053813,0,125.06,0.5,0.66647,0
0.0007,3.15E-05,0.00053871,0,125.06,0.5,0.66747,0
0.0007,3.17E-05,0.00053928,0,125.06,0.5,0.66847,0
0.0007,3.19E-05,0.00053985,0,124.24,0.5,0.66947,0
0.0007,3.20E-05,0.00054042,0,124.24,0.5,0.67047,0
0.0007,3.22E-05,0.00054099,0,124.24,0.5,0.67147,0
0.0007,3.23E-05,0.00054156,0,123.45,0.5,0.67247,0
0.0007,3.25E-05,0.00054212,0,123.45,0.5,0.67347,0
0.0007,3.26E-05,0.00054269,0,123.45,0.5,0.67447,0
0.0007,3.28E-05,0.00054326,0,123.45,0.5,0.67547,0
0.0007,3.29E-05,0.00054382,0,122.69,0.5,0.67647,0
0.0007,3.31E-05,0.00054438,0,122.69,0.5,0.67747,0
0.0007,3.32E-05,0.00054495,0,122.69,0.5,0.67847,0
0.0007,3.34E-05,0.00054551,0,122.69,0.5,0.67948,0
0.0007,3.35E-05,0.00054607,0,121.96,0.5,0.68048,0
0.0007,3.36E-05,0.00054663,0,121.96,0.5,0.68148,0
0.0007,3.38E-05,0.00054719,0,121.96,0.5,0.68248,0
0.0007,3.39E-05,0.00054774,0,121.96,0.5,0.68348,0
0.0007,3.41E-05,0.0005483,0,121.25,0.5,0.68448,0
0.0007,3.42E-05,0.00054886,0,121.25,0.5,0.68548,0
0.0007,3.43E-05,0.00054941,0,121.25,0.5,0.68648,0
0.0007,3.44E-05,0.00054997,0,121.25,0.5,0.68748,0
0.0007,3.46E-05,0.00055052,0,120.57,0.5,0.68848,0
0.0007,3.47E-05,0.00055107,0,120.57,0.5,0.68948,0
0.0007,3.48E-05,0.00055162,0,120.57,0.5,0.69048,0
0.0007,3.49E-05,0.00055218,0,120.57,0.5,0.69148,0
0.0007,3.50E-05,0.00055273,0,119.91,0.5,0.69248,0
0.0007,3.52E-05,0.00055327,0,119.91,0.5,0.69349,0
0.0007,3.53E-05,0.00055382,0,119.91,0.5,0.69449,0
0.0007,3.54E-05,0.00055437,0,119.91,0.5,0.69549,0
0.0007,3.55E-05,0.00055492,0,119.27,0.5,0.69649,0
0.0007,3.56E-05,0.00055546,0,119.27,0.5,0.69749,0
0.0007,3.57E-05,0.00055601,0,119.27,0.5,0.69849,0
0.0007,3.58E-05,0.00055655,0,119.27,0.5,0.69949,0
0.0007,3.59E-05,0.00055709,0,118.65,0.5,0.70049,0
0.0007,3.60E-05,0.00055764,0,118.65,0.5,0.70149,0
0.0007,3.61E-05,0.00055818,0,118.65,0.5,0.70249,0
0.0007,3.62E-05,0.00055872,0,118.65,0.5,0.70349,0
0.0007,3.63E-05,0.00055926,0,118.06,0.5,0.70449,0
0.0007,3.64E-05,0.0005598,0,118.06,0.5,0.70549,0
0.0007,3.65E-05,0.00056034,0,118.06,0.5,0.70649,0
0.0007,3.66E-05,0.00056088,0,118.06,0.5,0.70749,0
0.0007,3.67E-05,0.00056141,0,117.48,0.5,0.7085,0
0.0007,3.68E-05,0.00056195,0,117.48,0.5,0.7095,0
0.0007,3.68E-05,0.00056248,0,117.48,0.5,0.7105,0
0.0007,3.69E-05,0.00056302,0,116.92,0.5,0.7115,0
0.0007,3.70E-05,0.00056355,0,116.92,0.5,0.7125,0
0.0007,3.71E-05,0.00056409,0,116.92,0.5,0.7135,0
0.0007,3.72E-05,0.00056462,0,116.92,0.5,0.7145,0
0.0007,3.72E-05,0.00056515,0,116.38,0.5,0.7155,0
0.0007,3.73E-05,0.00056568,0,116.38,0.5,0.7165,0
0.0007,3.74E-05,0.00056621,0,116.38,0.5,0.7175,0
0.0007,3.75E-05,0.00056675,0,116.38,0.5,0.7185,0
0.0007,3.75E-05,0.00056728,0,115.86,0.5,0.7195,0
0.0007,3.76E-05,0.0005678,0,115.86,0.5,0.7205,0
0.0007,3.77E-05,0.00056833,0,115.86,0.5,0.7215,0
0.0007,3.77E-05,0.00056886,0,115.86,0.5,0.72251,0
0.0007,3.78E-05,0.00056939,0,115.35,0.5,0.72351,0
0.0007,3.79E-05,0.00056991,0,115.35,0.5,0.72451,0
0.0007,3.79E-05,0.00057044,0,115.35,0.5,0.72551,0
0.0007,3.80E-05,0.00057096,0,115.35,0.5,0.72651,0
0.0007,3.80E-05,0.00057149,0,114.86,0.5,0.72751,0
0.0007,3.81E-05,0.00057201,0,114.86,0.5,0.72851,0
0.0007,3.82E-05,0.00057253,0,114.86,0.5,0.72951,0
0.0007,3.82E-05,0.00057305,0,114.86,0.5,0.73051,0
0.0007,3.83E-05,0.00057358,0,114.38,0.5,0.73151,0
0.0007,3.83E-05,0.0005741,0,114.38,0.5,0.73251,0
0.0007,3.84E-05,0.00057462,0,114.38,0.5,0.73351,0
0.0007,3.84E-05,0.00057514,0,114.38,0.5,0.73451,0
0.0007,3.84E-05,0.00057566,0,113.92,0.5,0.73551,0
0.0007,3.85E-05,0.00057617,0,113.92,0.5,0.73652,0
0.0007,3.85E-05,0.00057669,0,113.92,0.5,0.73752,0
0.0007,3.86E-05,0.00057721,0,113.92,0.5,0.73852,0
0.0007,3.86E-05,0.00057773,0,113.47,0.5,0.73952,0
0.0007,3.87E-05,0.00057824,0,113.47,0.5,0.74052,0
0.0007,3.87E-05,0.00057876,0,113.47,0.5,0.74152,0
0.0007,3.87E-05,0.00057927,0,113.47,0.5,0.74252,0
0.0007,3.88E-05,0.00057979,0,113.04,0.5,0.74352,0
0.0007,3.88E-05,0.0005803,0,113.04,0.5,0.74452,0
0.0007,3.88E-05,0.00058082,0,113.04,0.5,0.74552,0
0.0007,3.88E-05,0.00058133,0,113.04,0.5,0.74652,0
0.0007,3.89E-05,0.00058184,0,112.62,0.5,0.74752,0
0.0007,3.89E-05,0.00058235,0,112.62,0.5,0.74852,0
0.0007,3.89E-05,0.00058286,0,112.62,0.5,0.74952,0
0.0007,3.90E-05,0.00058337,0,112.62,0.5,0.75052,0
0.0007,3.90E-05,0.00058388,0,112.21,0.5,0.75153,0
0.0007,3.90E-05,0.00058439,0,112.21,0.5,0.75253,0
0.0007,3.90E-05,0.0005849,0,112.21,0.5,0.75353,0
0.0007,3.90E-05,0.00058541,0,111.81,0.5,0.75453,0
0.0007,3.90E-05,0.00058592,0,111.81,0.5,0.75553,0
0.0007,3.91E-05,0.00058643,0,111.81,0.5,0.75653,0
0.0007,3.91E-05,0.00058693,0,111.81,0.5,0.75753,0
0.0007,3.91E-05,0.00058744,0,111.43,0.5,0.75853,0
0.0007,3.91E-05,0.00058794,0,111.43,0.5,0.75953,0
0.0007,3.91E-05,0.00058845,0,111.43,0.5,0.76053,0
0.0007,3.91E-05,0.00058896,0,111.43,0.5,0.76153,0
0.0007,3.91E-05,0.00058946,0,111.05,0.5,0.76253,0
0.0007,3.91E-05,0.00058996,0,111.05,0.5,0.76353,0
0.0007,3.91E-05,0.00059047,0,111.05,0.5,0.76453,0
0.0007,3.91E-05,0.00059097,0,111.05,0.5,0.76554,0
0.0007,3.91E-05,0.00059147,0,110.69,0.5,0.76654,0
0.0007,3.91E-05,0.00059197,0,110.69,0.5,0.76754,0
0.0007,3.91E-05,0.00059247,0,110.69,0.5,0.76854,0
0.0007,3.91E-05,0.00059298,0,110.69,0.5,0.76954,0
0.0007,3.91E-05,0.00059348,0,110.34,0.5,0.77054,0
0.0007,3.91E-05,0.00059398,0,110.34,0.5,0.77154,0
0.0007,3.91E-05,0.00059448,0,110.34,0.5,0.77254,0
0.0007,3.91E-05,0.00059498,0,110.34,0.5,0.77354,0
0.0007,3.91E-05,0.00059547,0,109.99,0.5,0.77454,0
0.0007,3.91E-05,0.00059597,0,109.99,0.5,0.77554,0
0.0007,3.90E-05,0.00059647,0,109.99,0.5,0.77654,0
0.0007,3.90E-05,0.00059697,0,109.99,0.5,0.77754,0
0.0007,3.90E-05,0.00059746,0,109.66,0.5,0.77854,0
0.0007,3.90E-05,0.00059796,0,109.66,0.5,0.77955,0
0.0007,3.90E-05,0.00059846,0,109.66,0.5,0.78055,0
0.0007,3.90E-05,0.00059895,0,109.66,0.5,0.78155,0
0.0007,3.89E-05,0.00059945,0,109.34,0.5,0.78255,0
0.0007,3.89E-05,0.00059994,0,109.34,0.5,0.78355,0
0.0007,3.89E-05,0.00060043,0,109.34,0.5,0.78455,0
0.0007,3.89E-05,0.00060093,0,109.34,0.5,0.78555,0
0.0007,3.88E-05,0.00060142,0,109.02,0.5,0.78655,0
0.0007,3.88E-05,0.00060191,0,109.02,0.5,0.78755,0
0.0007,3.88E-05,0.00060241,0,109.02,0.5,0.78855,0
0.0007,3.87E-05,0.0006029,0,109.02,0.5,0.78955,0
0.0007,3.87E-05,0.00060339,0,108.72,0.5,0.79055,0
0.0007,3.87E-05,0.00060388,0,108.72,0.5,0.79155,0
0.0007,3.86E-05,0.00060437,0,108.72,0.5,0.79255,0
0.0007,3.86E-05,0.00060486,0,108.72,0.5,0.79356,0
0.0007,3.86E-05,0.00060535,0,108.42,0.5,0.79456,0
0.0007,3.85E-05,0.00060584,0,108.42,0.5,0.79556,0
0.0007,3.85E-05,0.00060633,0,108.42,0.5,0.79656,0
0.0007,3.84E-05,0.00060682,0,108.13,0.5,0.79756,0
0.0007,3.84E-05,0.00060731,0,108.13,0.5,0.79856,0
0.0007,3.84E-05,0.0006078,0,108.13,0.5,0.79956,0
0.0007,3.83E-05,0.00060828,0,108.13,0.5,0.80056,0
0.0007,3.83E-05,0.00060877,0,107.85,0.5,0.80156,0
0.0007,3.82E-05,0.00060926,0,107.85,0.5,0.80256,0
0.0007,3.82E-05,0.00060975,0,107.85,0.5,0.80356,0
0.0007,3.81E-05,0.00061023,0,107.85,0.5,0.80456,0
0.0007,3.81E-05,0.00061072,0,107.58,0.5,0.80556,0
0.0007,3.80E-05,0.0006112,0,107.58,0.5,0.80656,0
0.0007,3.79E-05,0.00061169,0,107.58,0.5,0.80756,0
0.0007,3.79E-05,0.00061217,0,107.58,0.5,0.80857,0
0.0007,3.78E-05,0.00061266,0,107.31,0.5,0.80957,0
0.0007,3.78E-05,0.00061314,0,107.31,0.5,0.81057,0
0.0007,3.77E-05,0.00061362,0,107.31,0.5,0.81157,0
0.0007,3.76E-05,0.00061411,0,107.31,0.5,0.81257,0
0.0007,3.76E-05,0.00061459,0,107.05,0.5,0.81357,0
0.0007,3.75E-05,0.00061507,0,107.05,0.5,0.81457,0
0.0007,3.75E-05,0.00061555,0,107.05,0.5,0.81557,0
0.0007,3.74E-05,0.00061604,0,107.05,0.5,0.81657,0
0.0007,3.73E-05,0.00061652,0,106.8,0.5,0.81757,0
0.0007,3.72E-05,0.000617,0,106.8,0.5,0.81857,0
0.0007,3.72E-05,0.00061748,0,106.8,0.5,0.81957,0
0.0007,3.71E-05,0.00061796,0,106.8,0.5,0.82057,0
0.0007,3.70E-05,0.00061844,0,106.56,0.5,0.82157,0
0.0007,3.69E-05,0.00061892,0,106.56,0.5,0.82258,0
0.0007,3.69E-05,0.0006194,0,106.56,0.5,0.82358,0
0.0007,3.68E-05,0.00061988,0,106.56,0.5,0.82458,0
0.0007,3.67E-05,0.00062036,0,106.32,0.5,0.82558,0
0.0007,3.66E-05,0.00062083,0,106.32,0.5,0.82658,0
0.0007,3.65E-05,0.00062131,0,106.32,0.5,0.82758,0
0.0007,3.65E-05,0.00062179,0,106.32,0.5,0.82858,0
0.0007,3.64E-05,0.00062227,0,106.09,0.5,0.82958,0
0.0007,3.63E-05,0.00062274,0,106.09,0.5,0.83058,0
0.0007,3.62E-05,0.00062322,0,106.09,0.5,0.83158,0
0.0007,3.61E-05,0.0006237,0,106.09,0.5,0.83258,0
0.0007,3.60E-05,0.00062417,0,105.86,0.5,0.83358,0
0.0007,3.59E-05,0.00062465,0,105.86,0.5,0.83458,0
0.0007,3.58E-05,0.00062512,0,105.86,0.5,0.83558,0
0.0007,3.57E-05,0.0006256,0,105.64,0.5,0.83659,0
0.0007,3.56E-05,0.00062607,0,105.64,0.5,0.83759,0
0.0007,3.56E-05,0.00062655,0,105.64,0.5,0.83859,0
0.0007,3.55E-05,0.00062702,0,105.64,0.5,0.83959,0
0.0007,3.54E-05,0.0006275,0,105.43,0.5,0.84059,0
0.0007,3.53E-05,0.00062797,0,105.43,0.5,0.84159,0
0.0007,3.51E-05,0.00062844,0,105.43,0.5,0.84259,0
0.0007,3.50E-05,0.00062891,0,105.43,0.5,0.84359,0
0.0007,3.49E-05,0.00062939,0,105.22,0.5,0.84459,0
0.0007,3.48E-05,0.00062986,0,105.22,0.5,0.84559,0
0.0007,3.47E-05,0.00063033,0,105.22,0.5,0.84659,0
0.0007,3.46E-05,0.0006308,0,105.22,0.5,0.84759,0
0.0007,3.45E-05,0.00063127,0,105.02,0.5,0.84859,0
0.0007,3.44E-05,0.00063175,0,105.02,0.5,0.84959,0
0.0007,3.43E-05,0.00063222,0,105.02,0.5,0.85059,0
0.0007,3.42E-05,0.00063269,0,105.02,0.5,0.8516,0
0.0007,3.40E-05,0.00063316,0,104.82,0.5,0.8526,0
0.0007,3.39E-05,0.00063363,0,104.82,0.5,0.8536,0
0.0007,3.38E-05,0.0006341,0,104.82,0.5,0.8546,0
0.0007,3.37E-05,0.00063457,0,104.82,0.5,0.8556,0
0.0007,3.36E-05,0.00063503,0,104.62,0.5,0.8566,0
0.0007,3.34E-05,0.0006355,0,104.62,0.5,0.8576,0
0.0007,3.33E-05,0.00063597,0,104.62,0.5,0.8586,0
0.0007,3.32E-05,0.00063644,0,104.62,0.5,0.8596,0
0.0007,3.31E-05,0.00063691,0,104.43,0.5,0.8606,0
0.0007,3.29E-05,0.00063738,0,104.43,0.5,0.8616,0
0.0007,3.28E-05,0.00063784,0,104.43,0.5,0.8626,0
0.0007,3.27E-05,0.00063831,0,104.43,0.5,0.8636,0
0.0007,3.25E-05,0.00063878,0,104.25,0.5,0.8646,0
0.0007,3.24E-05,0.00063924,0,104.25,0.5,0.86561,0
0.0007,3.23E-05,0.00063971,0,104.25,0.5,0.86661,0
0.0007,3.21E-05,0.00064018,0,104.25,0.5,0.86761,0
0.0007,3.20E-05,0.00064064,0,104.07,0.5,0.86861,0
0.0007,3.19E-05,0.00064111,0,104.07,0.5,0.86961,0
0.0007,3.17E-05,0.00064157,0,104.07,0.5,0.87061,0
0.0007,3.16E-05,0.00064204,0,104.07,0.5,0.87161,0
0.0007,3.14E-05,0.0006425,0,103.9,0.5,0.87261,0
0.0007,3.13E-05,0.00064297,0,103.9,0.5,0.87361,0
0.0007,3.11E-05,0.00064343,0,103.9,0.5,0.87461,0
0.0007,3.10E-05,0.00064389,0,103.9,0.5,0.87561,0
0.0007,3.08E-05,0.00064436,0,103.72,0.5,0.87661,0
0.0007,3.07E-05,0.00064482,0,103.72,0.5,0.87761,0
0.0007,3.05E-05,0.00064528,0,103.72,0.5,0.87861,0
0.0007,3.04E-05,0.00064575,0,103.56,0.5,0.87962,0
0.0007,3.02E-05,0.00064621,0,103.56,0.5,0.88062,0
0.0007,3.01E-05,0.00064667,0,103.56,0.5,0.88162,0
0.0007,2.99E-05,0.00064713,0,103.56,0.5,0.88262,0
0.0007,2.98E-05,0.0006476,0,103.39,0.5,0.88362,0
0.0007,2.96E-05,0.00064806,0,103.39,0.5,0.88462,0
0.0007,2.94E-05,0.00064852,0,103.39,0.5,0.88562,0
0.0007,2.93E-05,0.00064898,0,103.39,0.5,0.88662,0
0.0007,2.91E-05,0.00064944,0,103.23,0.5,0.88762,0
0.0007,2.89E-05,0.0006499,0,103.23,0.5,0.88862,0
0.0007,2.88E-05,0.00065036,0,103.23,0.5,0.88962,0
0.0007,2.86E-05,0.00065082,0,103.23,0.5,0.89062,0
0.0007,2.84E-05,0.00065128,0,103.08,0.5,0.89162,0
0.0007,2.83E-05,0.00065174,0,103.08,0.5,0.89262,0
0.0007,2.81E-05,0.0006522,0,103.08,0.5,0.89363,0
0.0007,2.79E-05,0.00065266,0,103.08,0.5,0.89463,0
0.0007,2.77E-05,0.00065312,0,102.93,0.5,0.89563,0
0.0007,2.75E-05,0.00065358,0,102.93,0.5,0.89663,0
0.0007,2.74E-05,0.00065403,0,102.93,0.5,0.89763,0
0.0007,2.72E-05,0.00065449,0,102.93,0.5,0.89863,0
0.0007,2.70E-05,0.00065495,0,102.78,0.5,0.89963,0
0.0007,2.68E-05,0.00065541,0,102.78,0.5,0.90063,0
0.0007,2.66E-05,0.00065587,0,102.78,0.5,0.90163,0
0.0007,2.64E-05,0.00065632,0,102.78,0.5,0.90263,0
0.0007,2.63E-05,0.00065678,0,102.63,0.5,0.90363,0
0.0007,2.61E-05,0.00065724,0,102.63,0.5,0.90463,0
0.0007,2.59E-05,0.00065769,0,102.63,0.5,0.90563,0
0.0007,2.57E-05,0.00065815,0,102.63,0.5,0.90663,0
0.0007,2.55E-05,0.00065861,0,102.49,0.5,0.90763,0
0.0007,2.53E-05,0.00065906,0,102.49,0.5,0.90864,0
0.0007,2.51E-05,0.00065952,0,102.49,0.5,0.90964,0
0.0007,2.49E-05,0.00065997,0,102.49,0.5,0.91064,0
0.0007,2.47E-05,0.00066043,0,102.34,0.5,0.91164,0
0.0007,2.45E-05,0.00066088,0,102.34,0.5,0.91264,0
0.0007,2.43E-05,0.00066134,0,102.34,0.5,0.91364,0
0.0007,2.41E-05,0.00066179,0,102.34,0.5,0.91464,0
0.0007,2.39E-05,0.00066224,0,102.21,0.5,0.91564,0
0.0007,2.37E-05,0.0006627,0,102.21,0.5,0.91664,0
0.0007,2.35E-05,0.00066315,0,102.21,0.5,0.91764,0
0.0007,2.32E-05,0.00066361,0,102.07,0.5,0.91864,0
0.0007,2.30E-05,0.00066406,0,102.07,0.5,0.91964,0
0.0007,2.28E-05,0.00066451,0,102.07,0.5,0.92064,0
0.0007,2.26E-05,0.00066496,0,102.07,0.5,0.92164,0
0.0007,2.24E-05,0.00066542,0,101.94,0.5,0.92265,0
0.0007,2.22E-05,0.00066587,0,101.94,0.5,0.92365,0
0.0007,2.19E-05,0.00066632,0,101.94,0.5,0.92465,0
0.0007,2.17E-05,0.00066677,0,101.94,0.5,0.92565,0
0.0007,2.15E-05,0.00066722,0,101.8,0.5,0.92665,0
0.0007,2.13E-05,0.00066768,0,101.8,0.5,0.92765,0
0.0007,2.10E-05,0.00066813,0,101.8,0.5,0.92865,0
0.0007,2.08E-05,0.00066858,0,101.8,0.5,0.92965,0
0.0007,2.06E-05,0.00066903,0,101.67,0.5,0.93065,0
0.0007,2.03E-05,0.00066948,0,101.67,0.5,0.93165,0
0.0007,2.01E-05,0.00066993,0,101.67,0.5,0.93265,0
0.0007,1.99E-05,0.00067038,0,101.67,0.5,0.93365,0
0.0007,1.96E-05,0.00067083,0,101.54,0.5,0.93465,0
0.0007,1.94E-05,0.00067128,0,101.54,0.5,0.93565,0
0.0007,1.92E-05,0.00067173,0,101.54,0.5,0.93666,0
0.0007,1.89E-05,0.00067218,0,101.54,0.5,0.93766,0
0.0007,1.87E-05,0.00067263,0,101.42,0.5,0.93866,0
0.0007,1.84E-05,0.00067307,0,101.42,0.5,0.93966,0
0.0007,1.82E-05,0.00067352,0,101.42,0.5,0.94066,0
0.0007,1.79E-05,0.00067397,0,101.42,0.5,0.94166,0
0.0007,1.77E-05,0.00067442,0,101.29,0.5,0.94266,0
0.0007,1.74E-05,0.00067487,0,101.29,0.5,0.94366,0
0.0007,1.72E-05,0.00067531,0,101.29,0.5,0.94466,0
0.0007,1.69E-05,0.00067576,0,101.29,0.5,0.94566,0
0.0007,1.67E-05,0.00067621,0,101.17,0.5,0.94666,0
0.0007,1.64E-05,0.00067665,0,101.17,0.5,0.94766,0
0.0007,1.61E-05,0.0006771,0,101.17,0.5,0.94866,0
0.0007,1.59E-05,0.00067755,0,101.17,0.5,0.94966,0
0.0007,1.56E-05,0.00067799,0,101.05,0.5,0.95066,0
0.0007,1.53E-05,0.00067844,0,101.05,0.5,0.95167,0
0.0007,1.51E-05,0.00067889,0,101.05,0.5,0.95267,0
0.0007,1.48E-05,0.00067933,0,101.05,0.5,0.95367,0
0.0007,1.45E-05,0.00067978,0,100.92,0.5,0.95467,0
0.0007,1.43E-05,0.00068022,0,100.92,0.5,0.95567,0
0.0007,1.40E-05,0.00068067,0,100.92,0.5,0.95667,0
0.0007,1.37E-05,0.00068111,0,100.92,0.5,0.95767,0
0.0007,1.34E-05,0.00068155,0,100.8,0.5,0.95867,0
0.0007,1.31E-05,0.000682,0,100.8,0.5,0.95967,0
0.0007,1.29E-05,0.00068244,0,100.8,0.5,0.96067,0
0.0007,1.26E-05,0.00068289,0,100.68,0.5,0.96167,0
0.0007,1.23E-05,0.00068333,0,100.68,0.5,0.96267,0
0.0007,1.20E-05,0.00068377,0,100.68,0.5,0.96367,0
0.0007,1.17E-05,0.00068422,0,100.68,0.5,0.96467,0
0.0007,1.14E-05,0.00068466,0,100.56,0.5,0.96568,0
0.0007,1.11E-05,0.0006851,0,100.56,0.5,0.96668,0
0.0007,1.08E-05,0.00068554,0,100.56,0.5,0.96768,0
0.0007,1.05E-05,0.00068599,0,100.56,0.5,0.96868,0
0.0007,1.02E-05,0.00068643,0,100.44,0.5,0.96968,0
0.0007,9.94E-06,0.00068687,0,100.44,0.5,0.97068,0
0.0007,9.64E-06,0.00068731,0,100.44,0.5,0.97168,0
0.0007,9.34E-06,0.00068775,0,100.44,0.5,0.97268,0
0.0007,9.03E-06,0.00068819,0,100.32,0.5,0.97368,0
0.0007,8.72E-06,0.00068863,0,100.32,0.5,0.97468,0
0.0007,8.41E-06,0.00068907,0,100.32,0.5,0.97568,0
0.0007,8.10E-06,0.00068951,0,100.32,0.5,0.97668,0
0.0007,7.78E-06,0.00068995,0,100.2,0.5,0.97768,0
0.0007,7.47E-06,0.00069039,0,100.2,0.5,0.97868,0
0.0007,7.15E-06,0.00069083,0,100.2,0.5,0.97969,0
0.0007,6.83E-06,0.00069127,0,100.2,0.5,0.98069,0
0.0007,6.51E-06,0.00069171,0,100.08,0.5,0.98169,0
0.0007,6.18E-06,0.00069215,0,100.08,0.5,0.98269,0
0.0007,5.85E-06,0.00069259,0,100.08,0.5,0.98369,0
0.0007,5.53E-06,0.00069302,0,100.08,0.5,0.98469,0
0.0007,5.20E-06,0.00069346,0,99.956,0.5,0.98569,0
0.0007,4.86E-06,0.0006939,0,99.956,0.5,0.98669,0
0.0007,4.53E-06,0.00069434,0,99.956,0.5,0.98769,0
0.0007,4.20E-06,0.00069477,0,99.956,0.5,0.98869,0
0.0007,3.86E-06,0.00069521,0,100.9,0.5,0.98969,0
0.0007,3.52E-06,0.00069565,0,100.9,0.5,0.99069,0
0.0007,3.17E-06,0.00069608,0,100.9,0.5,0.99169,0
0.0007,2.83E-06,0.00069652,0,100.9,0.5,0.99269,0
0.0007,2.48E-06,0.00069696,0,100.77,0.5,0.9937,0
0.0007,2.13E-06,0.00069739,0,100.77,0.5,0.9947,0
0.0007,1.78E-06,0.00069783,0,100.77,0.5,0.9957,0
0.0007,1.43E-06,0.00069826,0,100.77,0.5,0.9967,0
0.0007,1.08E-06,0.0006987,0,100.64,0.5,0.9977,0
0.0007,7.17E-07,0.00069913,0,100.64,0.5,0.9987,0
0.0007,3.58E-07,0.00069957,0,100.64,0.5,0.9997,0
0.0007,3.20E-20,0.0007,0,100.64,0.5,1.0007,0
