Time,"disp_:0","disp_:1","disp_:2","f:0","f:1","f:2","stress_11","Points:0","Points:1","Points:2"
0.0052,0.00056547,6.4358e-21,0,1.6977e-14,-2.463,0,627.32,0.5,0,0
0.0052,0.00056546,2.8188e-06,0,1.9348e-14,-1.8309,0,627.32,0.5,0.0010052,0
0.0052,0.00056546,5.6377e-06,0,2.1718e-14,-1.1989,0,627.32,0.5,0.0020104,0
0.0052,0.00056545,8.4565e-06,0,2.4089e-14,-0.5669,0,627.32,0.5,0.0030156,0
0.0052,0.00056545,1.1275e-05,0,2.4897e-14,-5.2835e-15,0,627.33,0.5,0.0040208,0
0.0052,0.00056543,1.4094e-05,0,1.2104e-14,-4.1057e-15,0,627.33,0.5,0.005026,0
0.0052,0.00056541,1.6913e-05,0,-6.8977e-16,-2.928e-15,0,627.33,0.5,0.0060312,0
0.0052,0.00056539,1.9732e-05,0,-1.3483e-14,-1.7502e-15,0,627.33,0.5,0.0070364,0
0.0052,0.00056537,2.2551e-05,0,-2.2837e-14,-3.1428e-16,0,627.34,0.5,0.0080416,0
0.0052,0.00056535,2.537e-05,0,-1.8939e-14,2.1163e-15,0,627.34,0.5,0.0090468,0
0.0052,0.00056532,2.8189e-05,0,-1.504e-14,4.5469e-15,0,627.34,0.5,0.010052,0
0.0052,0.00056529,3.1008e-05,0,-1.1142e-14,6.9775e-15,0,627.34,0.5,0.011057,0
0.0052,0.00056526,3.3827e-05,0,-9.5852e-15,7.3668e-15,0,627.36,0.5,0.012062,0
0.0052,0.00056521,3.6646e-05,0,-1.3263e-14,3.1931e-15,0,627.36,0.5,0.013068,0
0.0052,0.00056517,3.9465e-05,0,-1.6941e-14,-9.8065e-16,0,627.36,0.5,0.014073,0
0.0052,0.00056513,4.2284e-05,0,-2.0619e-14,-5.1544e-15,0,627.36,0.5,0.015078,0
0.0052,0.00056509,4.5103e-05,0,-2.1537e-14,-6.4112e-15,0,627.39,0.5,0.016083,0
0.0052,0.00056504,4.7923e-05,0,-1.8517e-14,-3.5067e-15,0,627.39,0.5,0.017088,0
0.0052,0.00056499,5.0742e-05,0,-1.5496e-14,-6.0223e-16,0,627.39,0.5,0.018094,0
0.0052,0.00056493,5.3561e-05,0,-1.2476e-14,2.3023e-15,0,627.39,0.5,0.019099,0
0.0052,0.00056488,5.6381e-05,0,-1.2461e-14,3.3349e-15,0,627.43,0.5,0.020104,0
0.0052,0.00056481,5.92e-05,0,-1.5276e-14,2.6059e-15,0,627.43,0.5,0.021109,0
0.0052,0.00056475,6.202e-05,0,-1.8091e-14,1.8769e-15,0,627.43,0.5,0.022114,0
0.0052,0.00056468,6.4839e-05,0,-2.0907e-14,1.148e-15,0,627.43,0.5,0.02312,0
0.0052,0.00056461,6.7659e-05,0,-2.0696e-14,1.0272e-15,0,627.47,0.5,0.024125,0
0.0052,0.00056454,7.0479e-05,0,-1.8614e-14,1.282e-15,0,627.47,0.5,0.02513,0
0.0052,0.00056446,7.3299e-05,0,-1.6532e-14,1.5368e-15,0,627.47,0.5,0.026135,0
0.0052,0.00056439,7.6119e-05,0,-1.4449e-14,1.7915e-15,0,627.47,0.5,0.02714,0
0.0052,0.0005643,7.8939e-05,0,-1.0024e-14,3.2803e-15,0,627.52,0.5,0.028146,0
0.0052,0.00056422,8.1759e-05,0,-4.6918e-15,5.2462e-15,0,627.52,0.5,0.029151,0
0.0052,0.00056413,8.4579e-05,0,6.4049e-16,7.2123e-15,0,627.52,0.5,0.030156,0
0.0052,0.00056404,8.7399e-05,0,5.9733e-15,9.1784e-15,0,627.52,0.5,0.031161,0
0.0052,0.00056395,9.0219e-05,0,2.0035e-15,7.7026e-15,0,627.57,0.5,0.032166,0
0.0052,0.00056385,9.304e-05,0,-3.951e-15,5.4925e-15,0,627.57,0.5,0.033172,0
0.0052,0.00056375,9.5861e-05,0,-9.9062e-15,3.2824e-15,0,627.57,0.5,0.034177,0
0.0052,0.00056365,9.8681e-05,0,-1.5862e-14,1.0721e-15,0,627.57,0.5,0.035182,0
0.0052,0.00056354,0.0001015,0,-1.1526e-14,1.4127e-16,0,627.64,0.5,0.036187,0
0.0052,0.00056343,0.00010432,0,-6.3817e-15,-6.8911e-16,0,627.64,0.5,0.037192,0
0.0052,0.00056332,0.00010714,0,-1.2371e-15,-1.5195e-15,0,627.64,0.5,0.038198,0
0.0052,0.00056321,0.00010996,0,3.5276e-15,-2.3143e-15,0,627.7,0.5,0.039203,0
0.0052,0.00056309,0.00011279,0,-3.8958e-15,-1.9691e-15,0,627.7,0.5,0.040208,0
0.0052,0.00056297,0.00011561,0,-1.132e-14,-1.6241e-15,0,627.7,0.5,0.041213,0
0.0052,0.00056285,0.00011843,0,-1.8746e-14,-1.2792e-15,0,627.7,0.5,0.042218,0
0.0052,0.00056272,0.00012125,0,-2.4694e-14,-6.9627e-16,0,627.78,0.5,0.043224,0
0.0052,0.00056259,0.00012407,0,-2.1029e-14,1.4355e-15,0,627.78,0.5,0.044229,0
0.0052,0.00056245,0.00012689,0,-1.7363e-14,3.5674e-15,0,627.78,0.5,0.045234,0
0.0052,0.00056232,0.00012972,0,-1.3697e-14,5.6993e-15,0,627.78,0.5,0.046239,0
0.0052,0.00056218,0.00013254,0,-8.6652e-15,7.0176e-15,0,627.86,0.5,0.047244,0
0.0052,0.00056204,0.00013536,0,7.7926e-16,5.7063e-15,0,627.86,0.5,0.04825,0
0.0052,0.00056189,0.00013818,0,1.0225e-14,4.395e-15,0,627.86,0.5,0.049255,0
0.0052,0.00056174,0.00014101,0,1.9673e-14,3.0838e-15,0,627.86,0.5,0.05026,0
0.0052,0.00056159,0.00014383,0,2.0843e-14,2.3846e-15,0,627.95,0.5,0.051265,0
0.0052,0.00056144,0.00014665,0,5.8945e-15,2.8768e-15,0,627.95,0.5,0.05227,0
0.0052,0.00056128,0.00014947,0,-9.0568e-15,3.3686e-15,0,627.95,0.5,0.053276,0
0.0052,0.00056112,0.0001523,0,-2.401e-14,3.86e-15,0,627.95,0.5,0.054281,0
0.0052,0.00056096,0.00015512,0,-3.2876e-14,4.826e-15,0,628.05,0.5,0.055286,0
0.0052,0.00056079,0.00015795,0,-3.4063e-14,6.3911e-15,0,628.05,0.5,0.056291,0
0.0052,0.00056062,0.00016077,0,-3.5251e-14,7.9568e-15,0,628.05,0.5,0.057296,0
0.0052,0.00056045,0.00016359,0,-3.6438e-14,9.5232e-15,0,628.05,0.5,0.058302,0
0.0052,0.00056027,0.00016642,0,-3.5808e-14,6.7083e-15,0,628.15,0.5,0.059307,0
0.0052,0.00056009,0.00016924,0,-3.3662e-14,2.3982e-16,0,628.15,0.5,0.060312,0
0.0052,0.0005599,0.00017207,0,-3.1516e-14,-6.229e-15,0,628.15,0.5,0.061317,0
0.0052,0.00055972,0.00017489,0,-2.937e-14,-1.2698e-14,0,628.15,0.5,0.062322,0
0.0052,0.00055953,0.00017772,0,-2.5129e-14,-1.2065e-14,0,628.26,0.5,0.063328,0
0.0052,0.00055934,0.00018054,0,-1.9753e-14,-7.579e-15,0,628.26,0.5,0.064333,0
0.0052,0.00055914,0.00018337,0,-1.4376e-14,-3.0935e-15,0,628.26,0.5,0.065338,0
0.0052,0.00055895,0.00018619,0,-8.9974e-15,1.3918e-15,0,628.26,0.5,0.066343,0
0.0052,0.00055874,0.00018902,0,-6.644e-15,7.151e-16,0,628.37,0.5,0.067348,0
0.0052,0.00055854,0.00019184,0,-5.2912e-15,-1.67e-15,0,628.37,0.5,0.068354,0
0.0052,0.00055833,0.00019467,0,-3.9379e-15,-4.0553e-15,0,628.37,0.5,0.069359,0
0.0052,0.00055812,0.00019749,0,-2.584e-15,-6.4407e-15,0,628.37,0.5,0.070364,0
0.0052,0.0005579,0.00020032,0,3.0912e-15,-4.3196e-15,0,628.49,0.5,0.071369,0
0.0052,0.00055769,0.00020315,0,9.5056e-15,-1.4296e-15,0,628.49,0.5,0.072374,0
0.0052,0.00055747,0.00020597,0,1.5922e-14,1.4612e-15,0,628.49,0.5,0.07338,0
0.0052,0.00055725,0.0002088,0,2.2342e-14,4.3527e-15,0,628.49,0.5,0.074385,0
0.0052,0.00055701,0.00021163,0,1.7255e-14,5.0838e-15,0,628.62,0.5,0.07539,0
0.0052,0.00055678,0.00021446,0,1.1652e-14,5.7182e-15,0,628.62,0.5,0.076395,0
0.0052,0.00055655,0.00021728,0,6.0473e-15,6.3521e-15,0,628.62,0.5,0.0774,0
0.0052,0.00055632,0.00022011,0,4.2206e-16,6.6383e-15,0,628.76,0.5,0.078406,0
0.0052,0.00055607,0.00022294,0,-5.4761e-15,1.5183e-15,0,628.76,0.5,0.079411,0
0.0052,0.00055583,0.00022577,0,-1.1375e-14,-3.6018e-15,0,628.76,0.5,0.080416,0
0.0052,0.00055558,0.0002286,0,-1.7274e-14,-8.722e-15,0,628.76,0.5,0.081421,0
0.0052,0.00055533,0.00023143,0,-2.1716e-14,-1.292e-14,0,628.89,0.5,0.082426,0
0.0052,0.00055508,0.00023426,0,-1.869e-14,-1.2392e-14,0,628.89,0.5,0.083432,0
0.0052,0.00055482,0.00023709,0,-1.5665e-14,-1.1865e-14,0,628.89,0.5,0.084437,0
0.0052,0.00055456,0.00023992,0,-1.2639e-14,-1.1338e-14,0,628.89,0.5,0.085442,0
0.0052,0.0005543,0.00024275,0,-9.0503e-15,-9.1733e-15,0,629.04,0.5,0.086447,0
0.0052,0.00055403,0.00024558,0,-3.9113e-15,-2.4944e-15,0,629.04,0.5,0.087452,0
0.0052,0.00055376,0.00024841,0,1.2301e-15,4.1851e-15,0,629.04,0.5,0.088458,0
0.0052,0.00055349,0.00025124,0,6.374e-15,1.0865e-14,0,629.04,0.5,0.089463,0
0.0052,0.00055321,0.00025407,0,1.1538e-14,1.3714e-14,0,629.19,0.5,0.090468,0
0.0052,0.00055293,0.0002569,0,1.6734e-14,1.0017e-14,0,629.19,0.5,0.091473,0
0.0052,0.00055264,0.00025973,0,2.1932e-14,6.319e-15,0,629.19,0.5,0.092478,0
0.0052,0.00055236,0.00026256,0,2.7131e-14,2.6199e-15,0,629.19,0.5,0.093484,0
0.0052,0.00055207,0.00026539,0,2.9921e-14,-5.7126e-17,0,629.35,0.5,0.094489,0
0.0052,0.00055177,0.00026823,0,3.0019e-14,-1.5897e-15,0,629.35,0.5,0.095494,0
0.0052,0.00055147,0.00027106,0,3.0115e-14,-3.12e-15,0,629.35,0.5,0.096499,0
0.0052,0.00055117,0.00027389,0,3.021e-14,-4.648e-15,0,629.35,0.5,0.097504,0
0.0052,0.00055087,0.00027673,0,2.7757e-14,-2.5549e-15,0,629.51,0.5,0.09851,0
0.0052,0.00055056,0.00027956,0,2.3421e-14,2.2096e-15,0,629.51,0.5,0.099515,0
0.0052,0.00055025,0.00028239,0,1.9084e-14,6.9728e-15,0,629.51,0.5,0.10052,0
0.0052,0.00054994,0.00028523,0,1.4746e-14,1.1735e-14,0,629.51,0.5,0.10153,0
0.0052,0.00054961,0.00028806,0,1.0398e-14,1.1306e-14,0,629.68,0.5,0.10253,0
0.0052,0.00054929,0.0002909,0,6.0432e-15,8.4158e-15,0,629.68,0.5,0.10354,0
0.0052,0.00054897,0.00029373,0,1.6858e-15,5.5253e-15,0,629.68,0.5,0.10454,0
0.0052,0.00054864,0.00029657,0,-2.6741e-15,2.6346e-15,0,629.68,0.5,0.10555,0
0.0052,0.00054831,0.0002994,0,-3.7711e-15,1.8882e-15,0,629.85,0.5,0.10655,0
0.0052,0.00054797,0.00030224,0,-3.9535e-15,1.7429e-15,0,629.85,0.5,0.10756,0
0.0052,0.00054763,0.00030508,0,-4.1353e-15,1.5982e-15,0,629.85,0.5,0.10856,0
0.0052,0.00054729,0.00030791,0,-4.3166e-15,1.4541e-15,0,629.85,0.5,0.10957,0
0.0052,0.00054694,0.00031075,0,7.8806e-15,-8.5751e-16,0,630.03,0.5,0.11057,0
0.0052,0.00054659,0.00031359,0,2.1703e-14,-3.4532e-15,0,630.03,0.5,0.11158,0
0.0052,0.00054623,0.00031642,0,3.5528e-14,-6.049e-15,0,630.03,0.5,0.11258,0
0.0052,0.00054588,0.00031926,0,4.9357e-14,-8.6447e-15,0,630.03,0.5,0.11359,0
0.0052,0.00054551,0.0003221,0,4.1817e-14,-7.8812e-15,0,630.21,0.5,0.11459,0
0.0052,0.00054515,0.00032494,0,3.4e-14,-7.0767e-15,0,630.21,0.5,0.1156,0
0.0052,0.00054478,0.00032778,0,2.6184e-14,-6.275e-15,0,630.21,0.5,0.1166,0
0.0052,0.00054441,0.00033062,0,1.8697e-14,-5.0948e-15,0,630.4,0.5,0.11761,0
0.0052,0.00054403,0.00033346,0,1.4525e-14,-6.2183e-17,0,630.4,0.5,0.11861,0
0.0052,0.00054365,0.0003363,0,1.0349e-14,4.9726e-15,0,630.4,0.5,0.11962,0
0.0052,0.00054327,0.00033914,0,6.1718e-15,1.0009e-14,0,630.4,0.5,0.12062,0
0.0052,0.00054288,0.00034198,0,1.7126e-15,1.2396e-14,0,630.59,0.5,0.12163,0
0.0052,0.00054249,0.00034482,0,-3.9142e-15,3.6956e-15,0,630.59,0.5,0.12263,0
0.0052,0.00054209,0.00034766,0,-9.542e-15,-5.0066e-15,0,630.59,0.5,0.12364,0
0.0052,0.0005417,0.0003505,0,-1.5171e-14,-1.371e-14,0,630.59,0.5,0.12464,0
0.0052,0.00054129,0.00035334,0,-1.7245e-14,-1.791e-14,0,630.78,0.5,0.12565,0
0.0052,0.00054088,0.00035619,0,-1.086e-14,-1.139e-14,0,630.78,0.5,0.12666,0
0.0052,0.00054047,0.00035903,0,-4.4762e-15,-4.868e-15,0,630.78,0.5,0.12766,0
0.0052,0.00054006,0.00036187,0,1.9077e-15,1.6547e-15,0,630.78,0.5,0.12867,0
0.0052,0.00053965,0.00036471,0,4.0403e-15,4.2752e-15,0,630.99,0.5,0.12967,0
0.0052,0.00053922,0.00036756,0,-2.3392e-16,1.0144e-15,0,630.99,0.5,0.13068,0
0.0052,0.00053879,0.0003704,0,-4.5087e-15,-2.2451e-15,0,630.99,0.5,0.13168,0
0.0052,0.00053837,0.00037325,0,-8.7839e-15,-5.5034e-15,0,630.99,0.5,0.13269,0
0.0052,0.00053793,0.00037609,0,-9.2212e-15,-6.289e-15,0,631.19,0.5,0.13369,0
0.0052,0.00053749,0.00037894,0,-5.8467e-15,-4.6226e-15,0,631.19,0.5,0.1347,0
0.0052,0.00053705,0.00038178,0,-2.4704e-15,-2.958e-15,0,631.19,0.5,0.1357,0
0.0052,0.00053661,0.00038463,0,9.0777e-16,-1.2954e-15,0,631.19,0.5,0.13671,0
0.0052,0.00053616,0.00038748,0,-2.8634e-15,-2.7838e-15,0,631.4,0.5,0.13771,0
0.0052,0.0005357,0.00039032,0,-1.131e-14,-6.3309e-15,0,631.4,0.5,0.13872,0
0.0052,0.00053524,0.00039317,0,-1.9758e-14,-9.8782e-15,0,631.4,0.5,0.13972,0
0.0052,0.00053479,0.00039602,0,-2.8209e-14,-1.3426e-14,0,631.4,0.5,0.14073,0
0.0052,0.00053432,0.00039886,0,-2.24e-14,-1.0995e-14,0,631.61,0.5,0.14173,0
0.0052,0.00053385,0.00040171,0,-1.0697e-14,-6.0918e-15,0,631.61,0.5,0.14274,0
0.0052,0.00053337,0.00040456,0,1.0075e-15,-1.1862e-15,0,631.61,0.5,0.14374,0
0.0052,0.0005329,0.00040741,0,1.2715e-14,3.7221e-15,0,631.61,0.5,0.14475,0
0.0052,0.00053242,0.00041026,0,1.1895e-14,4.1716e-15,0,631.82,0.5,0.14575,0
0.0052,0.00053193,0.00041311,0,8.1479e-15,3.5787e-15,0,631.82,0.5,0.14676,0
0.0052,0.00053144,0.00041596,0,4.3994e-15,2.9858e-15,0,631.82,0.5,0.14776,0
0.0052,0.00053095,0.00041881,0,6.4986e-16,2.3928e-15,0,631.82,0.5,0.14877,0
0.0052,0.00053044,0.00042166,0,8.9216e-15,-1.4678e-15,0,632.04,0.5,0.14977,0
0.0052,0.00052994,0.00042452,0,1.8336e-14,-5.6402e-15,0,632.04,0.5,0.15078,0
0.0052,0.00052943,0.00042737,0,2.7755e-14,-9.8152e-15,0,632.04,0.5,0.15179,0
0.0052,0.00052893,0.00043022,0,3.7028e-14,-1.3814e-14,0,632.26,0.5,0.15279,0
0.0052,0.00052841,0.00043307,0,3.7334e-14,-7.1168e-15,0,632.26,0.5,0.1538,0
0.0052,0.00052788,0.00043593,0,3.764e-14,-4.1859e-16,0,632.26,0.5,0.1548,0
0.0052,0.00052736,0.00043878,0,3.7947e-14,6.2803e-15,0,632.26,0.5,0.15581,0
0.0052,0.00052684,0.00044163,0,3.7079e-14,1.1865e-14,0,632.49,0.5,0.15681,0
0.0052,0.0005263,0.00044449,0,2.7531e-14,9.2236e-15,0,632.49,0.5,0.15782,0
0.0052,0.00052576,0.00044734,0,1.7976e-14,6.5845e-15,0,632.49,0.5,0.15882,0
0.0052,0.00052522,0.0004502,0,8.415e-15,3.9477e-15,0,632.49,0.5,0.15983,0
0.0052,0.00052468,0.00045305,0,6.764e-16,1.3435e-15,0,632.71,0.5,0.16083,0
0.0052,0.00052412,0.00045591,0,-6.5885e-16,-1.155e-15,0,632.71,0.5,0.16184,0
0.0052,0.00052356,0.00045877,0,-1.9927e-15,-3.6552e-15,0,632.71,0.5,0.16284,0
0.0052,0.00052301,0.00046162,0,-3.3251e-15,-6.1571e-15,0,632.71,0.5,0.16385,0
0.0052,0.00052245,0.00046448,0,-4.0041e-15,-6.9879e-15,0,632.94,0.5,0.16485,0
0.0052,0.00052187,0.00046734,0,-3.3306e-15,-4.3467e-15,0,632.94,0.5,0.16586,0
0.0052,0.0005213,0.0004702,0,-2.6598e-15,-1.7068e-15,0,632.94,0.5,0.16686,0
0.0052,0.00052072,0.00047306,0,-1.9917e-15,9.32e-16,0,632.94,0.5,0.16787,0
0.0052,0.00052014,0.00047592,0,5.7944e-16,2.1335e-15,0,633.16,0.5,0.16887,0
0.0052,0.00051955,0.00047878,0,5.6993e-15,1.4169e-15,0,633.16,0.5,0.16988,0
0.0052,0.00051896,0.00048164,0,1.0822e-14,7.0285e-16,0,633.16,0.5,0.17088,0
0.0052,0.00051837,0.0004845,0,1.5948e-14,-8.6675e-18,0,633.16,0.5,0.17189,0
0.0052,0.00051776,0.00048736,0,1.4975e-14,5.5567e-16,0,633.39,0.5,0.17289,0
0.0052,0.00051715,0.00049022,0,8.6118e-15,2.2441e-15,0,633.39,0.5,0.1739,0
0.0052,0.00051654,0.00049308,0,2.2497e-15,3.9299e-15,0,633.39,0.5,0.1749,0
0.0052,0.00051593,0.00049594,0,-4.1108e-15,5.6131e-15,0,633.39,0.5,0.17591,0
0.0052,0.00051531,0.00049881,0,-7.1097e-15,6.4936e-15,0,633.62,0.5,0.17692,0
0.0052,0.00051468,0.00050167,0,-8.1663e-15,6.9135e-15,0,633.62,0.5,0.17792,0
0.0052,0.00051405,0.00050453,0,-9.2235e-15,7.3365e-15,0,633.62,0.5,0.17893,0
0.0052,0.00051342,0.0005074,0,-1.0281e-14,7.7625e-15,0,633.62,0.5,0.17993,0
0.0052,0.00051278,0.00051026,0,-1.3075e-14,1.1314e-14,0,633.84,0.5,0.18094,0
0.0052,0.00051213,0.00051313,0,-1.6496e-14,1.5982e-14,0,633.84,0.5,0.18194,0
0.0052,0.00051148,0.00051599,0,-1.9922e-14,2.0649e-14,0,633.84,0.5,0.18295,0
0.0052,0.00051084,0.00051886,0,-2.3355e-14,2.5316e-14,0,633.84,0.5,0.18395,0
0.0052,0.00051017,0.00052172,0,-1.3895e-14,1.9653e-14,0,634.07,0.5,0.18496,0
0.0052,0.0005095,0.00052459,0,-1.9581e-15,1.2016e-14,0,634.07,0.5,0.18596,0
0.0052,0.00050884,0.00052746,0,9.9898e-15,4.3849e-15,0,634.07,0.5,0.18697,0
0.0052,0.00050817,0.00053033,0,2.1948e-14,-3.2419e-15,0,634.07,0.5,0.18797,0
0.0052,0.00050748,0.00053319,0,2.2353e-14,-4.4273e-15,0,634.29,0.5,0.18898,0
0.0052,0.00050679,0.00053606,0,2.2047e-14,-5.2309e-15,0,634.29,0.5,0.18998,0
0.0052,0.00050611,0.00053893,0,2.174e-14,-6.0479e-15,0,634.29,0.5,0.19099,0
0.0052,0.00050542,0.0005418,0,2.0804e-14,-6.7068e-15,0,634.51,0.5,0.19199,0
0.0052,0.00050471,0.00054467,0,6.5665e-15,-3.7319e-15,0,634.51,0.5,0.193,0
0.0052,0.000504,0.00054754,0,-7.6796e-15,-7.4637e-16,0,634.51,0.5,0.194,0
0.0052,0.00050329,0.00055041,0,-2.1934e-14,2.2497e-15,0,634.51,0.5,0.19501,0
0.0052,0.00050258,0.00055328,0,-3.3667e-14,3.9341e-15,0,634.73,0.5,0.19601,0
0.0052,0.00050185,0.00055616,0,-3.0814e-14,-1.9994e-15,0,634.73,0.5,0.19702,0
0.0052,0.00050113,0.00055903,0,-2.7962e-14,-7.9375e-15,0,634.73,0.5,0.19802,0
0.0052,0.0005004,0.0005619,0,-2.511e-14,-1.388e-14,0,634.73,0.5,0.19903,0
0.0052,0.00049966,0.00056477,0,-2.1524e-14,-1.7574e-14,0,634.95,0.5,0.20003,0
0.0052,0.00049891,0.00056765,0,-1.5743e-14,-1.4533e-14,0,634.95,0.5,0.20104,0
0.0052,0.00049816,0.00057052,0,-9.9547e-15,-1.1495e-14,0,634.95,0.5,0.20205,0
0.0052,0.00049741,0.0005734,0,-4.1605e-15,-8.4595e-15,0,634.95,0.5,0.20305,0
0.0052,0.00049666,0.00057627,0,-1.5897e-15,-5.8649e-15,0,635.15,0.5,0.20406,0
0.0052,0.00049588,0.00057915,0,-4.9265e-15,-4.0698e-15,0,635.15,0.5,0.20506,0
0.0052,0.00049511,0.00058202,0,-8.2672e-15,-2.2687e-15,0,635.15,0.5,0.20607,0
0.0052,0.00049434,0.0005849,0,-1.1612e-14,-4.6184e-16,0,635.15,0.5,0.20707,0
0.0052,0.00049356,0.00058777,0,-1.7065e-14,1.9909e-15,0,635.36,0.5,0.20808,0
0.0052,0.00049277,0.00059065,0,-2.503e-14,5.2028e-15,0,635.36,0.5,0.20908,0
0.0052,0.00049197,0.00059353,0,-3.3e-14,8.4083e-15,0,635.36,0.5,0.21009,0
0.0052,0.00049118,0.00059641,0,-4.0976e-14,1.1607e-14,0,635.36,0.5,0.21109,0
0.0052,0.00049037,0.00059929,0,-3.8704e-14,9.8723e-15,0,635.55,0.5,0.2121,0
0.0052,0.00048955,0.00060217,0,-2.8344e-14,4.2557e-15,0,635.55,0.5,0.2131,0
0.0052,0.00048874,0.00060504,0,-1.7978e-14,-1.3543e-15,0,635.55,0.5,0.21411,0
0.0052,0.00048792,0.00060792,0,-7.606e-15,-6.9576e-15,0,635.55,0.5,0.21511,0
0.0052,0.00048709,0.0006108,0,-3.8607e-15,-1.0608e-14,0,635.74,0.5,0.21612,0
0.0052,0.00048625,0.00061369,0,-3.5009e-15,-1.3267e-14,0,635.74,0.5,0.21712,0
0.0052,0.00048541,0.00061657,0,-3.1397e-15,-1.593e-14,0,635.74,0.5,0.21813,0
0.0052,0.00048457,0.00061945,0,-2.7771e-15,-1.8599e-14,0,635.74,0.5,0.21913,0
0.0052,0.00048371,0.00062233,0,-3.0103e-15,-1.208e-14,0,635.92,0.5,0.22014,0
0.0052,0.00048285,0.00062521,0,-3.425e-15,-2.7261e-15,0,635.92,0.5,0.22114,0
0.0052,0.00048199,0.0006281,0,-3.8373e-15,6.6359e-15,0,635.92,0.5,0.22215,0
0.0052,0.00048112,0.00063098,0,-4.2471e-15,1.6006e-14,0,635.92,0.5,0.22315,0
0.0052,0.00048024,0.00063386,0,-5.512e-15,1.1149e-14,0,636.08,0.5,0.22416,0
0.0052,0.00047935,0.00063675,0,-6.9108e-15,4.1038e-15,0,636.08,0.5,0.22516,0
0.0052,0.00047846,0.00063963,0,-8.3131e-15,-2.957e-15,0,636.08,0.5,0.22617,0
0.0052,0.00047757,0.00064251,0,-9.7189e-15,-1.0033e-14,0,636.08,0.5,0.22718,0
0.0052,0.00047666,0.0006454,0,-8.0445e-15,4.9703e-16,0,636.24,0.5,0.22818,0
0.0052,0.00047575,0.00064829,0,-6.276e-15,1.1586e-14,0,636.24,0.5,0.22919,0
0.0052,0.00047484,0.00065117,0,-4.5081e-15,2.2694e-14,0,636.24,0.5,0.23019,0
0.0052,0.00047392,0.00065406,0,-3.0255e-15,3.2033e-14,0,636.38,0.5,0.2312,0
0.0052,0.00047298,0.00065695,0,-5.1569e-15,1.8689e-14,0,636.38,0.5,0.2322,0
0.0052,0.00047204,0.00065983,0,-7.2815e-15,5.3305e-15,0,636.38,0.5,0.23321,0
0.0052,0.00047111,0.00066272,0,-9.3995e-15,-8.0436e-15,0,636.38,0.5,0.23421,0
0.0052,0.00047016,0.00066561,0,-1.0839e-14,-1.8776e-14,0,636.5,0.5,0.23522,0
0.0052,0.0004692,0.0006685,0,-9.1317e-15,-1.7053e-14,0,636.5,0.5,0.23622,0
0.0052,0.00046823,0.00067139,0,-7.4343e-15,-1.5324e-14,0,636.5,0.5,0.23723,0
0.0052,0.00046727,0.00067427,0,-5.7467e-15,-1.3589e-14,0,636.5,0.5,0.23823,0
0.0052,0.0004663,0.00067716,0,-3.6672e-15,-1.2032e-14,0,636.61,0.5,0.23924,0
0.0052,0.0004653,0.00068005,0,-5.44e-16,-1.0959e-14,0,636.61,0.5,0.24024,0
0.0052,0.00046431,0.00068294,0,2.59e-15,-9.896e-15,0,636.61,0.5,0.24125,0
0.0052,0.00046332,0.00068583,0,5.7348e-15,-8.8415e-15,0,636.61,0.5,0.24225,0
0.0052,0.00046232,0.00068872,0,5.7406e-15,-2.911e-15,0,636.7,0.5,0.24326,0
0.0052,0.0004613,0.00069162,0,6.3419e-16,1.0956e-14,0,636.7,0.5,0.24426,0
0.0052,0.00046028,0.00069451,0,-4.4786e-15,2.4842e-14,0,636.7,0.5,0.24527,0
0.0052,0.00045926,0.0006974,0,-9.5979e-15,3.8746e-14,0,636.7,0.5,0.24627,0
0.0052,0.00045823,0.00070029,0,-1.196e-14,3.8771e-14,0,636.76,0.5,0.24728,0
0.0052,0.00045718,0.00070318,0,-1.1381e-14,2.3974e-14,0,636.76,0.5,0.24828,0
0.0052,0.00045613,0.00070608,0,-1.0803e-14,9.1607e-15,0,636.76,0.5,0.24929,0
0.0052,0.00045509,0.00070897,0,-1.0228e-14,-5.6685e-15,0,636.76,0.5,0.25029,0
0.0052,0.00045402,0.00071186,0,-7.5484e-15,-1.4796e-14,0,636.81,0.5,0.2513,0
0.0052,0.00045295,0.00071476,0,-3.382e-15,-1.9897e-14,0,636.81,0.5,0.25231,0
0.0052,0.00045187,0.00071765,0,7.8844e-16,-2.4991e-14,0,636.81,0.5,0.25331,0
0.0052,0.00045079,0.00072054,0,4.963e-15,-3.008e-14,0,636.81,0.5,0.25432,0
0.0052,0.00044969,0.00072344,0,5.3931e-15,-2.4329e-14,0,636.82,0.5,0.25532,0
0.0052,0.00044859,0.00072633,0,4.1342e-15,-1.3711e-14,0,636.82,0.5,0.25633,0
0.0052,0.00044748,0.00072923,0,2.8731e-15,-3.1048e-15,0,636.82,0.5,0.25733,0
0.0052,0.00044637,0.00073212,0,1.6098e-15,7.4892e-15,0,636.82,0.5,0.25834,0
0.0052,0.00044524,0.00073502,0,-1.8494e-15,4.9162e-15,0,636.81,0.5,0.25934,0
0.0052,0.00044411,0.00073791,0,-5.8868e-15,-1.0928e-15,0,636.81,0.5,0.26035,0
0.0052,0.00044297,0.00074081,0,-9.9274e-15,-7.0849e-15,0,636.81,0.5,0.26135,0
0.0052,0.00044183,0.00074371,0,-1.3971e-14,-1.306e-14,0,636.81,0.5,0.26236,0
0.0052,0.00044067,0.0007466,0,-7.8404e-15,-1.2705e-14,0,636.76,0.5,0.26336,0
0.0052,0.0004395,0.0007495,0,-5.0482e-16,-1.1616e-14,0,636.76,0.5,0.26437,0
0.0052,0.00043833,0.00075239,0,6.8423e-15,-1.0534e-14,0,636.76,0.5,0.26537,0
0.0052,0.00043716,0.00075529,0,1.4234e-14,-9.4703e-15,0,636.68,0.5,0.26638,0
0.0052,0.00043596,0.00075819,0,6.8954e-15,-4.4298e-15,0,636.68,0.5,0.26738,0
0.0052,0.00043476,0.00076109,0,-4.5824e-16,6.175e-16,0,636.68,0.5,0.26839,0
0.0052,0.00043356,0.00076398,0,-7.8265e-15,5.6714e-15,0,636.68,0.5,0.26939,0
0.0052,0.00043235,0.00076688,0,-1.4395e-14,9.2287e-15,0,636.56,0.5,0.2704,0
0.0052,0.00043112,0.00076978,0,-1.3667e-14,-6.8852e-16,0,636.56,0.5,0.2714,0
0.0052,0.00042988,0.00077267,0,-1.2936e-14,-1.0622e-14,0,636.56,0.5,0.27241,0
0.0052,0.00042865,0.00077557,0,-1.2201e-14,-2.0573e-14,0,636.56,0.5,0.27341,0
0.0052,0.0004274,0.00077847,0,-1.1713e-14,-2.439e-14,0,636.4,0.5,0.27442,0
0.0052,0.00042613,0.00078137,0,-1.2194e-14,-4.0829e-15,0,636.4,0.5,0.27542,0
0.0052,0.00042486,0.00078426,0,-1.2667e-14,1.6243e-14,0,636.4,0.5,0.27643,0
0.0052,0.0004236,0.00078716,0,-1.3132e-14,3.6587e-14,0,636.4,0.5,0.27744,0
0.0052,0.00042231,0.00079006,0,-1.3945e-14,4.31e-14,0,636.19,0.5,0.27844,0
0.0052,0.00042101,0.00079296,0,-1.557e-14,1.8196e-14,0,636.19,0.5,0.27945,0
0.0052,0.0004197,0.00079585,0,-1.7203e-14,-6.7075e-15,0,636.19,0.5,0.28045,0
0.0052,0.0004184,0.00079875,0,-1.8844e-14,-3.1608e-14,0,636.19,0.5,0.28146,0
0.0052,0.00041708,0.00080165,0,-1.753e-14,-3.5101e-14,0,635.93,0.5,0.28246,0
0.0052,0.00041574,0.00080454,0,-1.1929e-14,-7.6125e-15,0,635.93,0.5,0.28347,0
0.0052,0.0004144,0.00080744,0,-6.3233e-15,1.9869e-14,0,635.93,0.5,0.28447,0
0.0052,0.00041306,0.00081034,0,-7.1307e-16,4.7345e-14,0,635.93,0.5,0.28548,0
0.0052,0.00041169,0.00081324,0,1.9424e-15,4.9307e-14,0,635.61,0.5,0.28648,0
0.0052,0.00041032,0.00081613,0,1.7681e-15,2.6884e-14,0,635.61,0.5,0.28749,0
0.0052,0.00040894,0.00081903,0,1.5902e-15,4.4483e-15,0,635.61,0.5,0.28849,0
0.0052,0.00040756,0.00082193,0,1.4086e-15,-1.8e-14,0,635.61,0.5,0.2895,0
0.0052,0.00040615,0.00082482,0,-1.1031e-15,-2.5573e-14,0,635.23,0.5,0.2905,0
0.0052,0.00040473,0.00082772,0,-5.0777e-15,-2.378e-14,0,635.23,0.5,0.29151,0
0.0052,0.00040332,0.00083061,0,-9.0526e-15,-2.197e-14,0,635.23,0.5,0.29251,0
0.0052,0.0004019,0.00083351,0,-1.3027e-14,-2.0145e-14,0,635.23,0.5,0.29352,0
0.0052,0.00040045,0.0008364,0,-9.5584e-15,-1.4055e-14,0,634.78,0.5,0.29452,0
0.0052,0.00039899,0.0008393,0,-3.1392e-15,-6.2904e-15,0,634.78,0.5,0.29553,0
0.0052,0.00039753,0.00084219,0,3.2902e-15,1.4691e-15,0,634.78,0.5,0.29653,0
0.0052,0.00039607,0.00084509,0,9.7297e-15,9.2231e-15,0,634.78,0.5,0.29754,0
0.0052,0.00039458,0.00084798,0,6.2793e-15,6.0078e-15,0,634.26,0.5,0.29854,0
0.0052,0.00039308,0.00085087,0,6.4058e-16,3.8067e-16,0,634.26,0.5,0.29955,0
0.0052,0.00039158,0.00085377,0,-5.0081e-15,-5.2431e-15,0,634.26,0.5,0.30055,0
0.0052,0.00039008,0.00085666,0,-1.0667e-14,-1.0864e-14,0,634.26,0.5,0.30156,0
0.0052,0.00038854,0.00085955,0,-5.7952e-15,-3.973e-15,0,633.65,0.5,0.30257,0
0.0052,0.000387,0.00086244,0,-2.2394e-17,3.9689e-15,0,633.65,0.5,0.30357,0
0.0052,0.00038545,0.00086533,0,5.7644e-15,1.1908e-14,0,633.65,0.5,0.30458,0
0.0052,0.00038391,0.00086822,0,1.1358e-14,1.9671e-14,0,632.96,0.5,0.30558,0
0.0052,0.00038232,0.00087111,0,8.9022e-15,2.071e-14,0,632.96,0.5,0.30659,0
0.0052,0.00038074,0.000874,0,6.4411e-15,2.1758e-14,0,632.96,0.5,0.30759,0
0.0052,0.00037915,0.00087689,0,3.9753e-15,2.2816e-14,0,632.96,0.5,0.3086,0
0.0052,0.00037755,0.00087978,0,1.8661e-15,2.226e-14,0,632.16,0.5,0.3096,0
0.0052,0.00037592,0.00088267,0,2.2276e-15,1.0615e-14,0,632.16,0.5,0.31061,0
0.0052,0.00037429,0.00088555,0,2.5985e-15,-1.0396e-15,0,632.16,0.5,0.31161,0
0.0052,0.00037265,0.00088844,0,2.9786e-15,-1.2705e-14,0,632.16,0.5,0.31262,0
0.0052,0.00037101,0.00089132,0,3.9563e-15,-1.9926e-14,0,631.26,0.5,0.31362,0
0.0052,0.00036933,0.00089421,0,6.898e-15,-1.2285e-14,0,631.26,0.5,0.31463,0
0.0052,0.00036764,0.00089709,0,9.8357e-15,-4.6363e-15,0,631.26,0.5,0.31563,0
0.0052,0.00036596,0.00089997,0,1.2769e-14,3.0211e-15,0,631.26,0.5,0.31664,0
0.0052,0.00036426,0.00090285,0,1.2852e-14,6.9973e-15,0,630.24,0.5,0.31764,0
0.0052,0.00036253,0.00090573,0,7.226e-15,3.5848e-15,0,630.24,0.5,0.31865,0
0.0052,0.0003608,0.00090861,0,1.5847e-15,1.5336e-16,0,630.24,0.5,0.31965,0
0.0052,0.00035907,0.00091149,0,-4.0723e-15,-3.2971e-15,0,630.24,0.5,0.32066,0
0.0052,0.00035732,0.00091436,0,-7.6356e-15,-6.0635e-15,0,629.1,0.5,0.32166,0
0.0052,0.00035553,0.00091724,0,-8.475e-15,-7.9186e-15,0,629.1,0.5,0.32267,0
0.0052,0.00035375,0.00092011,0,-9.313e-15,-9.7626e-15,0,629.1,0.5,0.32367,0
0.0052,0.00035197,0.00092299,0,-1.0149e-14,-1.1596e-14,0,629.1,0.5,0.32468,0
0.0052,0.00035016,0.00092586,0,-9.8829e-15,-1.0538e-14,0,627.81,0.5,0.32568,0
0.0052,0.00034832,0.00092873,0,-8.6707e-15,-7.013e-15,0,627.81,0.5,0.32669,0
0.0052,0.00034648,0.0009316,0,-7.4544e-15,-3.4861e-15,0,627.81,0.5,0.3277,0
0.0052,0.00034465,0.00093447,0,-6.2342e-15,4.2652e-17,0,627.81,0.5,0.3287,0
0.0052,0.00034278,0.00093733,0,-2.9246e-15,2.6969e-15,0,626.36,0.5,0.32971,0
0.0052,0.00034088,0.00094019,0,1.5538e-15,4.8646e-15,0,626.36,0.5,0.33071,0
0.0052,0.00033899,0.00094306,0,6.0368e-15,7.0348e-15,0,626.36,0.5,0.33172,0
0.0052,0.0003371,0.00094592,0,1.0524e-14,9.2075e-15,0,626.36,0.5,0.33272,0
0.0052,0.00033517,0.00094878,0,5.5204e-15,1.0524e-14,0,624.75,0.5,0.33373,0
0.0052,0.00033322,0.00095163,0,-2.744e-15,1.1533e-14,0,624.75,0.5,0.33473,0
0.0052,0.00033127,0.00095449,0,-1.1013e-14,1.2527e-14,0,624.75,0.5,0.33574,0
0.0052,0.00032932,0.00095735,0,-1.9287e-14,1.3507e-14,0,624.75,0.5,0.33674,0
0.0052,0.00032732,0.0009602,0,-1.075e-14,1.7533e-14,0,622.95,0.5,0.33775,0
0.0052,0.00032531,0.00096304,0,8.1699e-16,2.2147e-14,0,622.95,0.5,0.33875,0
0.0052,0.0003233,0.00096589,0,1.2389e-14,2.6804e-14,0,622.95,0.5,0.33976,0
0.0052,0.00032129,0.00096874,0,2.3966e-14,3.1503e-14,0,622.95,0.5,0.34076,0
0.0052,0.00031922,0.00097158,0,2.6281e-14,1.9171e-14,0,620.94,0.5,0.34177,0
0.0052,0.00031714,0.00097442,0,2.8121e-14,5.8983e-15,0,620.94,0.5,0.34277,0
0.0052,0.00031507,0.00097726,0,2.9971e-14,-7.4262e-15,0,620.94,0.5,0.34378,0
0.0052,0.000313,0.0009801,0,3.1255e-14,-2.0018e-14,0,618.71,0.5,0.34478,0
0.0052,0.00031086,0.00098293,0,2.2347e-14,-1.8718e-14,0,618.71,0.5,0.34579,0
0.0052,0.00030872,0.00098576,0,1.3421e-14,-1.741e-14,0,618.71,0.5,0.34679,0
0.0052,0.00030658,0.00098859,0,4.4772e-15,-1.6094e-14,0,618.71,0.5,0.3478,0
0.0052,0.00030443,0.00099142,0,-2.1327e-15,-1.3627e-14,0,616.23,0.5,0.3488,0
0.0052,0.00030222,0.00099424,0,3.9427e-15,-4.9663e-15,0,616.23,0.5,0.34981,0
0.0052,0.00030002,0.00099705,0,1.0028e-14,3.7214e-15,0,616.23,0.5,0.35081,0
0.0052,0.00029781,0.00099987,0,1.6124e-14,1.2436e-14,0,616.23,0.5,0.35182,0
0.0052,0.00029559,0.0010027,0,1.9939e-14,1.3866e-14,0,613.48,0.5,0.35283,0
0.0052,0.00029331,0.0010055,0,1.7216e-14,-5.5891e-15,0,613.48,0.5,0.35383,0
0.0052,0.00029103,0.0010083,0,1.4495e-14,-2.5082e-14,0,613.48,0.5,0.35484,0
0.0052,0.00028875,0.0010111,0,1.1774e-14,-4.4611e-14,0,613.48,0.5,0.35584,0
0.0052,0.00028644,0.0010139,0,6.8136e-15,-4.9128e-14,0,610.43,0.5,0.35685,0
0.0052,0.00028409,0.0010167,0,-2.0999e-15,-2.718e-14,0,610.43,0.5,0.35785,0
0.0052,0.00028174,0.0010195,0,-1.103e-14,-5.2168e-15,0,610.43,0.5,0.35886,0
0.0052,0.00027938,0.0010223,0,-1.9976e-14,1.676e-14,0,610.43,0.5,0.35986,0
0.0052,0.00027699,0.0010251,0,-2.2554e-14,2.0344e-14,0,607.05,0.5,0.36087,0
0.0052,0.00027456,0.0010278,0,-1.7806e-14,2.811e-15,0,607.05,0.5,0.36187,0
0.0052,0.00027212,0.0010306,0,-1.3053e-14,-1.4714e-14,0,607.05,0.5,0.36288,0
0.0052,0.00026969,0.0010334,0,-8.2948e-15,-3.2231e-14,0,607.05,0.5,0.36388,0
0.0052,0.00026721,0.0010362,0,-3.452e-15,-2.834e-14,0,603.31,0.5,0.36489,0
0.0052,0.0002647,0.0010389,0,1.4576e-15,-8.2211e-15,0,603.31,0.5,0.36589,0
0.0052,0.00026218,0.0010417,0,6.3741e-15,1.1905e-14,0,603.31,0.5,0.3669,0
0.0052,0.00025966,0.0010445,0,1.1297e-14,3.2039e-14,0,603.31,0.5,0.3679,0
0.0052,0.00025709,0.0010472,0,1.4609e-14,1.9133e-14,0,599.17,0.5,0.36891,0
0.0052,0.00025449,0.0010499,0,1.714e-14,-9.9193e-15,0,599.17,0.5,0.36991,0
0.0052,0.00025188,0.0010527,0,1.9681e-14,-3.8998e-14,0,599.17,0.5,0.37092,0
0.0052,0.00024928,0.0010554,0,2.2232e-14,-6.8104e-14,0,599.17,0.5,0.37192,0
0.0052,0.00024661,0.0010581,0,1.8644e-14,-5.1383e-14,0,594.59,0.5,0.37293,0
0.0052,0.00024391,0.0010609,0,1.3267e-14,-2.1373e-14,0,594.59,0.5,0.37393,0
0.0052,0.00024122,0.0010636,0,7.8802e-15,8.6448e-15,0,594.59,0.5,0.37494,0
0.0052,0.00023852,0.0010663,0,2.4849e-15,3.8671e-14,0,594.59,0.5,0.37594,0
0.0052,0.00023574,0.001069,0,-3.1399e-15,2.3767e-14,0,589.52,0.5,0.37695,0
0.0052,0.00023295,0.0010717,0,-8.8075e-15,2.6778e-15,0,589.52,0.5,0.37796,0
0.0052,0.00023016,0.0010744,0,-1.4488e-14,-1.8402e-14,0,589.52,0.5,0.37896,0
0.0052,0.00022737,0.0010771,0,-2.0182e-14,-3.9471e-14,0,589.52,0.5,0.37997,0
0.0052,0.00022447,0.0010798,0,-1.1813e-14,-2.6955e-14,0,583.91,0.5,0.38097,0
0.0052,0.00022158,0.0010824,0,-3.1873e-15,-1.3797e-14,0,583.91,0.5,0.38198,0
0.0052,0.00021868,0.0010851,0,5.4419e-15,-6.0089e-16,0,583.91,0.5,0.38298,0
0.0052,0.00021578,0.0010878,0,1.3321e-14,1.1503e-14,0,577.72,0.5,0.38399,0
0.0052,0.00021278,0.0010904,0,1.3184e-14,1.1578e-14,0,577.72,0.5,0.38499,0
0.0052,0.00020977,0.001093,0,1.3053e-14,1.1599e-14,0,577.72,0.5,0.386,0
0.0052,0.00020677,0.0010957,0,1.293e-14,1.1564e-14,0,577.72,0.5,0.387,0
0.0052,0.00020375,0.0010983,0,1.3066e-14,7.9889e-15,0,570.86,0.5,0.38801,0
0.0052,0.00020063,0.0011009,0,1.429e-14,-1.0488e-14,0,570.86,0.5,0.38901,0
0.0052,0.00019751,0.0011035,0,1.5518e-14,-2.8953e-14,0,570.86,0.5,0.39002,0
0.0052,0.00019439,0.0011061,0,1.6751e-14,-4.7404e-14,0,570.86,0.5,0.39102,0
0.0052,0.00019124,0.0011087,0,1.7629e-14,-5.9487e-14,0,563.29,0.5,0.39203,0
0.0052,0.000188,0.0011113,0,1.7652e-14,-5.6292e-14,0,563.29,0.5,0.39303,0
0.0052,0.00018476,0.0011139,0,1.7689e-14,-5.3138e-14,0,563.29,0.5,0.39404,0
0.0052,0.00018152,0.0011165,0,1.774e-14,-5.0023e-14,0,563.29,0.5,0.39504,0
0.0052,0.00017822,0.001119,0,1.5727e-14,-3.8784e-14,0,554.92,0.5,0.39605,0
0.0052,0.00017485,0.0011216,0,1.0558e-14,-1.5122e-14,0,554.92,0.5,0.39705,0
0.0052,0.00017148,0.0011241,0,5.3721e-15,8.6198e-15,0,554.92,0.5,0.39806,0
0.0052,0.00016811,0.0011266,0,1.6987e-16,3.2442e-14,0,554.92,0.5,0.39906,0
0.0052,0.00016467,0.0011291,0,-4.3354e-15,4.1525e-14,0,545.67,0.5,0.40007,0
0.0052,0.00016116,0.0011316,0,-8.1487e-15,3.5856e-14,0,545.67,0.5,0.40107,0
0.0052,0.00015765,0.0011341,0,-1.1979e-14,3.012e-14,0,545.67,0.5,0.40208,0
0.0052,0.00015414,0.0011366,0,-1.5827e-14,2.4318e-14,0,545.67,0.5,0.40309,0
0.0052,0.00015054,0.0011391,0,-1.9928e-14,1.4783e-14,0,535.45,0.5,0.40409,0
0.0052,0.00014688,0.0011415,0,-2.4194e-14,2.8613e-15,0,535.45,0.5,0.4051,0
0.0052,0.00014323,0.0011439,0,-2.847e-14,-9.0461e-15,0,535.45,0.5,0.4061,0
0.0052,0.00013957,0.0011464,0,-3.2757e-14,-2.0939e-14,0,535.45,0.5,0.40711,0
0.0052,0.0001358,0.0011488,0,-3.3635e-14,-2.6617e-14,0,524.15,0.5,0.40811,0
0.0052,0.00013198,0.0011512,0,-3.3116e-14,-2.9731e-14,0,524.15,0.5,0.40912,0
0.0052,0.00012816,0.0011536,0,-3.2589e-14,-3.2804e-14,0,524.15,0.5,0.41012,0
0.0052,0.00012435,0.001156,0,-3.2055e-14,-3.5838e-14,0,524.15,0.5,0.41113,0
0.0052,0.00012039,0.0011583,0,-2.338e-14,-3.1431e-14,0,511.68,0.5,0.41213,0
0.0052,0.0001164,0.0011606,0,-1.2836e-14,-2.5364e-14,0,511.68,0.5,0.41314,0
0.0052,0.00011242,0.001163,0,-2.2656e-15,-1.9319e-14,0,511.68,0.5,0.41414,0
0.0052,0.00010843,0.0011653,0,8.3312e-15,-1.3299e-14,0,511.68,0.5,0.41515,0
0.0052,0.00010428,0.0011676,0,5.7763e-15,-1.7155e-14,0,497.91,0.5,0.41615,0
0.0052,0.00010011,0.0011699,0,2.0779e-15,-2.1885e-14,0,497.91,0.5,0.41716,0
0.0052,9.5936e-05,0.0011721,0,-1.619e-15,-2.6631e-14,0,497.91,0.5,0.41816,0
0.0052,9.1762e-05,0.0011744,0,-5.3361e-15,-3.0859e-14,0,482.72,0.5,0.41917,0
0.0052,8.7395e-05,0.0011766,0,-9.8822e-15,-1.444e-14,0,482.72,0.5,0.42017,0
0.0052,8.3028e-05,0.0011788,0,-1.4427e-14,2.0037e-15,0,482.72,0.5,0.42118,0
0.0052,7.8662e-05,0.001181,0,-1.8971e-14,1.8471e-14,0,482.72,0.5,0.42218,0
0.0052,7.4268e-05,0.0011832,0,-2.3884e-14,3.042e-14,0,465.99,0.5,0.42319,0
0.0052,6.9689e-05,0.0011853,0,-3.1274e-14,1.2105e-14,0,465.99,0.5,0.42419,0
0.0052,6.511e-05,0.0011874,0,-3.8677e-14,-6.2747e-15,0,465.99,0.5,0.4252,0
0.0052,6.0531e-05,0.0011895,0,-4.6095e-14,-2.4721e-14,0,465.99,0.5,0.4262,0
0.0052,5.5899e-05,0.0011917,0,-5.2622e-14,-3.3764e-14,0,447.57,0.5,0.42721,0
0.0052,5.1091e-05,0.0011937,0,-5.6228e-14,-1.2168e-14,0,447.57,0.5,0.42822,0
0.0052,4.6283e-05,0.0011957,0,-5.9831e-14,9.538e-15,0,447.57,0.5,0.42922,0
0.0052,4.1475e-05,0.0011978,0,-6.3431e-14,3.1353e-14,0,447.57,0.5,0.43023,0
0.0052,3.6583e-05,0.0011998,0,-6.8276e-14,4.53e-14,0,427.35,0.5,0.43123,0
0.0052,3.1527e-05,0.0012017,0,-7.5524e-14,4.3897e-14,0,427.35,0.5,0.43224,0
0.0052,2.6472e-05,0.0012037,0,-8.2787e-14,4.24e-14,0,427.35,0.5,0.43324,0
0.0052,2.1416e-05,0.0012056,0,-9.0063e-14,4.0808e-14,0,427.35,0.5,0.43425,0
0.0052,1.624e-05,0.0012076,0,-1.0089e-13,3.2825e-14,0,405.2,0.5,0.43525,0
0.0052,1.0917e-05,0.0012094,0,-1.1607e-13,1.7116e-14,0,405.2,0.5,0.43626,0
0.0052,5.5932e-06,0.0012113,0,-1.3126e-13,1.4507e-15,0,405.2,0.5,0.43726,0
0.0052,2.6982e-07,0.0012131,0,-1.4647e-13,-1.4174e-14,0,454.34,0.5,0.43827,0
0.0052,-5.2155e-06,0.0012149,0,-1.5799e-13,-7.8606e-15,0,430.84,0.5,0.43927,0
0.0052,-1.083e-05,0.0012167,0,-1.6666e-13,1.5954e-14,0,430.84,0.5,0.44028,0
0.0052,-1.6444e-05,0.0012184,0,-1.7536e-13,3.9754e-14,0,430.84,0.5,0.44128,0
0.0052,-2.2058e-05,0.0012202,0,-1.8411e-13,6.3539e-14,0,430.84,0.5,0.44229,0
0.0052,-2.7882e-05,0.0012219,0,-2.0577e-13,8.7032e-14,0,404.93,0.5,0.44329,0
0.0052,-3.3811e-05,0.0012235,0,-2.3399e-13,1.1034e-13,0,404.93,0.5,0.4443,0
0.0052,-3.974e-05,0.0012252,0,-2.6224e-13,1.336e-13,0,404.93,0.5,0.4453,0
0.0052,-4.5669e-05,0.0012268,0,-2.905e-13,1.5682e-13,0,404.93,0.5,0.44631,0
0.0052,-5.1862e-05,0.0012284,0,-3.3212e-13,1.8483e-13,0,376.51,0.5,0.44731,0
0.0052,-5.8133e-05,0.0012299,0,-3.7773e-13,2.1422e-13,0,376.51,0.5,0.44832,0
0.0052,-6.4403e-05,0.0012314,0,-4.2335e-13,2.4353e-13,0,376.51,0.5,0.44932,0
0.0052,-7.0673e-05,0.001233,0,-4.6898e-13,2.7277e-13,0,376.51,0.5,0.45033,0
0.0052,-7.7269e-05,0.0012344,0,-5.4376e-13,3.1231e-13,0,345.55,0.5,0.45133,0
0.0052,-8.391e-05,0.0012358,0,-6.2256e-13,3.533e-13,0,345.55,0.5,0.45234,0
0.0052,-9.0551e-05,0.0012372,0,-7.0135e-13,3.9431e-13,0,345.55,0.5,0.45335,0
0.0052,-9.7191e-05,0.0012386,0,-7.8012e-13,4.3535e-13,0,345.55,0.5,0.45435,0
0.0052,-0.00010423,0.0012399,0,-9.017e-13,5.4252e-13,0,312.13,0.5,0.45536,0
0.0052,-0.00011127,0.0012412,0,-1.024e-12,6.5051e-13,0,312.13,0.5,0.45636,0
0.0052,-0.00011831,0.0012425,0,-1.1463e-12,7.5842e-13,0,312.13,0.5,0.45737,0
0.0052,-0.00012539,0.0012438,0,-1.2756e-12,8.7273e-13,0,276.52,0.5,0.45837,0
0.0052,-0.00013286,0.001245,0,-1.4697e-12,1.0482e-12,0,276.52,0.5,0.45938,0
0.0052,-0.00014033,0.0012461,0,-1.6641e-12,1.2238e-12,0,276.52,0.5,0.46038,0
0.0052,-0.0001478,0.0012473,0,-1.8585e-12,1.3994e-12,0,276.52,0.5,0.46139,0
0.0052,-0.00015537,0.0012485,0,-2.0791e-12,1.599e-12,0,239.23,0.5,0.46239,0
0.0052,-0.0001633,0.0012495,0,-2.4002e-12,1.891e-12,0,239.23,0.5,0.4634,0
0.0052,-0.00017124,0.0012506,0,-2.7217e-12,2.1832e-12,0,239.23,0.5,0.4644,0
0.0052,-0.00017917,0.0012517,0,-3.0436e-12,2.4757e-12,0,239.23,0.5,0.46541,0
0.0052,-0.00018726,0.0012527,0,-3.4056e-12,2.8162e-12,0,201.11,0.5,0.46641,0
0.0052,-0.00019568,0.0012537,0,-3.8547e-12,3.2616e-12,0,201.11,0.5,0.46742,0
0.0052,-0.00020411,0.0012546,0,-4.3051e-12,3.708e-12,0,201.11,0.5,0.46842,0
0.0052,-0.00021253,0.0012556,0,-4.7566e-12,4.1554e-12,0,201.11,0.5,0.46943,0
0.0052,-0.00022118,0.0012565,0,-5.1468e-12,4.4887e-12,0,163.42,0.5,0.47043,0
0.0052,-0.00023011,0.0012574,0,-5.4558e-12,4.6694e-12,0,163.42,0.5,0.47144,0
0.0052,-0.00023905,0.0012583,0,-5.7689e-12,4.8541e-12,0,163.42,0.5,0.47244,0
0.0052,-0.00024799,0.0012592,0,-6.0861e-12,5.0428e-12,0,163.42,0.5,0.47345,0
0.0052,-0.00025721,0.00126,0,-5.3376e-12,4.2628e-12,0,127.88,0.5,0.47445,0
0.0052,-0.00026667,0.0012609,0,-3.6759e-12,2.6506e-12,0,127.88,0.5,0.47546,0
0.0052,-0.00027614,0.0012617,0,-2.0308e-12,1.051e-12,0,127.88,0.5,0.47646,0
0.0052,-0.0002856,0.0012626,0,-4.0221e-13,-5.3624e-13,0,127.88,0.5,0.47747,0
0.0052,-0.0002954,0.0012635,0,7.3577e-12,-5.1427e-12,0,96.508,0.5,0.47848,0
0.0052,-0.00030538,0.0012643,0,1.8442e-11,-1.1395e-11,0,96.508,0.5,0.47948,0
0.0052,-0.00031537,0.0012652,0,2.9484e-11,-1.7635e-11,0,96.508,0.5,0.48049,0
0.0052,-0.00032535,0.0012661,0,4.0484e-11,-2.3862e-11,0,96.508,0.5,0.48149,0
0.0052,-0.00033571,0.001267,0,5.5866e-11,-2.6642e-11,0,71.282,0.5,0.4825,0
0.0052,-0.00034619,0.001268,0,7.2742e-11,-2.8379e-11,0,71.282,0.5,0.4835,0
0.0052,-0.00035667,0.0012689,0,8.9711e-11,-3.0186e-11,0,71.282,0.5,0.48451,0
0.0052,-0.00036715,0.0012699,0,1.0677e-10,-3.2061e-11,0,71.282,0.5,0.48551,0
0.0052,-0.00037803,0.0012711,0,8.0212e-11,-4.9504e-11,0,53.44,0.5,0.48652,0
0.0052,-0.00038898,0.0012723,0,4.7174e-11,-6.9249e-11,0,53.44,0.5,0.48752,0
0.0052,-0.00039994,0.0012735,0,1.4352e-11,-8.8913e-11,0,53.44,0.5,0.48853,0
0.0052,-0.00041089,0.0012747,0,-1.8251e-11,-1.085e-10,0,53.44,0.5,0.48953,0
0.0052,-0.00042233,0.0012764,0,5.9811e-08,1.0144e-07,0,43.374,0.5,0.49054,0
0.0052,-0.00043378,0.0012782,0,1.2435e-07,2.11e-07,0,43.374,0.5,0.49154,0
0.0052,-0.00044524,0.0012799,0,1.9219e-07,3.2622e-07,0,43.374,0.5,0.49255,0
0.0052,-0.00045672,0.0012819,0,4.1408e-07,1.0568e-06,0,41.3,0.5,0.49355,0
0.0052,-0.00046857,0.0012856,0,2.2937e-06,8.4852e-06,0,41.3,0.5,0.49456,0
0.0052,-0.00048042,0.0012893,0,4.1856e-06,1.5958e-05,0,41.3,0.5,0.49556,0
0.0052,-0.00049227,0.001293,0,6.0898e-06,2.3476e-05,0,41.3,0.5,0.49657,0
0.0052,-0.00050308,0.0013006,0,1.2324e-05,6.3131e-05,0,37.863,0.5,0.49757,0
0.0052,-0.0005092,0.0013254,0,3.779e-05,0.00024602,0,37.863,0.5,0.49858,0
0.0052,-0.00051533,0.0013502,0,6.3226e-05,0.00042918,0,37.863,0.5,0.49958,0
0.0052,-0.00052146,0.001375,0,8.8631e-05,0.00061259,0,37.863,0.5,0.50059,0
0.0052,-0.00052705,0.0014732,0,0.00011082,0.00071323,0,26.694,0.5,0.50159,0
0.0052,-0.00053041,0.0018673,0,0.00012016,0.00047972,0,26.694,0.5,0.5026,0
0.0052,-0.00053377,0.0022615,0,0.00012947,0.00024602,0,26.694,0.5,0.50361,0
0.0052,-0.00053713,0.0026556,0,0.00013875,1.2122e-05,0,26.694,0.5,0.50461,0
0.0052,-0.00054049,0.0030497,0,0.000148,-0.00022196,0,26.694,0.5,0.50562,0
0.0052,-0.00054384,0.0034438,0,0.00015722,-0.00045624,0,26.694,0.5,0.50662,0
0.0052,-0.0005472,0.0038378,0,0.0001664,-0.0006907,0,26.694,0.5,0.50763,0
0.0052,-0.00053805,0.003918,0,0.00013664,-0.0005915,0,23.437,0.5,0.50863,0
0.0052,-0.0005259,0.0039231,0,9.7349e-05,-0.00041285,0,23.437,0.5,0.50964,0
0.0052,-0.00051376,0.0039281,0,5.7817e-05,-0.00023467,0,23.437,0.5,0.51064,0
0.0052,-0.00050161,0.0039331,0,1.805e-05,-5.6997e-05,0,23.437,0.5,0.51165,0
0.0052,-0.00049013,0.0039352,0,1.2281e-05,-3.3607e-05,0,27.877,0.5,0.51265,0
0.0052,-0.00047873,0.0039369,0,1.025e-05,-2.712e-05,0,27.877,0.5,0.51366,0
0.0052,-0.00046733,0.0039386,0,8.2164e-06,-2.0656e-05,0,27.877,0.5,0.51466,0
0.0052,-0.00045594,0.0039403,0,6.1963e-06,-1.4259e-05,0,37.161,0.5,0.51567,0
0.0052,-0.00044507,0.0039415,0,6.0299e-06,-1.3185e-05,0,37.161,0.5,0.51667,0
0.0052,-0.0004342,0.0039427,0,5.8652e-06,-1.212e-05,0,37.161,0.5,0.51768,0
0.0052,-0.00042334,0.0039438,0,5.7024e-06,-1.1063e-05,0,37.161,0.5,0.51868,0
0.0052,-0.00041254,0.003945,0,5.4683e-06,-9.9618e-06,0,50.818,0.5,0.51969,0
0.0052,-0.00040215,0.0039459,0,4.6906e-06,-8.4695e-06,0,50.818,0.5,0.52069,0
0.0052,-0.00039176,0.0039468,0,3.915e-06,-6.9817e-06,0,50.818,0.5,0.5217,0
0.0052,-0.00038138,0.0039477,0,3.1415e-06,-5.4985e-06,0,50.818,0.5,0.5227,0
0.0052,-0.0003711,0.0039486,0,2.3962e-06,-4.1004e-06,0,70.254,0.5,0.52371,0
0.0052,-0.00036118,0.0039493,0,1.7401e-06,-2.9776e-06,0,70.254,0.5,0.52471,0
0.0052,-0.00035126,0.0039501,0,1.0851e-06,-1.8568e-06,0,70.254,0.5,0.52572,0
0.0052,-0.00034135,0.0039509,0,4.3132e-07,-7.38e-07,0,70.254,0.5,0.52672,0
0.0052,-0.0003316,0.0039517,0,2.0547e-11,1.6473e-11,0,96.289,0.5,0.52773,0
0.0052,-0.00032217,0.0039524,0,1.2258e-11,1.1306e-11,0,96.289,0.5,0.52874,0
0.0052,-0.00031274,0.0039531,0,3.9386e-12,6.1323e-12,0,96.289,0.5,0.52974,0
0.0052,-0.00030332,0.0039538,0,-4.4134e-12,9.5251e-13,0,96.289,0.5,0.53075,0
0.0052,-0.00029413,0.0039546,0,-9.0062e-12,-2.217e-12,0,128.1,0.5,0.53175,0
0.0052,-0.00028522,0.0039553,0,-8.9916e-12,-2.9326e-12,0,128.1,0.5,0.53276,0
0.0052,-0.00027631,0.003956,0,-8.9871e-12,-3.6534e-12,0,128.1,0.5,0.53376,0
0.0052,-0.0002674,0.0039568,0,-8.9927e-12,-4.3795e-12,0,128.1,0.5,0.53477,0
0.0052,-0.00025879,0.0039575,0,-8.4949e-12,-4.513e-12,0,163.88,0.5,0.53577,0
0.0052,-0.00025041,0.0039583,0,-7.6e-12,-4.1817e-12,0,163.88,0.5,0.53678,0
0.0052,-0.00024203,0.0039591,0,-6.707e-12,-3.8512e-12,0,163.88,0.5,0.53778,0
0.0052,-0.00023365,0.0039599,0,-5.8159e-12,-3.5217e-12,0,163.88,0.5,0.53879,0
0.0052,-0.00022562,0.0039608,0,-5.1032e-12,-3.111e-12,0,201.69,0.5,0.53979,0
0.0052,-0.00021775,0.0039617,0,-4.4771e-12,-2.6602e-12,0,201.69,0.5,0.5408,0
0.0052,-0.00020989,0.0039626,0,-3.8511e-12,-2.2088e-12,0,201.69,0.5,0.5418,0
0.0052,-0.00020202,0.0039634,0,-3.2254e-12,-1.7569e-12,0,201.69,0.5,0.54281,0
0.0052,-0.00019455,0.0039644,0,-2.8167e-12,-1.4898e-12,0,239.86,0.5,0.54381,0
0.0052,-0.00018717,0.0039654,0,-2.4682e-12,-1.2739e-12,0,239.86,0.5,0.54482,0
0.0052,-0.0001798,0.0039664,0,-2.1197e-12,-1.0579e-12,0,239.86,0.5,0.54582,0
0.0052,-0.00017243,0.0039674,0,-1.7712e-12,-8.4175e-13,0,239.86,0.5,0.54683,0
0.0052,-0.00016548,0.0039685,0,-1.5721e-12,-7.4042e-13,0,277.15,0.5,0.54783,0
0.0052,-0.00015857,0.0039696,0,-1.3908e-12,-6.5268e-13,0,277.15,0.5,0.54884,0
0.0052,-0.00015167,0.0039708,0,-1.2095e-12,-5.6474e-13,0,277.15,0.5,0.54984,0
0.0052,-0.00014477,0.0039719,0,-1.0284e-12,-4.7669e-13,0,312.73,0.5,0.55085,0
0.0052,-0.0001383,0.0039731,0,-9.204e-13,-4.1599e-13,0,312.73,0.5,0.55185,0
0.0052,-0.00013183,0.0039744,0,-8.1232e-13,-3.5517e-13,0,312.73,0.5,0.55286,0
0.0052,-0.00012536,0.0039756,0,-7.0417e-13,-2.9423e-13,0,312.73,0.5,0.55387,0
0.0052,-0.00011893,0.0039769,0,-5.9957e-13,-2.3455e-13,0,346.1,0.5,0.55487,0
0.0052,-0.00011286,0.0039783,0,-5.2363e-13,-1.8589e-13,0,346.1,0.5,0.55588,0
0.0052,-0.00010679,0.0039796,0,-4.4764e-13,-1.3732e-13,0,346.1,0.5,0.55688,0
0.0052,-0.00010073,0.003981,0,-3.716e-13,-8.8835e-14,0,346.1,0.5,0.55789,0
0.0052,-9.474e-05,0.0039824,0,-3.0573e-13,-5.4902e-14,0,377,0.5,0.55889,0
0.0052,-8.9045e-05,0.0039839,0,-2.7592e-13,-7.2009e-14,0,377,0.5,0.5599,0
0.0052,-8.335e-05,0.0039854,0,-2.4613e-13,-8.8896e-14,0,377,0.5,0.5609,0
0.0052,-7.7654e-05,0.0039869,0,-2.1634e-13,-1.0556e-13,0,377,0.5,0.56191,0
0.0052,-7.2071e-05,0.0039884,0,-1.8705e-13,-1.2005e-13,0,405.35,0.5,0.56291,0
0.0052,-6.6719e-05,0.0039901,0,-1.5876e-13,-1.3066e-13,0,405.35,0.5,0.56392,0
0.0052,-6.1367e-05,0.0039917,0,-1.3048e-13,-1.4157e-13,0,405.35,0.5,0.56492,0
0.0052,-5.6014e-05,0.0039933,0,-1.0221e-13,-1.528e-13,0,405.35,0.5,0.56593,0
0.0052,-5.08e-05,0.003995,0,-7.9636e-14,-1.3658e-13,0,431.2,0.5,0.56693,0
0.0052,-4.5765e-05,0.0039967,0,-6.4414e-14,-8.4321e-14,0,431.2,0.5,0.56794,0
0.0052,-4.0729e-05,0.0039984,0,-4.9163e-14,-3.1683e-14,0,431.2,0.5,0.56894,0
0.0052,-3.5693e-05,0.0040002,0,-3.3881e-14,2.134e-14,0,431.2,0.5,0.56995,0
0.0052,-3.0816e-05,0.004002,0,-4.2163e-14,2.6378e-14,0,454.64,0.5,0.57095,0
0.0052,-2.6073e-05,0.0040038,0,-7.032e-14,-9.2444e-15,0,454.64,0.5,0.57196,0
0.0052,-2.1329e-05,0.0040056,0,-9.8565e-14,-4.504e-14,0,454.64,0.5,0.57296,0
0.0052,-1.6585e-05,0.0040075,0,-1.269e-13,-8.1014e-14,0,454.64,0.5,0.57397,0
0.0052,-1.2017e-05,0.0040094,0,-1.1786e-13,-9.3911e-14,0,475.83,0.5,0.57497,0
0.0052,-7.5429e-06,0.0040113,0,-8.8654e-14,-9.4339e-14,0,475.83,0.5,0.57598,0
0.0052,-3.0685e-06,0.0040133,0,-5.9383e-14,-9.4765e-14,0,475.83,0.5,0.57698,0
0.0052,1.4058e-06,0.0040152,0,-3.0053e-14,-9.5187e-14,0,475.83,0.5,0.57799,0
0.0052,5.6911e-06,0.0040172,0,-1.9881e-14,-8.2433e-14,0,448.45,0.5,0.579,0
0.0052,9.9157e-06,0.0040192,0,-1.5889e-14,-6.5229e-14,0,448.45,0.5,0.58,0
0.0052,1.4141e-05,0.0040212,0,-1.1913e-14,-4.7761e-14,0,448.45,0.5,0.58101,0
0.0052,1.8365e-05,0.0040233,0,-7.951e-15,-3.0031e-14,0,448.45,0.5,0.58201,0
0.0052,2.2391e-05,0.0040254,0,-5.7407e-15,-1.0364e-15,0,466.77,0.5,0.58302,0
0.0052,2.6385e-05,0.0040275,0,-3.8212e-15,2.9386e-14,0,466.77,0.5,0.58402,0
0.0052,3.0379e-05,0.0040296,0,-1.9167e-15,5.945e-14,0,466.77,0.5,0.58503,0
0.0052,3.4374e-05,0.0040317,0,-2.7402e-17,8.9152e-14,0,466.77,0.5,0.58603,0
0.0052,3.816e-05,0.0040339,0,-2.3947e-15,6.6259e-14,0,483.42,0.5,0.58704,0
0.0052,4.194e-05,0.0040361,0,-4.8809e-15,4.1892e-14,0,483.42,0.5,0.58804,0
0.0052,4.5721e-05,0.0040383,0,-7.3482e-15,1.775e-14,0,483.42,0.5,0.58905,0
0.0052,4.9486e-05,0.0040405,0,-9.2163e-15,-4.5502e-15,0,498.54,0.5,0.59005,0
0.0052,5.3067e-05,0.0040427,0,-3.8392e-15,-6.6177e-15,0,498.54,0.5,0.59106,0
0.0052,5.6649e-05,0.004045,0,1.5248e-15,-8.8428e-15,0,498.54,0.5,0.59206,0
0.0052,6.023e-05,0.0040472,0,6.8753e-15,-1.1225e-14,0,498.54,0.5,0.59307,0
0.0052,6.3779e-05,0.0040495,0,1.0894e-14,-4.3671e-15,0,512.25,0.5,0.59407,0
0.0052,6.7175e-05,0.0040518,0,8.8855e-15,4.5474e-14,0,512.25,0.5,0.59508,0
0.0052,7.0571e-05,0.0040542,0,6.8844e-15,9.5459e-14,0,512.25,0.5,0.59608,0
0.0052,7.3967e-05,0.0040565,0,4.8913e-15,1.4558e-13,0,512.25,0.5,0.59709,0
0.0052,7.7315e-05,0.0040588,0,2.5908e-15,1.652e-13,0,524.68,0.5,0.59809,0
0.0052,8.0538e-05,0.0040612,0,-5.0197e-16,1.0768e-13,0,524.68,0.5,0.5991,0
0.0052,8.3762e-05,0.0040636,0,-3.5977e-15,5.0025e-14,0,524.68,0.5,0.6001,0
0.0052,8.6985e-05,0.004066,0,-6.6965e-15,-7.7666e-15,0,524.68,0.5,0.60111,0
0.0052,9.0146e-05,0.0040684,0,-8.1084e-15,-9.5613e-15,0,535.93,0.5,0.60211,0
0.0052,9.3208e-05,0.0040708,0,-6.8434e-15,7.6785e-14,0,535.93,0.5,0.60312,0
0.0052,9.627e-05,0.0040732,0,-5.5429e-15,1.6321e-13,0,535.93,0.5,0.60413,0
0.0052,9.9332e-05,0.0040757,0,-4.2067e-15,2.4971e-13,0,535.93,0.5,0.60513,0
0.0052,0.00010232,0.0040781,0,-1.3096e-14,2.1378e-13,0,546.12,0.5,0.60614,0
0.0052,0.00010523,0.0040806,0,-3.2469e-14,5.2241e-14,0,546.12,0.5,0.60714,0
0.0052,0.00010814,0.0040831,0,-5.1796e-14,-1.0919e-13,0,546.12,0.5,0.60815,0
0.0052,0.00011105,0.0040856,0,-7.1078e-14,-2.7055e-13,0,546.12,0.5,0.60915,0
0.0052,0.00011388,0.0040881,0,-6.6413e-14,-2.72e-13,0,555.34,0.5,0.61016,0
0.0052,0.00011664,0.0040906,0,-4.5732e-14,-1.6611e-13,0,555.34,0.5,0.61116,0
0.0052,0.00011941,0.0040932,0,-2.5128e-14,-6.0374e-14,0,555.34,0.5,0.61217,0
0.0052,0.00012218,0.0040957,0,-4.602e-15,4.5206e-14,0,555.34,0.5,0.61317,0
0.0052,0.00012486,0.0040982,0,2.0545e-14,3.5147e-14,0,563.69,0.5,0.61418,0
0.0052,0.00012749,0.0041008,0,4.7651e-14,-2.3768e-14,0,563.69,0.5,0.61518,0
0.0052,0.00013012,0.0041034,0,7.4732e-14,-8.2496e-14,0,563.69,0.5,0.61619,0
0.0052,0.00013276,0.004106,0,1.0179e-13,-1.4103e-13,0,563.69,0.5,0.61719,0
0.0052,0.00013529,0.0041085,0,8.7361e-14,-9.8952e-14,0,571.24,0.5,0.6182,0
0.0052,0.0001378,0.0041112,0,6.297e-14,-3.2762e-14,0,571.24,0.5,0.6192,0
0.0052,0.00014031,0.0041138,0,3.8579e-14,3.3369e-14,0,571.24,0.5,0.62021,0
0.0052,0.00014282,0.0041164,0,1.4191e-14,9.9433e-14,0,571.24,0.5,0.62121,0
0.0052,0.00014522,0.004119,0,1.0388e-14,1.1375e-13,0,578.07,0.5,0.62222,0
0.0052,0.0001476,0.0041216,0,8.6398e-15,1.2279e-13,0,578.07,0.5,0.62322,0
0.0052,0.00014999,0.0041243,0,6.9099e-15,1.3165e-13,0,578.07,0.5,0.62423,0
0.0052,0.00015238,0.0041269,0,5.226e-15,1.3931e-13,0,584.26,0.5,0.62523,0
0.0052,0.00015466,0.0041296,0,5.5347e-15,7.3671e-14,0,584.26,0.5,0.62624,0
0.0052,0.00015693,0.0041322,0,5.8525e-15,8.2946e-15,0,584.26,0.5,0.62724,0
0.0052,0.00015921,0.0041349,0,6.1793e-15,-5.6817e-14,0,584.26,0.5,0.62825,0
0.0052,0.00016147,0.0041376,0,6.0439e-15,-1.1455e-13,0,589.85,0.5,0.62926,0
0.0052,0.00016364,0.0041403,0,2.3637e-15,-1.1877e-13,0,589.85,0.5,0.63026,0
0.0052,0.00016581,0.004143,0,-1.3236e-15,-1.2318e-13,0,589.85,0.5,0.63127,0
0.0052,0.00016797,0.0041457,0,-5.0177e-15,-1.2779e-13,0,589.85,0.5,0.63227,0
0.0052,0.00017012,0.0041483,0,-5.7713e-15,-1.1755e-13,0,594.91,0.5,0.63328,0
0.0052,0.00017219,0.0041511,0,3.8733e-15,-5.4251e-14,0,594.91,0.5,0.63428,0
0.0052,0.00017425,0.0041538,0,1.3524e-14,9.1745e-15,0,594.91,0.5,0.63529,0
0.0052,0.00017632,0.0041565,0,2.318e-14,7.2729e-14,0,594.91,0.5,0.63629,0
0.0052,0.00017835,0.0041592,0,2.6386e-14,1.0341e-13,0,599.48,0.5,0.6373,0
0.0052,0.00018032,0.004162,0,1.6135e-14,6.5337e-14,0,599.48,0.5,0.6383,0
0.0052,0.00018229,0.0041647,0,5.8808e-15,2.7177e-14,0,599.48,0.5,0.63931,0
0.0052,0.00018426,0.0041674,0,-4.3792e-15,-1.107e-14,0,599.48,0.5,0.64031,0
0.0052,0.00018619,0.0041702,0,-6.5381e-15,-4.4378e-14,0,603.61,0.5,0.64132,0
0.0052,0.00018806,0.0041729,0,2.1406e-15,-7.097e-14,0,603.61,0.5,0.64232,0
0.0052,0.00018994,0.0041757,0,1.0806e-14,-9.753e-14,0,603.61,0.5,0.64333,0
0.0052,0.00019181,0.0041785,0,1.946e-14,-1.2406e-13,0,603.61,0.5,0.64433,0
0.0052,0.00019364,0.0041812,0,2.1687e-14,-1.1203e-13,0,607.35,0.5,0.64534,0
0.0052,0.00019543,0.004184,0,1.826e-14,-6.5959e-14,0,607.35,0.5,0.64634,0
0.0052,0.00019722,0.0041868,0,1.485e-14,-1.9887e-14,0,607.35,0.5,0.64735,0
0.0052,0.000199,0.0041896,0,1.146e-14,2.6179e-14,0,607.35,0.5,0.64835,0
0.0052,0.00020074,0.0041923,0,8.9408e-15,3.3228e-14,0,610.72,0.5,0.64936,0
0.0052,0.00020244,0.0041951,0,6.9182e-15,1.7749e-14,0,610.72,0.5,0.65036,0
0.0052,0.00020414,0.0041979,0,4.8966e-15,2.2542e-15,0,610.72,0.5,0.65137,0
0.0052,0.00020584,0.0042007,0,2.8763e-15,-1.3255e-14,0,610.72,0.5,0.65237,0
0.0052,0.00020748,0.0042035,0,1.0668e-14,-1.4865e-14,0,613.76,0.5,0.65338,0
0.0052,0.0002091,0.0042063,0,2.1937e-14,-1.1479e-14,0,613.76,0.5,0.65439,0
0.0052,0.00021072,0.0042091,0,3.3184e-14,-8.0483e-15,0,613.76,0.5,0.65539,0
0.0052,0.00021234,0.0042119,0,4.4408e-14,-4.5739e-15,0,613.76,0.5,0.6564,0
0.0052,0.0002139,0.0042147,0,4.1487e-14,-1.6011e-14,0,616.51,0.5,0.6574,0
0.0052,0.00021544,0.0042176,0,3.5888e-14,-3.0305e-14,0,616.51,0.5,0.65841,0
0.0052,0.00021698,0.0042204,0,3.0296e-14,-4.4619e-14,0,616.51,0.5,0.65941,0
0.0052,0.00021852,0.0042232,0,2.4711e-14,-5.8955e-14,0,616.51,0.5,0.66042,0
0.0052,0.00021999,0.004226,0,1.5942e-14,-1.0979e-14,0,618.98,0.5,0.66142,0
0.0052,0.00022145,0.0042289,0,6.9968e-15,4.0702e-14,0,618.98,0.5,0.66243,0
0.0052,0.00022292,0.0042317,0,-1.9314e-15,9.2343e-14,0,618.98,0.5,0.66343,0
0.0052,0.00022438,0.0042345,0,-9.021e-15,1.385e-13,0,621.21,0.5,0.66444,0
0.0052,0.00022578,0.0042374,0,2.1363e-14,7.2714e-14,0,621.21,0.5,0.66544,0
0.0052,0.00022717,0.0042402,0,5.1714e-14,6.9363e-15,0,621.21,0.5,0.66645,0
0.0052,0.00022856,0.004243,0,8.2026e-14,-5.8821e-14,0,621.21,0.5,0.66745,0
0.0052,0.00022994,0.0042459,0,1.0769e-13,-1.0182e-13,0,623.2,0.5,0.66846,0
0.0052,0.00023127,0.0042487,0,1.0706e-13,-1.5253e-14,0,623.2,0.5,0.66946,0
0.0052,0.00023259,0.0042516,0,1.0644e-13,7.1304e-14,0,623.2,0.5,0.67047,0
0.0052,0.00023391,0.0042544,0,1.0582e-13,1.5785e-13,0,623.2,0.5,0.67147,0
0.0052,0.00023521,0.0042573,0,9.3891e-14,1.9755e-13,0,625,0.5,0.67248,0
0.0052,0.00023647,0.0042601,0,4.8411e-14,9.8382e-14,0,625,0.5,0.67348,0
0.0052,0.00023772,0.004263,0,2.9759e-15,-7.172e-16,0,625,0.5,0.67449,0
0.0052,0.00023898,0.0042658,0,-4.2419e-14,-9.9764e-14,0,625,0.5,0.67549,0
0.0052,0.00024021,0.0042687,0,-7.1546e-14,-1.4889e-13,0,626.61,0.5,0.6765,0
0.0052,0.0002414,0.0042716,0,-7.1204e-14,-1.0747e-13,0,626.61,0.5,0.6775,0
0.0052,0.00024258,0.0042744,0,-7.0876e-14,-6.6099e-14,0,626.61,0.5,0.67851,0
0.0052,0.00024377,0.0042773,0,-7.0561e-14,-2.4776e-14,0,626.61,0.5,0.67952,0
0.0052,0.00024493,0.0042801,0,-6.6176e-14,1.2441e-14,0,628.04,0.5,0.68052,0
0.0052,0.00024606,0.004283,0,-5.6959e-14,4.4852e-14,0,628.04,0.5,0.68153,0
0.0052,0.00024718,0.0042859,0,-4.7746e-14,7.7267e-14,0,628.04,0.5,0.68253,0
0.0052,0.0002483,0.0042888,0,-3.8535e-14,1.0969e-13,0,628.04,0.5,0.68354,0
0.0052,0.00024939,0.0042916,0,-2.7031e-14,8.6433e-14,0,629.32,0.5,0.68454,0
0.0052,0.00025046,0.0042945,0,-1.3733e-14,1.9564e-14,0,629.32,0.5,0.68555,0
0.0052,0.00025152,0.0042974,0,-4.408e-16,-4.7312e-14,0,629.32,0.5,0.68655,0
0.0052,0.00025258,0.0043002,0,1.2845e-14,-1.1419e-13,0,629.32,0.5,0.68756,0
0.0052,0.0002536,0.0043031,0,8.9769e-15,-1.09e-13,0,630.46,0.5,0.68856,0
0.0052,0.0002546,0.004306,0,-3.5823e-15,-6.7253e-14,0,630.46,0.5,0.68957,0
0.0052,0.00025561,0.0043089,0,-1.6139e-14,-2.547e-14,0,630.46,0.5,0.69057,0
0.0052,0.00025661,0.0043118,0,-2.8692e-14,1.6345e-14,0,630.46,0.5,0.69158,0
0.0052,0.00025757,0.0043146,0,-3.7726e-14,5.3648e-15,0,631.47,0.5,0.69258,0
0.0052,0.00025851,0.0043175,0,-4.568e-14,-2.173e-14,0,631.47,0.5,0.69359,0
0.0052,0.00025945,0.0043204,0,-5.3626e-14,-4.8845e-14,0,631.47,0.5,0.69459,0
0.0052,0.0002604,0.0043233,0,-6.1565e-14,-7.5983e-14,0,631.47,0.5,0.6956,0
0.0052,0.00026129,0.0043262,0,-4.4392e-14,-4.7975e-14,0,632.36,0.5,0.6966,0
0.0052,0.00026217,0.0043291,0,-2.3447e-14,-1.1714e-14,0,632.36,0.5,0.69761,0
0.0052,0.00026306,0.004332,0,-2.5124e-15,2.4492e-14,0,632.36,0.5,0.69861,0
0.0052,0.00026395,0.0043348,0,1.8415e-14,6.0645e-14,0,632.36,0.5,0.69962,0
0.0052,0.00026478,0.0043377,0,3.1552e-14,1.2248e-14,0,633.14,0.5,0.70062,0
0.0052,0.00026561,0.0043406,0,4.446e-14,-3.85e-14,0,633.14,0.5,0.70163,0
0.0052,0.00026644,0.0043435,0,5.7362e-14,-8.9153e-14,0,633.14,0.5,0.70263,0
0.0052,0.00026727,0.0043464,0,6.798e-14,-1.2832e-13,0,633.83,0.5,0.70364,0
0.0052,0.00026804,0.0043493,0,5.0394e-14,-2.636e-14,0,633.83,0.5,0.70465,0
0.0052,0.00026882,0.0043522,0,3.2804e-14,7.5543e-14,0,633.83,0.5,0.70565,0
0.0052,0.00026959,0.0043551,0,1.5214e-14,1.7738e-13,0,633.83,0.5,0.70666,0
0.0052,0.00027036,0.004358,0,-2.2443e-15,2.4775e-13,0,634.42,0.5,0.70766,0
0.0052,0.00027108,0.0043609,0,-1.9073e-14,1.7251e-13,0,634.42,0.5,0.70867,0
0.0052,0.0002718,0.0043638,0,-3.5882e-14,9.7261e-14,0,634.42,0.5,0.70967,0
0.0052,0.00027253,0.0043667,0,-5.2673e-14,2.2002e-14,0,634.42,0.5,0.71068,0
0.0052,0.00027323,0.0043695,0,-5.6219e-14,-2.3162e-14,0,634.93,0.5,0.71168,0
0.0052,0.0002739,0.0043724,0,-2.5786e-14,9.0108e-15,0,634.93,0.5,0.71269,0
0.0052,0.00027458,0.0043753,0,4.6307e-15,4.1185e-14,0,634.93,0.5,0.71369,0
0.0052,0.00027525,0.0043782,0,3.5035e-14,7.3364e-14,0,634.93,0.5,0.7147,0
0.0052,0.0002759,0.0043811,0,5.0335e-14,7.5717e-14,0,635.36,0.5,0.7157,0
0.0052,0.00027652,0.004384,0,4.132e-14,3.003e-14,0,635.36,0.5,0.71671,0
0.0052,0.00027714,0.0043869,0,3.2306e-14,-1.562e-14,0,635.36,0.5,0.71771,0
0.0052,0.00027776,0.0043898,0,2.3292e-14,-6.1236e-14,0,635.36,0.5,0.71872,0
0.0052,0.00027835,0.0043927,0,6.3758e-15,-7.6311e-14,0,635.73,0.5,0.71972,0
0.0052,0.00027892,0.0043956,0,-1.8904e-14,-5.9067e-14,0,635.73,0.5,0.72073,0
0.0052,0.00027949,0.0043985,0,-4.4178e-14,-4.1828e-14,0,635.73,0.5,0.72173,0
0.0052,0.00028006,0.0044014,0,-6.9444e-14,-2.4596e-14,0,635.73,0.5,0.72274,0
0.0052,0.0002806,0.0044043,0,-7.3377e-14,-1.8104e-16,0,636.03,0.5,0.72374,0
0.0052,0.00028112,0.0044072,0,-6.2384e-14,2.9242e-14,0,636.03,0.5,0.72475,0
0.0052,0.00028164,0.0044101,0,-5.1388e-14,5.8645e-14,0,636.03,0.5,0.72575,0
0.0052,0.00028216,0.004413,0,-4.039e-14,8.8024e-14,0,636.03,0.5,0.72676,0
0.0052,0.00028265,0.0044159,0,-3.8473e-14,3.35e-14,0,636.28,0.5,0.72776,0
0.0052,0.00028312,0.0044188,0,-4.0621e-14,-5.8495e-14,0,636.28,0.5,0.72877,0
0.0052,0.00028359,0.0044217,0,-4.2772e-14,-1.5046e-13,0,636.28,0.5,0.72978,0
0.0052,0.00028406,0.0044246,0,-4.4927e-14,-2.424e-13,0,636.28,0.5,0.73078,0
0.0052,0.0002845,0.0044275,0,-4.6319e-14,-1.5782e-13,0,636.47,0.5,0.73179,0
0.0052,0.00028492,0.0044304,0,-4.7511e-14,-2.7421e-14,0,636.47,0.5,0.73279,0
0.0052,0.00028535,0.0044333,0,-4.8703e-14,1.0294e-13,0,636.47,0.5,0.7338,0
0.0052,0.00028577,0.0044362,0,-4.9894e-14,2.3328e-13,0,636.47,0.5,0.7348,0
0.0052,0.00028616,0.0044391,0,-3.6997e-14,1.069e-13,0,636.61,0.5,0.73581,0
0.0052,0.00028654,0.004442,0,-2.2479e-14,-4.91e-14,0,636.61,0.5,0.73681,0
0.0052,0.00028691,0.0044449,0,-7.9666e-15,-2.0507e-13,0,636.61,0.5,0.73782,0
0.0052,0.00028729,0.0044478,0,6.5515e-15,-3.6127e-13,0,636.71,0.5,0.73882,0
0.0052,0.00028762,0.0044507,0,6.0046e-15,-1.9815e-13,0,636.71,0.5,0.73983,0
0.0052,0.00028796,0.0044536,0,5.4579e-15,-3.5046e-14,0,636.71,0.5,0.74083,0
0.0052,0.00028829,0.0044565,0,4.9115e-15,1.2804e-13,0,636.71,0.5,0.74184,0
0.0052,0.00028862,0.0044594,0,3.9462e-15,2.6857e-13,0,636.77,0.5,0.74284,0
0.0052,0.0002889,0.0044623,0,-7.1153e-16,2.1046e-13,0,636.77,0.5,0.74385,0
0.0052,0.00028919,0.0044652,0,-5.3664e-15,1.5236e-13,0,636.77,0.5,0.74485,0
0.0052,0.00028948,0.0044681,0,-1.0019e-14,9.428e-14,0,636.77,0.5,0.74586,0
0.0052,0.00028976,0.004471,0,-1.41e-14,2.8771e-14,0,636.79,0.5,0.74686,0
0.0052,0.00029,0.0044739,0,-1.5972e-14,-6.5658e-14,0,636.79,0.5,0.74787,0
0.0052,0.00029024,0.0044768,0,-1.7845e-14,-1.6009e-13,0,636.79,0.5,0.74887,0
0.0052,0.00029048,0.0044797,0,-1.9721e-14,-2.5453e-13,0,636.79,0.5,0.74988,0
0.0052,0.00029071,0.0044826,0,-1.3852e-14,-2.6631e-13,0,636.78,0.5,0.75088,0
0.0052,0.00029091,0.0044855,0,9.4694e-15,-9.1834e-14,0,636.78,0.5,0.75189,0
0.0052,0.00029111,0.0044884,0,3.2789e-14,8.2623e-14,0,636.78,0.5,0.75289,0
0.0052,0.00029131,0.0044912,0,5.6111e-14,2.5709e-13,0,636.78,0.5,0.7539,0
0.0052,0.00029149,0.0044941,0,6.0851e-14,3.1567e-13,0,636.74,0.5,0.75491,0
0.0052,0.00029164,0.004497,0,3.8876e-14,2.0763e-13,0,636.74,0.5,0.75591,0
0.0052,0.0002918,0.0044999,0,1.6903e-14,9.9587e-14,0,636.74,0.5,0.75692,0
0.0052,0.00029195,0.0045028,0,-5.0664e-15,-8.4481e-15,0,636.74,0.5,0.75792,0
0.0052,0.00029209,0.0045057,0,-1.7528e-14,-2.9784e-14,0,636.67,0.5,0.75893,0
0.0052,0.0002922,0.0045086,0,-2.0959e-14,3.1238e-14,0,636.67,0.5,0.75993,0
0.0052,0.00029231,0.0045115,0,-2.439e-14,9.2267e-14,0,636.67,0.5,0.76094,0
0.0052,0.00029242,0.0045144,0,-2.7821e-14,1.533e-13,0,636.67,0.5,0.76194,0
0.0052,0.00029251,0.0045173,0,-3.1213e-14,1.0592e-13,0,636.58,0.5,0.76295,0
0.0052,0.00029258,0.0045202,0,-3.458e-14,-9.1423e-15,0,636.58,0.5,0.76395,0
0.0052,0.00029265,0.0045231,0,-3.7947e-14,-1.2421e-13,0,636.58,0.5,0.76496,0
0.0052,0.00029272,0.004526,0,-4.1315e-14,-2.3927e-13,0,636.58,0.5,0.76596,0
0.0052,0.00029276,0.0045289,0,-2.8635e-14,-1.9148e-13,0,636.46,0.5,0.76697,0
0.0052,0.00029278,0.0045318,0,-9.6613e-15,-7.9821e-14,0,636.46,0.5,0.76797,0
0.0052,0.00029281,0.0045347,0,9.311e-15,3.183e-14,0,636.46,0.5,0.76898,0
0.0052,0.00029284,0.0045375,0,2.8284e-14,1.4349e-13,0,636.46,0.5,0.76998,0
0.0052,0.00029283,0.0045404,0,2.3157e-14,1.3222e-13,0,636.32,0.5,0.77099,0
0.0052,0.00029282,0.0045433,0,1.2778e-14,9.4162e-14,0,636.32,0.5,0.77199,0
0.0052,0.0002928,0.0045462,0,2.4007e-15,5.6111e-14,0,636.32,0.5,0.773,0
0.0052,0.00029279,0.0045491,0,-7.9778e-15,1.8058e-14,0,636.32,0.5,0.774,0
0.0052,0.00029274,0.004552,0,-1.5814e-14,3.4327e-14,0,636.16,0.5,0.77501,0
0.0052,0.00029268,0.0045549,0,-2.3441e-14,5.5076e-14,0,636.16,0.5,0.77601,0
0.0052,0.00029262,0.0045578,0,-3.1068e-14,7.5825e-14,0,636.16,0.5,0.77702,0
0.0052,0.00029257,0.0045607,0,-3.8047e-14,9.3957e-14,0,635.99,0.5,0.77802,0
0.0052,0.00029247,0.0045635,0,-2.1237e-14,1.6167e-14,0,635.99,0.5,0.77903,0
0.0052,0.00029237,0.0045664,0,-4.4268e-15,-6.1621e-14,0,635.99,0.5,0.78004,0
0.0052,0.00029228,0.0045693,0,1.2386e-14,-1.3942e-13,0,635.99,0.5,0.78104,0
0.0052,0.00029217,0.0045722,0,2.9306e-14,-1.9922e-13,0,635.8,0.5,0.78205,0
0.0052,0.00029204,0.0045751,0,4.6939e-14,-1.3793e-13,0,635.8,0.5,0.78305,0
0.0052,0.0002919,0.004578,0,6.4573e-14,-7.6643e-14,0,635.8,0.5,0.78406,0
0.0052,0.00029176,0.0045809,0,8.2211e-14,-1.5353e-14,0,635.8,0.5,0.78506,0
0.0052,0.00029161,0.0045837,0,9.2245e-14,3.7683e-14,0,635.59,0.5,0.78607,0
0.0052,0.00029144,0.0045866,0,7.7117e-14,6.3432e-14,0,635.59,0.5,0.78707,0
0.0052,0.00029126,0.0045895,0,6.1986e-14,8.9183e-14,0,635.59,0.5,0.78808,0
0.0052,0.00029108,0.0045924,0,4.6849e-14,1.1494e-13,0,635.59,0.5,0.78908,0
0.0052,0.00029089,0.0045953,0,3.1514e-14,9.7672e-14,0,635.38,0.5,0.79009,0
0.0052,0.00029067,0.0045982,0,1.5792e-14,-5.0423e-15,0,635.38,0.5,0.79109,0
0.0052,0.00029045,0.004601,0,6.6827e-17,-1.0777e-13,0,635.38,0.5,0.7921,0
0.0052,0.00029023,0.0046039,0,-1.5661e-14,-2.105e-13,0,635.38,0.5,0.7931,0
0.0052,0.00029,0.0046068,0,-1.971e-14,-2.1056e-13,0,635.15,0.5,0.79411,0
0.0052,0.00028974,0.0046097,0,-8.7533e-15,-7.8719e-14,0,635.15,0.5,0.79511,0
0.0052,0.00028948,0.0046126,0,2.2082e-15,5.3144e-14,0,635.15,0.5,0.79612,0
0.0052,0.00028922,0.0046154,0,1.3173e-14,1.8501e-13,0,635.15,0.5,0.79712,0
0.0052,0.00028894,0.0046183,0,1.3567e-14,2.3451e-13,0,634.91,0.5,0.79813,0
0.0052,0.00028864,0.0046212,0,4.968e-15,2.1398e-13,0,634.91,0.5,0.79913,0
0.0052,0.00028834,0.0046241,0,-3.6364e-15,1.9344e-13,0,634.91,0.5,0.80014,0
0.0052,0.00028804,0.0046269,0,-1.2245e-14,1.729e-13,0,634.91,0.5,0.80114,0
0.0052,0.00028772,0.0046298,0,-1.1368e-14,6.5677e-14,0,634.66,0.5,0.80215,0
0.0052,0.00028738,0.0046327,0,-5.2243e-15,-8.9647e-14,0,634.66,0.5,0.80315,0
0.0052,0.00028704,0.0046356,0,9.2305e-16,-2.4498e-13,0,634.66,0.5,0.80416,0
0.0052,0.00028671,0.0046384,0,7.075e-15,-4.0035e-13,0,634.66,0.5,0.80517,0
0.0052,0.00028634,0.0046413,0,1.2605e-14,-3.2455e-13,0,634.41,0.5,0.80617,0
0.0052,0.00028596,0.0046442,0,1.7929e-14,-1.7005e-13,0,634.41,0.5,0.80718,0
0.0052,0.00028558,0.0046471,0,2.326e-14,-1.5542e-14,0,634.41,0.5,0.80818,0
0.0052,0.0002852,0.0046499,0,2.8598e-14,1.3899e-13,0,634.41,0.5,0.80919,0
0.0052,0.00028479,0.0046528,0,9.4734e-15,1.0425e-13,0,634.14,0.5,0.81019,0
0.0052,0.00028438,0.0046557,0,-1.4017e-14,3.5834e-14,0,634.14,0.5,0.8112,0
0.0052,0.00028396,0.0046586,0,-3.7519e-14,-3.2579e-14,0,634.14,0.5,0.8122,0
0.0052,0.00028354,0.0046614,0,-6.1036e-14,-1.0099e-13,0,634.14,0.5,0.81321,0
0.0052,0.00028309,0.0046643,0,-6.5362e-14,-3.5399e-14,0,633.87,0.5,0.81421,0
0.0052,0.00028263,0.0046672,0,-6.8724e-14,3.6987e-14,0,633.87,0.5,0.81522,0
0.0052,0.00028217,0.00467,0,-7.2094e-14,1.0938e-13,0,633.87,0.5,0.81622,0
0.0052,0.00028171,0.0046729,0,-7.4414e-14,1.74e-13,0,633.6,0.5,0.81723,0
0.0052,0.00028122,0.0046758,0,-5.8396e-14,1.039e-13,0,633.6,0.5,0.81823,0
0.0052,0.00028072,0.0046786,0,-4.2367e-14,3.3784e-14,0,633.6,0.5,0.81924,0
0.0052,0.00028022,0.0046815,0,-2.6323e-14,-3.6347e-14,0,633.6,0.5,0.82024,0
0.0052,0.00027972,0.0046844,0,-1.281e-14,-9.282e-14,0,633.32,0.5,0.82125,0
0.0052,0.00027919,0.0046872,0,-1.2902e-14,-7.6139e-14,0,633.32,0.5,0.82225,0
0.0052,0.00027865,0.0046901,0,-1.2986e-14,-5.9465e-14,0,633.32,0.5,0.82326,0
0.0052,0.00027812,0.004693,0,-1.3063e-14,-4.2795e-14,0,633.32,0.5,0.82426,0
0.0052,0.00027757,0.0046958,0,-1.467e-14,-2.3411e-14,0,633.03,0.5,0.82527,0
0.0052,0.00027699,0.0046987,0,-2.0644e-14,3.7419e-15,0,633.03,0.5,0.82627,0
0.0052,0.00027642,0.0047016,0,-2.663e-14,3.0951e-14,0,633.03,0.5,0.82728,0
0.0052,0.00027584,0.0047044,0,-3.2625e-14,5.8213e-14,0,633.03,0.5,0.82828,0
0.0052,0.00027526,0.0047073,0,-2.5422e-14,4.8855e-14,0,632.74,0.5,0.82929,0
0.0052,0.00027464,0.0047102,0,4.9488e-15,-2.4836e-14,0,632.74,0.5,0.8303,0
0.0052,0.00027403,0.004713,0,3.5334e-14,-9.8588e-14,0,632.74,0.5,0.8313,0
0.0052,0.00027341,0.0047159,0,6.5731e-14,-1.7239e-13,0,632.74,0.5,0.83231,0
0.0052,0.00027278,0.0047187,0,6.482e-14,-1.5205e-13,0,632.45,0.5,0.83331,0
0.0052,0.00027213,0.0047216,0,2.8004e-14,-2.3745e-14,0,632.45,0.5,0.83432,0
0.0052,0.00027147,0.0047245,0,-8.8335e-15,1.0459e-13,0,632.45,0.5,0.83532,0
0.0052,0.00027082,0.0047273,0,-4.5688e-14,2.3295e-13,0,632.45,0.5,0.83633,0
0.0052,0.00027014,0.0047302,0,-6.4585e-14,2.1279e-13,0,632.16,0.5,0.83733,0
0.0052,0.00026945,0.004733,0,-6.9863e-14,8.0071e-14,0,632.16,0.5,0.83834,0
0.0052,0.00026876,0.0047359,0,-7.5145e-14,-5.2658e-14,0,632.16,0.5,0.83934,0
0.0052,0.00026806,0.0047387,0,-8.0429e-14,-1.854e-13,0,632.16,0.5,0.84035,0
0.0052,0.00026734,0.0047416,0,-7.513e-14,-1.7665e-13,0,631.86,0.5,0.84135,0
0.0052,0.00026661,0.0047445,0,-6.4648e-14,-9.877e-14,0,631.86,0.5,0.84236,0
0.0052,0.00026588,0.0047473,0,-5.4153e-14,-2.0911e-14,0,631.86,0.5,0.84336,0
0.0052,0.00026515,0.0047502,0,-4.3646e-14,5.6937e-14,0,631.86,0.5,0.84437,0
0.0052,0.00026438,0.004753,0,-2.9684e-14,1.0396e-13,0,631.56,0.5,0.84537,0
0.0052,0.00026361,0.0047559,0,-1.4711e-14,1.4205e-13,0,631.56,0.5,0.84638,0
0.0052,0.00026284,0.0047587,0,2.7075e-16,1.8017e-13,0,631.56,0.5,0.84738,0
0.0052,0.00026207,0.0047616,0,1.5263e-14,2.1832e-13,0,631.56,0.5,0.84839,0
0.0052,0.00026126,0.0047644,0,1.923e-14,1.6467e-13,0,631.26,0.5,0.84939,0
0.0052,0.00026045,0.0047673,0,2.1646e-14,9.8193e-14,0,631.26,0.5,0.8504,0
0.0052,0.00025963,0.0047701,0,2.4047e-14,3.1707e-14,0,631.26,0.5,0.8514,0
0.0052,0.00025882,0.004773,0,2.6434e-14,-3.4783e-14,0,631.26,0.5,0.85241,0
0.0052,0.00025797,0.0047758,0,1.2106e-14,-8.5863e-14,0,630.96,0.5,0.85341,0
0.0052,0.00025712,0.0047787,0,-2.5579e-15,-1.3666e-13,0,630.96,0.5,0.85442,0
0.0052,0.00025627,0.0047815,0,-1.7226e-14,-1.8748e-13,0,630.96,0.5,0.85543,0
0.0052,0.00025541,0.0047844,0,-2.9515e-14,-2.2469e-13,0,630.66,0.5,0.85643,0
0.0052,0.00025452,0.0047872,0,-1.5611e-14,-1.12e-13,0,630.66,0.5,0.85744,0
0.0052,0.00025363,0.0047901,0,-1.6917e-15,7.3562e-16,0,630.66,0.5,0.85844,0
0.0052,0.00025274,0.0047929,0,1.2244e-14,1.1353e-13,0,630.66,0.5,0.85945,0
0.0052,0.00025184,0.0047958,0,2.1098e-14,1.9582e-13,0,630.36,0.5,0.86045,0
0.0052,0.0002509,0.0047986,0,7.695e-15,1.4456e-13,0,630.36,0.5,0.86146,0
0.0052,0.00024997,0.0048014,0,-5.7073e-15,9.3218e-14,0,630.36,0.5,0.86246,0
0.0052,0.00024904,0.0048043,0,-1.9109e-14,4.1796e-14,0,630.36,0.5,0.86347,0
0.0052,0.0002481,0.0048071,0,-2.98e-14,8.0429e-15,0,630.05,0.5,0.86447,0
0.0052,0.00024712,0.00481,0,-3.3824e-14,1.796e-14,0,630.05,0.5,0.86548,0
0.0052,0.00024615,0.0048128,0,-3.7848e-14,2.7978e-14,0,630.05,0.5,0.86648,0
0.0052,0.00024518,0.0048157,0,-4.1872e-14,3.8094e-14,0,630.05,0.5,0.86749,0
0.0052,0.00024419,0.0048185,0,-3.7522e-14,3.9827e-14,0,629.75,0.5,0.86849,0
0.0052,0.00024318,0.0048213,0,-2.0195e-14,2.841e-14,0,629.75,0.5,0.8695,0
0.0052,0.00024216,0.0048242,0,-2.8694e-15,1.6948e-14,0,629.75,0.5,0.8705,0
0.0052,0.00024115,0.004827,0,1.4453e-14,5.4428e-15,0,629.75,0.5,0.87151,0
0.0052,0.00024012,0.0048299,0,1.9939e-14,-7.6885e-15,0,629.45,0.5,0.87251,0
0.0052,0.00023906,0.0048327,0,1.3353e-14,-2.2471e-14,0,629.45,0.5,0.87352,0
0.0052,0.00023801,0.0048355,0,6.7652e-15,-3.7293e-14,0,629.45,0.5,0.87452,0
0.0052,0.00023695,0.0048384,0,1.762e-16,-5.2155e-14,0,629.45,0.5,0.87553,0
0.0052,0.00023587,0.0048412,0,-8.1779e-15,-7.183e-14,0,629.14,0.5,0.87653,0
0.0052,0.00023478,0.004844,0,-1.7726e-14,-9.4729e-14,0,629.14,0.5,0.87754,0
0.0052,0.00023368,0.0048469,0,-2.7282e-14,-1.1763e-13,0,629.14,0.5,0.87854,0
0.0052,0.00023259,0.0048497,0,-3.6848e-14,-1.4054e-13,0,629.14,0.5,0.87955,0
0.0052,0.00023146,0.0048526,0,-2.5881e-14,-7.8521e-14,0,628.84,0.5,0.88056,0
0.0052,0.00023033,0.0048554,0,-6.1421e-15,1.9806e-14,0,628.84,0.5,0.88156,0
0.0052,0.00022919,0.0048582,0,1.3607e-14,1.1822e-13,0,628.84,0.5,0.88257,0
0.0052,0.00022805,0.0048611,0,3.3368e-14,2.1672e-13,0,628.84,0.5,0.88357,0
0.0052,0.00022688,0.0048639,0,3.5645e-14,1.6853e-13,0,628.54,0.5,0.88458,0
0.0052,0.0002257,0.0048667,0,3.3659e-14,8.4482e-14,0,628.54,0.5,0.88558,0
0.0052,0.00022452,0.0048696,0,3.1671e-14,3.3154e-16,0,628.54,0.5,0.88659,0
0.0052,0.00022335,0.0048724,0,2.9681e-14,-8.3911e-14,0,628.54,0.5,0.88759,0
0.0052,0.00022213,0.0048752,0,2.6664e-14,-7.6249e-14,0,628.23,0.5,0.8886,0
0.0052,0.00022091,0.004878,0,2.3544e-14,-5.9085e-14,0,628.23,0.5,0.8896,0
0.0052,0.00021969,0.0048809,0,2.0427e-14,-4.185e-14,0,628.23,0.5,0.89061,0
0.0052,0.00021847,0.0048837,0,1.7346e-14,-2.5082e-14,0,627.93,0.5,0.89161,0
0.0052,0.0002172,0.0048865,0,1.7584e-14,-6.1685e-14,0,627.93,0.5,0.89262,0
0.0052,0.00021594,0.0048894,0,1.7821e-14,-9.8393e-14,0,627.93,0.5,0.89362,0
0.0052,0.00021468,0.0048922,0,1.8056e-14,-1.3521e-13,0,627.93,0.5,0.89463,0
0.0052,0.00021341,0.004895,0,1.7255e-14,-1.6437e-13,0,627.63,0.5,0.89563,0
0.0052,0.0002121,0.0048978,0,8.3354e-15,-1.3259e-13,0,627.63,0.5,0.89664,0
0.0052,0.0002108,0.0049007,0,-5.8838e-16,-1.0078e-13,0,627.63,0.5,0.89764,0
0.0052,0.00020949,0.0049035,0,-9.5169e-15,-6.8933e-14,0,627.63,0.5,0.89865,0
0.0052,0.00020817,0.0049063,0,-1.8898e-14,-3.9688e-14,0,627.33,0.5,0.89965,0
0.0052,0.00020683,0.0049091,0,-2.9914e-14,-1.9971e-14,0,627.33,0.5,0.90066,0
0.0052,0.00020548,0.004912,0,-4.0947e-14,-1.6896e-16,0,627.33,0.5,0.90166,0
0.0052,0.00020413,0.0049148,0,-5.1995e-14,1.9717e-14,0,627.33,0.5,0.90267,0
0.0052,0.00020276,0.0049176,0,-5.4142e-14,3.4079e-14,0,627.03,0.5,0.90367,0
0.0052,0.00020137,0.0049204,0,-3.7248e-14,3.6454e-14,0,627.03,0.5,0.90468,0
0.0052,0.00019998,0.0049233,0,-2.0345e-14,3.8777e-14,0,627.03,0.5,0.90569,0
0.0052,0.00019858,0.0049261,0,-3.4366e-15,4.1048e-14,0,627.03,0.5,0.90669,0
0.0052,0.00019717,0.0049289,0,-1.1449e-15,3.7399e-14,0,626.73,0.5,0.9077,0
0.0052,0.00019574,0.0049317,0,-1.8894e-14,2.5687e-14,0,626.73,0.5,0.9087,0
0.0052,0.0001943,0.0049345,0,-3.6657e-14,1.3959e-14,0,626.73,0.5,0.90971,0
0.0052,0.00019286,0.0049374,0,-5.4435e-14,2.2151e-15,0,626.73,0.5,0.91071,0
0.0052,0.0001914,0.0049402,0,-5.6721e-14,-3.7758e-14,0,626.43,0.5,0.91172,0
0.0052,0.00018992,0.004943,0,-4.4974e-14,-1.0325e-13,0,626.43,0.5,0.91272,0
0.0052,0.00018844,0.0049458,0,-3.3219e-14,-1.6872e-13,0,626.43,0.5,0.91373,0
0.0052,0.00018696,0.0049486,0,-2.1453e-14,-2.3417e-13,0,626.43,0.5,0.91473,0
0.0052,0.00018545,0.0049514,0,-1.3379e-14,-2.0044e-13,0,626.13,0.5,0.91574,0
0.0052,0.00018392,0.0049543,0,-7.4853e-15,-1.0802e-13,0,626.13,0.5,0.91674,0
0.0052,0.00018239,0.0049571,0,-1.5795e-15,-1.5649e-14,0,626.13,0.5,0.91775,0
0.0052,0.00018087,0.0049599,0,4.3389e-15,7.6674e-14,0,626.13,0.5,0.91875,0
0.0052,0.00017931,0.0049627,0,-6.9942e-15,6.7568e-14,0,625.83,0.5,0.91976,0
0.0052,0.00017773,0.0049655,0,-2.4703e-14,2.1234e-14,0,625.83,0.5,0.92076,0
0.0052,0.00017616,0.0049683,0,-4.2441e-14,-2.5022e-14,0,625.83,0.5,0.92177,0
0.0052,0.00017459,0.0049711,0,-6.021e-14,-7.1203e-14,0,625.83,0.5,0.92277,0
0.0052,0.00017298,0.004974,0,-4.9024e-14,-5.2213e-14,0,625.53,0.5,0.92378,0
0.0052,0.00017136,0.0049768,0,-3.2036e-14,-2.0235e-14,0,625.53,0.5,0.92478,0
0.0052,0.00016974,0.0049796,0,-1.5004e-14,1.1787e-14,0,625.53,0.5,0.92579,0
0.0052,0.00016812,0.0049824,0,2.0707e-15,4.3847e-14,0,625.53,0.5,0.92679,0
0.0052,0.00016646,0.0049852,0,1.7077e-14,2.8816e-14,0,625.23,0.5,0.9278,0
0.0052,0.0001648,0.004988,0,3.194e-14,1.0571e-14,0,625.23,0.5,0.9288,0
0.0052,0.00016313,0.0049908,0,4.6802e-14,-7.7341e-15,0,625.23,0.5,0.92981,0
0.0052,0.00016147,0.0049936,0,6.0012e-14,-2.6057e-14,0,624.93,0.5,0.93082,0
0.0052,0.00015975,0.0049964,0,3.3902e-14,-4.3517e-14,0,624.93,0.5,0.93182,0
0.0052,0.00015804,0.0049992,0,7.768e-15,-6.1124e-14,0,624.93,0.5,0.93283,0
0.0052,0.00015633,0.005002,0,-1.8392e-14,-7.8877e-14,0,624.93,0.5,0.93383,0
0.0052,0.00015461,0.0050049,0,-4.079e-14,-9.3492e-14,0,624.63,0.5,0.93484,0
0.0052,0.00015285,0.0050077,0,-4.0525e-14,-8.8449e-14,0,624.63,0.5,0.93584,0
0.0052,0.00015109,0.0050105,0,-4.0223e-14,-8.3264e-14,0,624.63,0.5,0.93685,0
0.0052,0.00014933,0.0050133,0,-3.9884e-14,-7.794e-14,0,624.63,0.5,0.93785,0
0.0052,0.00014756,0.0050161,0,-3.4388e-14,-5.4065e-14,0,624.34,0.5,0.93886,0
0.0052,0.00014575,0.0050189,0,-1.3215e-14,2.6297e-14,0,624.34,0.5,0.93986,0
0.0052,0.00014394,0.0050217,0,7.9736e-15,1.0687e-13,0,624.34,0.5,0.94087,0
0.0052,0.00014213,0.0050245,0,2.9174e-14,1.8764e-13,0,624.34,0.5,0.94187,0
0.0052,0.00014031,0.0050273,0,3.9015e-14,2.2078e-13,0,624.04,0.5,0.94288,0
0.0052,0.00013845,0.0050301,0,2.765e-14,1.6473e-13,0,624.04,0.5,0.94388,0
0.0052,0.00013659,0.0050329,0,1.6221e-14,1.0836e-13,0,624.04,0.5,0.94489,0
0.0052,0.00013473,0.0050357,0,4.73e-15,5.1687e-14,0,624.04,0.5,0.94589,0
0.0052,0.00013285,0.0050385,0,1.776e-15,-2.9189e-15,0,623.74,0.5,0.9469,0
0.0052,0.00013095,0.0050413,0,9.22e-15,-5.4636e-14,0,623.74,0.5,0.9479,0
0.0052,0.00012904,0.0050441,0,1.6682e-14,-1.062e-13,0,623.74,0.5,0.94891,0
0.0052,0.00012713,0.0050469,0,2.4163e-14,-1.5763e-13,0,623.74,0.5,0.94991,0
0.0052,0.00012519,0.0050497,0,2.4397e-14,-1.442e-13,0,623.44,0.5,0.95092,0
0.0052,0.00012324,0.0050525,0,1.8843e-14,-7.9022e-14,0,623.44,0.5,0.95192,0
0.0052,0.00012128,0.0050553,0,1.3308e-14,-1.3887e-14,0,623.44,0.5,0.95293,0
0.0052,0.00011932,0.0050581,0,7.7926e-15,5.1214e-14,0,623.44,0.5,0.95393,0
0.0052,0.00011733,0.0050609,0,-1.2218e-14,4.1574e-14,0,623.14,0.5,0.95494,0
0.0052,0.00011532,0.0050637,0,-3.9756e-14,-6.7837e-15,0,623.14,0.5,0.95595,0
0.0052,0.00011331,0.0050665,0,-6.7309e-14,-5.5177e-14,0,623.14,0.5,0.95695,0
0.0052,0.0001113,0.0050693,0,-9.488e-14,-1.0361e-13,0,623.14,0.5,0.95796,0
0.0052,0.00010925,0.0050721,0,-8.6362e-14,-5.3998e-14,0,622.84,0.5,0.95896,0
0.0052,0.00010719,0.0050748,0,-6.6582e-14,2.638e-14,0,622.84,0.5,0.95997,0
0.0052,0.00010513,0.0050776,0,-4.6819e-14,1.0691e-13,0,622.84,0.5,0.96097,0
0.0052,0.00010306,0.0050804,0,-2.7076e-14,1.8759e-13,0,622.84,0.5,0.96198,0
0.0052,0.00010096,0.0050832,0,-1.1129e-14,9.4584e-14,0,622.54,0.5,0.96298,0
0.0052,9.8842e-05,0.005086,0,4.2449e-15,-2.5658e-14,0,622.54,0.5,0.96399,0
0.0052,9.6727e-05,0.0050888,0,1.9641e-14,-1.4605e-13,0,622.54,0.5,0.96499,0
0.0052,9.4612e-05,0.0050916,0,3.5057e-14,-2.6658e-13,0,622.54,0.5,0.966,0
0.0052,9.2446e-05,0.0050944,0,1.5031e-14,-1.9495e-13,0,622.23,0.5,0.967,0
0.0052,9.0277e-05,0.0050972,0,-6.1804e-15,-1.1708e-13,0,622.23,0.5,0.96801,0
0.0052,8.8109e-05,0.0051,0,-2.7414e-14,-3.9266e-14,0,622.23,0.5,0.96901,0
0.0052,8.5936e-05,0.0051028,0,-4.6916e-14,3.0311e-14,0,621.93,0.5,0.97002,0
0.0052,8.3713e-05,0.0051055,0,-4.3629e-14,-6.241e-15,0,621.93,0.5,0.97102,0
0.0052,8.149e-05,0.0051083,0,-4.0312e-14,-4.2677e-14,0,621.93,0.5,0.97203,0
0.0052,7.9267e-05,0.0051111,0,-3.6967e-14,-7.8994e-14,0,621.93,0.5,0.97303,0
0.0052,7.7034e-05,0.0051139,0,-3.6511e-14,-9.6447e-14,0,621.63,0.5,0.97404,0
0.0052,7.4755e-05,0.0051167,0,-4.9835e-14,-2.5214e-14,0,621.63,0.5,0.97504,0
0.0052,7.2476e-05,0.0051195,0,-6.3152e-14,4.5984e-14,0,621.63,0.5,0.97605,0
0.0052,7.0198e-05,0.0051223,0,-7.646e-14,1.1714e-13,0,621.63,0.5,0.97705,0
0.0052,6.7903e-05,0.005125,0,-7.9826e-14,1.6349e-13,0,621.32,0.5,0.97806,0
0.0052,6.5568e-05,0.0051278,0,-5.7367e-14,1.4551e-13,0,621.32,0.5,0.97906,0
0.0052,6.3233e-05,0.0051306,0,-3.4934e-14,1.2769e-13,0,621.32,0.5,0.98007,0
0.0052,6.0897e-05,0.0051334,0,-1.2531e-14,1.1003e-13,0,621.32,0.5,0.98108,0
0.0052,5.854e-05,0.0051362,0,4.2214e-15,9.2958e-14,0,621.01,0.5,0.98208,0
0.0052,5.6147e-05,0.005139,0,1.1815e-14,7.6513e-14,0,621.01,0.5,0.98309,0
0.0052,5.3755e-05,0.0051417,0,1.9393e-14,5.9933e-14,0,621.01,0.5,0.98409,0
0.0052,5.1362e-05,0.0051445,0,2.6957e-14,4.3216e-14,0,621.01,0.5,0.9851,0
0.0052,4.8941e-05,0.0051473,0,3.6628e-14,1.0909e-14,0,620.7,0.5,0.9861,0
0.0052,4.6489e-05,0.0051501,0,4.8606e-14,-3.7975e-14,0,620.7,0.5,0.98711,0
0.0052,4.4038e-05,0.0051528,0,6.0647e-14,-8.6935e-14,0,620.7,0.5,0.98811,0
0.0052,4.1586e-05,0.0051556,0,7.2754e-14,-1.3598e-13,0,620.7,0.5,0.98912,0
0.0052,3.91e-05,0.0051584,0,7.221e-14,-1.3375e-13,0,620.39,0.5,0.99012,0
0.0052,3.6589e-05,0.0051612,0,6.2776e-14,-9.5416e-14,0,620.39,0.5,0.99113,0
0.0052,3.4078e-05,0.005164,0,5.3384e-14,-5.7054e-14,0,620.39,0.5,0.99213,0
0.0052,3.1567e-05,0.0051667,0,4.4032e-14,-1.8661e-14,0,620.39,0.5,0.99314,0
0.0052,2.9014e-05,0.0051695,0,2.3824e-14,3.017e-14,0,620.07,0.5,0.99414,0
0.0052,2.6443e-05,0.0051723,0,-1.3399e-15,8.3801e-14,0,620.07,0.5,0.99515,0
0.0052,2.3871e-05,0.0051751,0,-2.6595e-14,1.3759e-13,0,620.07,0.5,0.99615,0
0.0052,2.13e-05,0.0051778,0,-5.1938e-14,1.9152e-13,0,620.07,0.5,0.99716,0
0.0052,1.8679e-05,0.0051806,0,-5.2442e-14,1.327e-13,0,619.75,0.5,0.99816,0
0.0052,1.6046e-05,0.0051834,0,-4.6508e-14,4.4454e-14,0,619.75,0.5,0.99917,0
0.0052,1.3412e-05,0.0051861,0,-4.0616e-14,-4.3901e-14,0,619.75,0.5,1.0002,0
0.0052,1.0779e-05,0.0051889,0,-3.4765e-14,-1.3235e-13,0,619.75,0.5,1.0012,0
0.0052,8.089e-06,0.0051917,0,-0.19337,0.56012,0,619.43,0.5,1.0022,0
0.0052,5.3925e-06,0.0051945,0,-0.40901,1.1848,0,619.43,0.5,1.0032,0
0.0052,2.6962e-06,0.0051972,0,-0.62463,1.8093,0,627.09,0.5,1.0042,0
0.0052,1.1082e-19,0.0052,0,-0.84024,2.4339,0,627.09,0.5,1.0052,0
