time,Fmax,Fy,d_max,max_plastic_strain,nominal_stress
0,0,0,0,0,0
0.01,518.40995465812,518.40995465812,0,0,12.960248866453
0.02,1036.8199093162,1036.8199093162,0,0,25.920497732905
0.03,1555.2298639743,1555.2298639743,0,0,38.880746599358
0.04,2073.6398186324,2073.6398186324,0,0,51.840995465811
0.05,2592.0497732906,2592.0497732906,0,0,64.801244332264
0.06,3110.4597279487,3110.4597279487,0,0,77.761493198716
0.07,3628.813554031,3628.813554031,0,0.00027816055857077,90.720338850775
0.08,4145.8629187031,4145.8629187031,0,0.0011194328628795,103.64657296758
0.09,4660.0557746832,4660.0557746832,0,0.0021835421226139,116.50139436708
0.1,5170.3108330847,5170.3108330847,0,0.0034594672804349,129.25777082712
0.11,5675.5744687036,5675.5744687036,0,0.0049459268966245,141.88936171759
0.12,6174.5622882261,6174.5622882261,0,0.0066528713978587,154.36405720565
0.13,6665.4614780644,6665.4614780644,0,0.0086038737129844,166.63653695161
0.14,7145.3594648566,7145.3594648566,0,0.010841934408743,178.63398662142
0.15,7607.701471632,7607.701471632,0,0.013494886547271,190.1925367908
0.16,8027.0661667604,8027.0661667604,0,0.016914853246047,200.67665416901
0.17,8369.3244186861,8369.3244186861,0,0.021241035937214,209.23311046715
0.18,8525.2490147636,8525.2490147636,0,0.027357057611311,213.13122536909
0.19,8612.9969340232,8612.9969340232,0,0.033997861821091,215.32492335058
0.2,8679.8948788934,8679.8948788934,0,0.040732439699857,216.99737197234
0.21,8735.2989152854,8735.2989152854,0,0.047489845519647,218.38247288214
0.22,8781.3674735545,8781.3674735545,0,0.054284288167565,219.53418683886
0.23,8821.1974892617,8821.1974892617,0,0.061093347406126,220.52993723154
0.24,8856.8877915441,8856.8877915441,0,0.067906003895428,221.4221947886
0.25,8889.0279666645,8889.0279666645,0,0.074724064659882,222.22569916661
0.26,8917.983721837,8917.983721837,0,0.081544988382928,222.94959304593
0.27,8944.4743436681,8944.4743436681,0,0.088365865148515,223.6118585917
0.28,8968.9825486747,8968.9825486747,0,0.095187332144487,224.22456371687
0.29,8991.8522268618,8991.8522268618,0,0.10201334959559,224.79630567155
0.3,9013.2540366514,9013.2540366514,0,0.10883861790485,225.33135091628
0.31,9033.3462211975,9033.3462211975,0,0.11566658047162,225.83365552994
0.32,9052.2487044124,9052.2487044124,0,0.12249116296941,226.30621761031
0.33,9070.116741409,9070.116741409,0,0.12931513961104,226.75291853523
0.331,9071.8492278209,9071.8370870759,0.0034867094937846,0.13004137937263,226.7959271769
0.332,9073.5656231623,9073.5419327171,0.0059411049558172,0.13076674825821,226.83854831793
0.333,9075.2614456691,9075.2240363309,0.0088033253954471,0.13150469317023,226.88060090827
0.334,9076.9339826685,9076.8817889832,0.011957686405627,0.13225356338198,226.92204472458
0.335,9078.5821920072,9078.512765611,0.015371539368364,0.13301729264635,226.96281914028
0.336,9080.2036092166,9080.1152850776,0.018997151451994,0.13379337522883,227.00288212694
0.337,9081.7957922543,9081.6895722929,0.022767919893909,0.13458250602569,227.04223930732
0.338,9083.359611075,9083.221747916,0.027024806223811,0.13539448876957,227.0805436979
0.339,9084.8913756164,9084.7308587412,0.031074372072305,0.1362129291243,227.11827146853
0.34,9086.391519963,9086.2093301729,0.035212319633547,0.13704568384205,227.15523325432
0.341,9087.8611192847,9087.6504994507,0.039438792918202,0.13789289534078,227.19126248627
0.342,9089.2939115785,9089.0586527096,0.043727375724961,0.13875444769287,227.22646631774
0.343,9090.6932073907,9090.4313485153,0.048086564256476,0.13963191815499,227.26078371288
0.344,9092.0575922579,9091.7700447712,0.052502586111838,0.14052539205073,227.29425111928
0.345,9093.3874528837,9093.0682325107,0.056973351904909,0.14143474020493,227.32670581277
0.346,9094.6770382795,9094.3245029499,0.061493358697296,0.1423596390777,227.35811257375
0.347,9095.924226002,9095.5452500122,0.066062080371513,0.1433016128623,227.38863125031
0.348,9097.1368837174,9096.7288920101,0.070683239549789,0.14426304719168,227.41822230025
0.349,9098.3122268281,9097.873065449,0.075355724126477,0.14524280866044,227.44682663623
0.35,9099.4478324986,9098.9656901061,0.080063605616968,0.14623884868961,227.47414225265
0.351,9100.5309582127,9100.0097960592,0.084819663625422,0.14725268625369,227.50024490148
0.352,9101.5669571733,9101.0144122901,0.089618286006336,0.14828787442575,227.52536030725
0.353,9102.5623822935,9101.9809085254,0.094458203949838,0.14934333308612,227.54952271313
0.354,9103.5195173405,9102.9056858162,0.099348729280088,0.15042037682761,227.5726421454
0.355,9104.4365951804,9103.7674294922,0.10428835101728,0.15151958846686,227.59418573731
0.356,9105.2887330881,9104.5649178138,0.10926447471391,0.15263568641014,227.61412294534
0.357,9106.0776874323,9105.2965341731,0.11444299559429,0.15378296452994,227.63241335433
0.358,9106.819054406,9106.006021744,0.11951211430366,0.15494603486835,227.6501505436
0.359,9107.5214656578,9106.6530332341,0.12462759036195,0.15613431011133,227.66632583085
0.36,9108.16125668,9107.2590341984,0.12978210572428,0.15734548202073,227.68147585496
0.361,9108.7599618734,9107.7955150279,0.1349908762065,0.15858454225582,227.6948878757
0.362,9109.2891870318,9108.2764247889,0.1402415375994,0.15984918019069,227.70691061972
0.363,9109.7630601944,9108.6827110165,0.14554104850908,0.16113995127356,227.71706777541
0.364,9110.1624867851,9109.0244009818,0.15086125174741,0.1624505580565,227.72561002455
0.364,9110.1624867851,9109.0244009818,0.15086125174741,0.1624505580565,227.72561002455
0.364,9110.1624867851,9109.0244009818,0.15086125174741,0.1624505580565,227.72561002455
0.364,9110.1624867851,9109.0244009818,0.15086125174741,0.1624505580565,227.72561002455
0.365,9110.497267931,9109.2946737791,0.1562006133508,0.16378078374016,227.73236684448
0.365,9110.497267931,9109.2946737791,0.1562006133508,0.16378078374016,227.73236684448
0.365,9110.497267931,9109.2946737791,0.1562006133508,0.16378078374016,227.73236684448
0.365,9110.497267931,9109.2946737791,0.1562006133508,0.16378078374016,227.73236684448
0.366,9110.7608592657,9109.4982050049,0.16158554434313,0.16514053546387,227.73745512512
0.366,9110.7608592657,9109.4982050049,0.16158554434313,0.16514053546387,227.73745512512
0.366,9110.7608592657,9109.4982050049,0.16158554434313,0.16514053546387,227.73745512512
0.366,9110.7608592657,9109.4982050049,0.16158554434313,0.16514053546387,227.73745512512
0.367,9110.9568363792,9109.6237698769,0.16703257333246,0.16653395183651,227.74059424692
0.368,9111.0757530467,9109.6869282289,0.17250732223838,0.16795318864339,227.74217320572
0.369,9111.1318486323,9109.6821998743,0.17799951863327,0.16939649482488,227.74205499686
0.37,9111.1318486323,9109.5601072223,0.18360650875371,0.17087586713677,227.73900268056
0.371,9111.1318486323,9109.3799982627,0.18915911501389,0.17237410056375,227.73449995657
0.372,9111.1318486323,9109.1112703492,0.19472690005402,0.17389894075359,227.72778175873
0.373,9111.1318486323,9108.7400069883,0.20034450718238,0.17546405178481,227.71850017471
0.374,9111.1318486323,9108.2846065206,0.20596504652843,0.17710024745822,227.70711516302
0.375,9111.1318486323,9107.751498861,0.21156613537758,0.17881089308251,227.69378747152
0.376,9111.1318486323,9107.119933447,0.21714652062531,0.18057211694061,227.67799833617
0.377,9111.1318486323,9106.3796807488,0.22272687491826,0.18245465329119,227.65949201872
0.378,9111.1318486323,9105.471626909,0.22836129720175,0.18439048800581,227.63679067273
0.379,9111.1318486323,9104.4806762493,0.23389652938717,0.18643936022567,227.61201690623
0.38,9111.1318486323,9103.3711871333,0.2394609915895,0.18855292968111,227.58427967833
0.381,9111.1318486323,9102.1551129609,0.24517870534,0.19073023479319,227.55387782402
0.382,9111.1318486323,9100.833544588,0.25105561287353,0.19303908166477,227.5208386147
0.383,9111.1318486323,9099.3409872241,0.25711312216019,0.19539785183547,227.4835246806
0.384,9111.1318486323,9097.7201812806,0.26334323608283,0.19790683872273,227.44300453202
0.385,9111.1318486323,9095.959139688,0.26984567611157,0.20046935878655,227.3989784922
0.386,9111.1318486323,9094.048287822,0.276458376114,0.20312316771781,227.35120719555
0.387,9111.1318486323,9091.9892786606,0.28332213193083,0.20589930078138,227.29973196652
0.388,9111.1318486323,9089.7330387674,0.29049323755455,0.20878144474504,227.24332596918
0.389,9111.1318486323,9087.3370695549,0.29776318506476,0.21178490866533,227.18342673887
0.39,9111.1318486323,9084.7503989135,0.30550322711857,0.21494965365868,227.11875997284
0.392,9111.1318486323,9078.8171988832,0.32191561704517,0.22168453415469,226.97042997208
0.392,9111.1318486323,9078.8171988832,0.32191561704517,0.22168453415469,226.97042997208
0.392,9111.1318486323,9078.8171988832,0.32191561704517,0.22168453415469,226.97042997208
0.392,9111.1318486323,9078.8171988832,0.32191561704517,0.22168453415469,226.97042997208
0.394,9111.1318486323,9071.7755376303,0.34156190209763,0.23270452239069,226.79438844076
0.394,9111.1318486323,9071.7755376303,0.34156190209763,0.23270452239069,226.79438844076
0.394,9111.1318486323,9071.7755376303,0.34156190209763,0.23270452239069,226.79438844076
0.394,9111.1318486323,9071.7755376303,0.34156190209763,0.23270452239069,226.79438844076
0.396,9111.1318486323,9063.4243205985,0.36855443057352,0.25501957833274,226.58560801496
0.396,9111.1318486323,9063.4243205985,0.36855443057352,0.25501957833274,226.58560801496
0.396,9111.1318486323,9063.4243205985,0.36855443057352,0.25501957833274,226.58560801496
0.396,9111.1318486323,9063.4243205985,0.36855443057352,0.25501957833274,226.58560801496
0.398,9111.1318486323,9053.0997371092,0.4020249053148,0.28895015810842,226.32749342773
0.4,9111.1318486323,9040.5876565732,0.43916755316233,0.33885067406148,226.01469141433
0.402,9111.1318486323,9025.8453034395,0.48069028614826,0.40519941691815,225.64613258599
0.404,9111.1318486323,9009.3818270667,0.52220493757734,0.48348629078775,225.23454567667
0.406,9111.1318486323,8992.2698655089,0.56031062486715,0.56796563917303,224.80674663772
0.408,9111.1318486323,8975.1921610818,0.59447102179384,0.6560978566076,224.37980402704
0.41,9111.1318486323,8958.443184944,0.62491373351646,0.74561197720418,223.9610796236
0.412,9111.1318486323,8942.3161096005,0.65122459235974,0.82824329325132,223.55790274001
0.414,9111.1318486323,8927.2115415252,0.67358658304312,0.91480718338011,223.18028853813
0.416,9111.1318486323,8912.859940737,0.69514058734713,1.0085300623961,222.82149851843
0.418,9111.1318486323,8899.1751130672,0.71454800466106,1.0964093529574,222.47937782668
0.42,9111.1318486323,8886.0867408084,0.73166791598452,1.1993567521717,222.15216852021
0.42,9111.1318486323,8886.0867408084,0.73166791598452,1.1993567521717,222.15216852021
0.42,9111.1318486323,8886.0867408084,0.73166791598452,1.1993567521717,222.15216852021
0.42,9111.1318486323,8886.0867408084,0.73166791598452,1.1993567521717,222.15216852021
0.422,9111.1318486323,8873.4982420491,0.7481930298611,1.3064315425316,221.83745605123
0.422,9111.1318486323,8873.4982420491,0.7481930298611,1.3064315425316,221.83745605123
0.422,9111.1318486323,8873.4982420491,0.7481930298611,1.3064315425316,221.83745605123
0.422,9111.1318486323,8873.4982420491,0.7481930298611,1.3064315425316,221.83745605123
0.424,9111.1318486323,8861.4107095193,0.76437416824034,1.4228992251121,221.53526773798
0.424,9111.1318486323,8861.4107095193,0.76437416824034,1.4228992251121,221.53526773798
0.424,9111.1318486323,8861.4107095193,0.76437416824034,1.4228992251121,221.53526773798
0.424,9111.1318486323,8861.4107095193,0.76437416824034,1.4228992251121,221.53526773798
0.426,9111.1318486323,8849.6872412127,0.77922364891241,1.5421824716332,221.24218103032
0.428,9111.1318486323,8838.3968370295,0.79267721612907,1.6614535757495,220.95992092574
0.43,9111.1318486323,8827.4273410188,0.80484066541167,1.7908828437164,220.68568352547
0.432,9111.1318486323,8816.6821710426,0.81592793229762,1.9241129638499,220.41705427606
0.434,9111.1318486323,8806.1925898028,0.826495679873,2.0586389524741,220.15481474507
0.436,9111.1318486323,8795.9614655045,0.83617820846533,2.193357763639,219.89903663761
0.438,9111.1318486323,8785.8321112728,0.84507996099877,2.3277289829282,219.64580278182
0.44,9111.1318486323,8775.8596639719,0.85325197887122,2.4603606991025,219.3964915993
0.442,9111.1318486323,8765.9519303493,0.86093258987126,2.5902249356003,219.14879825873
0.444,9111.1318486323,8756.1411120722,0.86869716481841,2.7172359736162,218.9035278018
0.446,9111.1318486323,8746.177640076,0.87596727121029,2.8410627203175,218.6544410019
0.448,9111.1318486323,8736.0778771729,0.88282403016901,2.9840769817318,218.40194692932
0.45,9111.1318486323,8725.9471020723,0.89003374610911,3.1558697370123,218.14867755181
0.452,9111.1318486323,8715.7322464589,0.89687191272623,3.3327276816689,217.89330616147
0.454,9111.1318486323,8705.2923213254,0.90333771517988,3.5138198743534,217.63230803314
0.456,9111.1318486323,8694.6524564874,0.90943515360621,3.6986152194321,217.36631141219
0.458,9111.1318486323,8683.9410651795,0.91516724428876,3.8865191232431,217.09852662949
0.46,9111.1318486323,8672.9588333447,0.92055435600215,4.0781664510183,216.82397083362
