"Temperature","ids","Points:0","Points:1","Points:2"
0,1,0,0.5,0
0.1,1,0.001,0.5,0
0.2,1,0.002,0.5,0
0.3,1,0.003,0.5,0
0.4,1,0.004,0.5,0
0.5,1,0.005,0.5,0
0.6,1,0.006,0.5,0
0.7,1,0.007,0.5,0
0.8,1,0.008,0.5,0
0.9,1,0.009,0.5,0
1,1,0.01,0.5,0
1.1,1,0.011,0.5,0
1.2,1,0.012,0.5,0
1.3,1,0.013,0.5,0
1.4,1,0.014,0.5,0
1.5,1,0.015,0.5,0
1.6,1,0.016,0.5,0
1.7,1,0.017,0.5,0
1.8,1,0.018,0.5,0
1.9,1,0.019,0.5,0
2,1,0.02,0.5,0
2.1,1,0.021,0.5,0
2.2,1,0.022,0.5,0
2.3,1,0.023,0.5,0
2.4,1,0.024,0.5,0
2.5,1,0.025,0.5,0
2.6,1,0.026,0.5,0
2.7,1,0.027,0.5,0
2.8,1,0.028,0.5,0
2.9,1,0.029,0.5,0
3,1,0.03,0.5,0
3.1,1,0.031,0.5,0
3.2,1,0.032,0.5,0
3.3,1,0.033,0.5,0
3.4,1,0.034,0.5,0
3.5,1,0.035,0.5,0
3.6,1,0.036,0.5,0
3.7,1,0.037,0.5,0
3.8,1,0.038,0.5,0
3.9,1,0.039,0.5,0
4,1,0.04,0.5,0
4.1,1,0.041,0.5,0
4.2,1,0.042,0.5,0
4.3,1,0.043,0.5,0
4.4,1,0.044,0.5,0
4.5,1,0.045,0.5,0
4.6,1,0.046,0.5,0
4.7,1,0.047,0.5,0
4.8,1,0.048,0.5,0
4.9,1,0.049,0.5,0
5,1,0.05,0.5,0
5.1,1,0.051,0.5,0
5.2,1,0.052,0.5,0
5.3,1,0.053,0.5,0
5.4,1,0.054,0.5,0
5.5,1,0.055,0.5,0
5.6,1,0.056,0.5,0
5.7,1,0.057,0.5,0
5.8,1,0.058,0.5,0
5.9,1,0.059,0.5,0
6,1,0.06,0.5,0
6.1,1,0.061,0.5,0
6.2,1,0.062,0.5,0
6.3,1,0.063,0.5,0
6.4,1,0.064,0.5,0
6.5,1,0.065,0.5,0
6.6,1,0.066,0.5,0
6.7,1,0.067,0.5,0
6.8,1,0.068,0.5,0
6.9,1,0.069,0.5,0
7,1,0.07,0.5,0
7.1,1,0.071,0.5,0
7.2,1,0.072,0.5,0
7.3,1,0.073,0.5,0
7.4,1,0.074,0.5,0
7.5,1,0.075,0.5,0
7.6,1,0.076,0.5,0
7.7,1,0.077,0.5,0
7.8,1,0.078,0.5,0
7.9,1,0.079,0.5,0
8,1,0.08,0.5,0
8.1,1,0.081,0.5,0
8.2,1,0.082,0.5,0
8.3,1,0.083,0.5,0
8.4,1,0.084,0.5,0
8.5,1,0.085,0.5,0
8.6,1,0.086,0.5,0
8.7,1,0.087,0.5,0
8.8,1,0.088,0.5,0
8.9,1,0.089,0.5,0
9,1,0.09,0.5,0
9.1,1,0.091,0.5,0
9.2,1,0.092,0.5,0
9.3,1,0.093,0.5,0
9.4,1,0.094,0.5,0
9.5,1,0.095,0.5,0
9.6,1,0.096,0.5,0
9.7,1,0.097,0.5,0
9.8,1,0.098,0.5,0
9.9,1,0.099,0.5,0
10,1,0.1,0.5,0
10.1,1,0.101,0.5,0
10.2,1,0.102,0.5,0
10.3,1,0.103,0.5,0
10.4,1,0.104,0.5,0
10.5,1,0.105,0.5,0
10.6,1,0.106,0.5,0
10.7,1,0.107,0.5,0
10.8,1,0.108,0.5,0
10.9,1,0.109,0.5,0
11,1,0.11,0.5,0
11.1,1,0.111,0.5,0
11.2,1,0.112,0.5,0
11.3,1,0.113,0.5,0
11.4,1,0.114,0.5,0
11.5,1,0.115,0.5,0
11.6,1,0.116,0.5,0
11.7,1,0.117,0.5,0
11.8,1,0.118,0.5,0
11.9,1,0.119,0.5,0
12,1,0.12,0.5,0
12.1,1,0.121,0.5,0
12.2,1,0.122,0.5,0
12.3,1,0.123,0.5,0
12.4,1,0.124,0.5,0
12.5,1,0.125,0.5,0
12.6,1,0.126,0.5,0
12.7,1,0.127,0.5,0
12.8,1,0.128,0.5,0
12.9,1,0.129,0.5,0
13,1,0.13,0.5,0
13.1,1,0.131,0.5,0
13.2,1,0.132,0.5,0
13.3,1,0.133,0.5,0
13.4,1,0.134,0.5,0
13.5,1,0.135,0.5,0
13.6,1,0.136,0.5,0
13.7,1,0.137,0.5,0
13.8,1,0.138,0.5,0
13.9,1,0.139,0.5,0
14,1,0.14,0.5,0
14.1,1,0.141,0.5,0
14.2,1,0.142,0.5,0
14.3,1,0.143,0.5,0
14.4,1,0.144,0.5,0
14.5,1,0.145,0.5,0
14.6,1,0.146,0.5,0
14.7,1,0.147,0.5,0
14.8,1,0.148,0.5,0
14.9,1,0.149,0.5,0
15,1,0.15,0.5,0
15.1,1,0.151,0.5,0
15.2,1,0.152,0.5,0
15.3,1,0.153,0.5,0
15.4,1,0.154,0.5,0
15.5,1,0.155,0.5,0
15.6,1,0.156,0.5,0
15.7,1,0.157,0.5,0
15.8,1,0.158,0.5,0
15.9,1,0.159,0.5,0
16,1,0.16,0.5,0
16.1,1,0.161,0.5,0
16.2,1,0.162,0.5,0
16.3,1,0.163,0.5,0
16.4,1,0.164,0.5,0
16.5,1,0.165,0.5,0
16.6,1,0.166,0.5,0
16.7,1,0.167,0.5,0
16.8,1,0.168,0.5,0
16.9,1,0.169,0.5,0
17,1,0.17,0.5,0
17.1,1,0.171,0.5,0
17.2,1,0.172,0.5,0
17.3,1,0.173,0.5,0
17.4,1,0.174,0.5,0
17.5,1,0.175,0.5,0
17.6,1,0.176,0.5,0
17.7,1,0.177,0.5,0
17.8,1,0.178,0.5,0
17.9,1,0.179,0.5,0
18,1,0.18,0.5,0
18.1,1,0.181,0.5,0
18.2,1,0.182,0.5,0
18.3,1,0.183,0.5,0
18.4,1,0.184,0.5,0
18.5,1,0.185,0.5,0
18.6,1,0.186,0.5,0
18.7,1,0.187,0.5,0
18.8,1,0.188,0.5,0
18.9,1,0.189,0.5,0
19,1,0.19,0.5,0
19.1,1,0.191,0.5,0
19.2,1,0.192,0.5,0
19.3,1,0.193,0.5,0
19.4,1,0.194,0.5,0
19.5,1,0.195,0.5,0
19.6,1,0.196,0.5,0
19.7,1,0.197,0.5,0
19.8,1,0.198,0.5,0
19.9,1,0.199,0.5,0
20,1,0.2,0.5,0
20.1,1,0.201,0.5,0
20.2,1,0.202,0.5,0
20.3,1,0.203,0.5,0
20.4,1,0.204,0.5,0
20.5,1,0.205,0.5,0
20.6,1,0.206,0.5,0
20.7,1,0.207,0.5,0
20.8,1,0.208,0.5,0
20.9,1,0.209,0.5,0
21,1,0.21,0.5,0
21.1,1,0.211,0.5,0
21.2,1,0.212,0.5,0
21.3,1,0.213,0.5,0
21.4,1,0.214,0.5,0
21.5,1,0.215,0.5,0
21.6,1,0.216,0.5,0
21.7,1,0.217,0.5,0
21.8,1,0.218,0.5,0
21.9,1,0.219,0.5,0
22,1,0.22,0.5,0
22.1,1,0.221,0.5,0
22.2,1,0.222,0.5,0
22.3,1,0.223,0.5,0
22.4,1,0.224,0.5,0
22.5,1,0.225,0.5,0
22.6,1,0.226,0.5,0
22.7,1,0.227,0.5,0
22.8,1,0.228,0.5,0
22.9,1,0.229,0.5,0
23,1,0.23,0.5,0
23.1,1,0.231,0.5,0
23.2,1,0.232,0.5,0
23.3,1,0.233,0.5,0
23.4,1,0.234,0.5,0
23.5,1,0.235,0.5,0
23.6,1,0.236,0.5,0
23.7,1,0.237,0.5,0
23.8,1,0.238,0.5,0
23.9,1,0.239,0.5,0
24,1,0.24,0.5,0
24.1,1,0.241,0.5,0
24.2,1,0.242,0.5,0
24.3,1,0.243,0.5,0
24.4,1,0.244,0.5,0
24.5,1,0.245,0.5,0
24.6,1,0.246,0.5,0
24.7,1,0.247,0.5,0
24.8,1,0.248,0.5,0
24.9,1,0.249,0.5,0
25,1,0.25,0.5,0
25.1,1,0.251,0.5,0
25.2,1,0.252,0.5,0
25.3,1,0.253,0.5,0
25.4,1,0.254,0.5,0
25.5,1,0.255,0.5,0
25.6,1,0.256,0.5,0
25.7,1,0.257,0.5,0
25.8,1,0.258,0.5,0
25.9,1,0.259,0.5,0
26,1,0.26,0.5,0
26.1,1,0.261,0.5,0
26.2,1,0.262,0.5,0
26.3,1,0.263,0.5,0
26.4,1,0.264,0.5,0
26.5,1,0.265,0.5,0
26.6,1,0.266,0.5,0
26.7,1,0.267,0.5,0
26.8,1,0.268,0.5,0
26.9,1,0.269,0.5,0
27,1,0.27,0.5,0
27.1,1,0.271,0.5,0
27.2,1,0.272,0.5,0
27.3,1,0.273,0.5,0
27.4,1,0.274,0.5,0
27.5,1,0.275,0.5,0
27.6,1,0.276,0.5,0
27.7,1,0.277,0.5,0
27.8,1,0.278,0.5,0
27.9,1,0.279,0.5,0
28,1,0.28,0.5,0
28.1,1,0.281,0.5,0
28.2,1,0.282,0.5,0
28.3,1,0.283,0.5,0
28.4,1,0.284,0.5,0
28.5,1,0.285,0.5,0
28.6,1,0.286,0.5,0
28.7,1,0.287,0.5,0
28.8,1,0.288,0.5,0
28.9,1,0.289,0.5,0
29,1,0.29,0.5,0
29.1,1,0.291,0.5,0
29.2,1,0.292,0.5,0
29.3,1,0.293,0.5,0
29.4,1,0.294,0.5,0
29.5,1,0.295,0.5,0
29.6,1,0.296,0.5,0
29.7,1,0.297,0.5,0
29.8,1,0.298,0.5,0
29.9,1,0.299,0.5,0
30,1,0.3,0.5,0
30.1,1,0.301,0.5,0
30.2,1,0.302,0.5,0
30.3,1,0.303,0.5,0
30.4,1,0.304,0.5,0
30.5,1,0.305,0.5,0
30.6,1,0.306,0.5,0
30.7,1,0.307,0.5,0
30.8,1,0.308,0.5,0
30.9,1,0.309,0.5,0
31,1,0.31,0.5,0
31.1,1,0.311,0.5,0
31.2,1,0.312,0.5,0
31.3,1,0.313,0.5,0
31.4,1,0.314,0.5,0
31.5,1,0.315,0.5,0
31.6,1,0.316,0.5,0
31.7,1,0.317,0.5,0
31.8,1,0.318,0.5,0
31.9,1,0.319,0.5,0
32,1,0.32,0.5,0
32.1,1,0.321,0.5,0
32.2,1,0.322,0.5,0
32.3,1,0.323,0.5,0
32.4,1,0.324,0.5,0
32.5,1,0.325,0.5,0
32.6,1,0.326,0.5,0
32.7,1,0.327,0.5,0
32.8,1,0.328,0.5,0
32.9,1,0.329,0.5,0
33,1,0.33,0.5,0
33.1,1,0.331,0.5,0
33.2,1,0.332,0.5,0
33.3,1,0.333,0.5,0
33.4,1,0.334,0.5,0
33.5,1,0.335,0.5,0
33.6,1,0.336,0.5,0
33.7,1,0.337,0.5,0
33.8,1,0.338,0.5,0
33.9,1,0.339,0.5,0
34,1,0.34,0.5,0
34.1,1,0.341,0.5,0
34.2,1,0.342,0.5,0
34.3,1,0.343,0.5,0
34.4,1,0.344,0.5,0
34.5,1,0.345,0.5,0
34.6,1,0.346,0.5,0
34.7,1,0.347,0.5,0
34.8,1,0.348,0.5,0
34.9,1,0.349,0.5,0
35,1,0.35,0.5,0
35.1,1,0.351,0.5,0
35.2,1,0.352,0.5,0
35.3,1,0.353,0.5,0
35.4,1,0.354,0.5,0
35.5,1,0.355,0.5,0
35.6,1,0.356,0.5,0
35.7,1,0.357,0.5,0
35.8,1,0.358,0.5,0
35.9,1,0.359,0.5,0
36,1,0.36,0.5,0
36.1,1,0.361,0.5,0
36.2,1,0.362,0.5,0
36.3,1,0.363,0.5,0
36.4,1,0.364,0.5,0
36.5,1,0.365,0.5,0
36.6,1,0.366,0.5,0
36.7,1,0.367,0.5,0
36.8,1,0.368,0.5,0
36.9,1,0.369,0.5,0
37,1,0.37,0.5,0
37.1,1,0.371,0.5,0
37.2,1,0.372,0.5,0
37.3,1,0.373,0.5,0
37.4,1,0.374,0.5,0
37.5,1,0.375,0.5,0
37.6,1,0.376,0.5,0
37.7,1,0.377,0.5,0
37.8,1,0.378,0.5,0
37.9,1,0.379,0.5,0
38,1,0.38,0.5,0
38.1,1,0.381,0.5,0
38.2,1,0.382,0.5,0
38.3,1,0.383,0.5,0
38.4,1,0.384,0.5,0
38.5,1,0.385,0.5,0
38.6,1,0.386,0.5,0
38.7,1,0.387,0.5,0
38.8,1,0.388,0.5,0
38.9,1,0.389,0.5,0
39,1,0.39,0.5,0
39.1,1,0.391,0.5,0
39.2,1,0.392,0.5,0
39.3,1,0.393,0.5,0
39.4,1,0.394,0.5,0
39.5,1,0.395,0.5,0
39.6,1,0.396,0.5,0
39.7,1,0.397,0.5,0
39.8,1,0.398,0.5,0
39.9,1,0.399,0.5,0
40,1,0.4,0.5,0
40.1,1,0.401,0.5,0
40.2,1,0.402,0.5,0
40.3,1,0.403,0.5,0
40.4,1,0.404,0.5,0
40.5,1,0.405,0.5,0
40.6,1,0.406,0.5,0
40.7,1,0.407,0.5,0
40.8,1,0.408,0.5,0
40.9,1,0.409,0.5,0
41,1,0.41,0.5,0
41.1,1,0.411,0.5,0
41.2,1,0.412,0.5,0
41.3,1,0.413,0.5,0
41.4,1,0.414,0.5,0
41.5,1,0.415,0.5,0
41.6,1,0.416,0.5,0
41.7,1,0.417,0.5,0
41.8,1,0.418,0.5,0
41.9,1,0.419,0.5,0
42,1,0.42,0.5,0
42.1,1,0.421,0.5,0
42.2,1,0.422,0.5,0
42.3,1,0.423,0.5,0
42.4,1,0.424,0.5,0
42.5,1,0.425,0.5,0
42.6,1,0.426,0.5,0
42.7,1,0.427,0.5,0
42.8,1,0.428,0.5,0
42.9,1,0.429,0.5,0
43,1,0.43,0.5,0
43.1,1,0.431,0.5,0
43.2,1,0.432,0.5,0
43.3,1,0.433,0.5,0
43.4,1,0.434,0.5,0
43.5,1,0.435,0.5,0
43.6,1,0.436,0.5,0
43.7,1,0.437,0.5,0
43.8,1,0.438,0.5,0
43.9,1,0.439,0.5,0
44,1,0.44,0.5,0
44.1,1,0.441,0.5,0
44.2,1,0.442,0.5,0
44.3,1,0.443,0.5,0
44.4,1,0.444,0.5,0
44.5,1,0.445,0.5,0
44.6,1,0.446,0.5,0
44.7,1,0.447,0.5,0
44.8,1,0.448,0.5,0
44.9,1,0.449,0.5,0
45,1,0.45,0.5,0
45.1,1,0.451,0.5,0
45.2,1,0.452,0.5,0
45.3,1,0.453,0.5,0
45.4,1,0.454,0.5,0
45.5,1,0.455,0.5,0
45.6,1,0.456,0.5,0
45.7,1,0.457,0.5,0
45.8,1,0.458,0.5,0
45.9,1,0.459,0.5,0
46,1,0.46,0.5,0
46.1,1,0.461,0.5,0
46.2,1,0.462,0.5,0
46.3,1,0.463,0.5,0
46.4,1,0.464,0.5,0
46.5,1,0.465,0.5,0
46.6,1,0.466,0.5,0
46.7,1,0.467,0.5,0
46.8,1,0.468,0.5,0
46.9,1,0.469,0.5,0
47,1,0.47,0.5,0
47.1,1,0.471,0.5,0
47.2,1,0.472,0.5,0
47.3,1,0.473,0.5,0
47.4,1,0.474,0.5,0
47.5,1,0.475,0.5,0
47.6,1,0.476,0.5,0
47.7,1,0.477,0.5,0
47.8,1,0.478,0.5,0
47.9,1,0.479,0.5,0
48,1,0.48,0.5,0
48.1,1,0.481,0.5,0
48.2,1,0.482,0.5,0
48.3,1,0.483,0.5,0
48.4,1,0.484,0.5,0
48.5,1,0.485,0.5,0
48.6,1,0.486,0.5,0
48.7,1,0.487,0.5,0
48.8,1,0.488,0.5,0
48.9,1,0.489,0.5,0
49,1,0.49,0.5,0
49.1,1,0.491,0.5,0
49.2,1,0.492,0.5,0
49.3,1,0.493,0.5,0
49.4,1,0.494,0.5,0
49.5,1,0.495,0.5,0
49.6,1,0.496,0.5,0
49.7,1,0.497,0.5,0
49.8,1,0.498,0.5,0
49.9,1,0.499,0.5,0
50,1,0.5,0.5,0
50.1,1,0.501,0.5,0
50.2,1,0.502,0.5,0
50.3,1,0.503,0.5,0
50.4,1,0.504,0.5,0
50.5,1,0.505,0.5,0
50.6,1,0.506,0.5,0
50.7,1,0.507,0.5,0
50.8,1,0.508,0.5,0
50.9,1,0.509,0.5,0
51,1,0.51,0.5,0
51.1,1,0.511,0.5,0
51.2,1,0.512,0.5,0
51.3,1,0.513,0.5,0
51.4,1,0.514,0.5,0
51.5,1,0.515,0.5,0
51.6,1,0.516,0.5,0
51.7,1,0.517,0.5,0
51.8,1,0.518,0.5,0
51.9,1,0.519,0.5,0
52,1,0.52,0.5,0
52.1,1,0.521,0.5,0
52.2,1,0.522,0.5,0
52.3,1,0.523,0.5,0
52.4,1,0.524,0.5,0
52.5,1,0.525,0.5,0
52.6,1,0.526,0.5,0
52.7,1,0.527,0.5,0
52.8,1,0.528,0.5,0
52.9,1,0.529,0.5,0
53,1,0.53,0.5,0
53.1,1,0.531,0.5,0
53.2,1,0.532,0.5,0
53.3,1,0.533,0.5,0
53.4,1,0.534,0.5,0
53.5,1,0.535,0.5,0
53.6,1,0.536,0.5,0
53.7,1,0.537,0.5,0
53.8,1,0.538,0.5,0
53.9,1,0.539,0.5,0
54,1,0.54,0.5,0
54.1,1,0.541,0.5,0
54.2,1,0.542,0.5,0
54.3,1,0.543,0.5,0
54.4,1,0.544,0.5,0
54.5,1,0.545,0.5,0
54.6,1,0.546,0.5,0
54.7,1,0.547,0.5,0
54.8,1,0.548,0.5,0
54.9,1,0.549,0.5,0
55,1,0.55,0.5,0
55.1,1,0.551,0.5,0
55.2,1,0.552,0.5,0
55.3,1,0.553,0.5,0
55.4,1,0.554,0.5,0
55.5,1,0.555,0.5,0
55.6,1,0.556,0.5,0
55.7,1,0.557,0.5,0
55.8,1,0.558,0.5,0
55.9,1,0.559,0.5,0
56,1,0.56,0.5,0
56.1,1,0.561,0.5,0
56.2,1,0.562,0.5,0
56.3,1,0.563,0.5,0
56.4,1,0.564,0.5,0
56.5,1,0.565,0.5,0
56.6,1,0.566,0.5,0
56.7,1,0.567,0.5,0
56.8,1,0.568,0.5,0
56.9,1,0.569,0.5,0
57,1,0.57,0.5,0
57.1,1,0.571,0.5,0
57.2,1,0.572,0.5,0
57.3,1,0.573,0.5,0
57.4,1,0.574,0.5,0
57.5,1,0.575,0.5,0
57.6,1,0.576,0.5,0
57.7,1,0.577,0.5,0
57.8,1,0.578,0.5,0
57.9,1,0.579,0.5,0
58,1,0.58,0.5,0
58.1,1,0.581,0.5,0
58.2,1,0.582,0.5,0
58.3,1,0.583,0.5,0
58.4,1,0.584,0.5,0
58.5,1,0.585,0.5,0
58.6,1,0.586,0.5,0
58.7,1,0.587,0.5,0
58.8,1,0.588,0.5,0
58.9,1,0.589,0.5,0
59,1,0.59,0.5,0
59.1,1,0.591,0.5,0
59.2,1,0.592,0.5,0
59.3,1,0.593,0.5,0
59.4,1,0.594,0.5,0
59.5,1,0.595,0.5,0
59.6,1,0.596,0.5,0
59.7,1,0.597,0.5,0
59.8,1,0.598,0.5,0
59.9,1,0.599,0.5,0
60,1,0.6,0.5,0
60.1,1,0.601,0.5,0
60.2,1,0.602,0.5,0
60.3,1,0.603,0.5,0
60.4,1,0.604,0.5,0
60.5,1,0.605,0.5,0
60.6,1,0.606,0.5,0
60.7,1,0.607,0.5,0
60.8,1,0.608,0.5,0
60.9,1,0.609,0.5,0
61,1,0.61,0.5,0
61.1,1,0.611,0.5,0
61.2,1,0.612,0.5,0
61.3,1,0.613,0.5,0
61.4,1,0.614,0.5,0
61.5,1,0.615,0.5,0
61.6,1,0.616,0.5,0
61.7,1,0.617,0.5,0
61.8,1,0.618,0.5,0
61.9,1,0.619,0.5,0
62,1,0.62,0.5,0
62.1,1,0.621,0.5,0
62.2,1,0.622,0.5,0
62.3,1,0.623,0.5,0
62.4,1,0.624,0.5,0
62.5,1,0.625,0.5,0
62.6,1,0.626,0.5,0
62.7,1,0.627,0.5,0
62.8,1,0.628,0.5,0
62.9,1,0.629,0.5,0
63,1,0.63,0.5,0
63.1,1,0.631,0.5,0
63.2,1,0.632,0.5,0
63.3,1,0.633,0.5,0
63.4,1,0.634,0.5,0
63.5,1,0.635,0.5,0
63.6,1,0.636,0.5,0
63.7,1,0.637,0.5,0
63.8,1,0.638,0.5,0
63.9,1,0.639,0.5,0
64,1,0.64,0.5,0
64.1,1,0.641,0.5,0
64.2,1,0.642,0.5,0
64.3,1,0.643,0.5,0
64.4,1,0.644,0.5,0
64.5,1,0.645,0.5,0
64.6,1,0.646,0.5,0
64.7,1,0.647,0.5,0
64.8,1,0.648,0.5,0
64.9,1,0.649,0.5,0
65,1,0.65,0.5,0
65.1,1,0.651,0.5,0
65.2,1,0.652,0.5,0
65.3,1,0.653,0.5,0
65.4,1,0.654,0.5,0
65.5,1,0.655,0.5,0
65.6,1,0.656,0.5,0
65.7,1,0.657,0.5,0
65.8,1,0.658,0.5,0
65.9,1,0.659,0.5,0
66,1,0.66,0.5,0
66.1,1,0.661,0.5,0
66.2,1,0.662,0.5,0
66.3,1,0.663,0.5,0
66.4,1,0.664,0.5,0
66.5,1,0.665,0.5,0
66.6,1,0.666,0.5,0
66.7,1,0.667,0.5,0
66.8,1,0.668,0.5,0
66.9,1,0.669,0.5,0
67,1,0.67,0.5,0
67.1,1,0.671,0.5,0
67.2,1,0.672,0.5,0
67.3,1,0.673,0.5,0
67.4,1,0.674,0.5,0
67.5,1,0.675,0.5,0
67.6,1,0.676,0.5,0
67.7,1,0.677,0.5,0
67.8,1,0.678,0.5,0
67.9,1,0.679,0.5,0
68,1,0.68,0.5,0
68.1,1,0.681,0.5,0
68.2,1,0.682,0.5,0
68.3,1,0.683,0.5,0
68.4,1,0.684,0.5,0
68.5,1,0.685,0.5,0
68.6,1,0.686,0.5,0
68.7,1,0.687,0.5,0
68.8,1,0.688,0.5,0
68.9,1,0.689,0.5,0
69,1,0.69,0.5,0
69.1,1,0.691,0.5,0
69.2,1,0.692,0.5,0
69.3,1,0.693,0.5,0
69.4,1,0.694,0.5,0
69.5,1,0.695,0.5,0
69.6,1,0.696,0.5,0
69.7,1,0.697,0.5,0
69.8,1,0.698,0.5,0
69.9,1,0.699,0.5,0
70,1,0.7,0.5,0
70.1,1,0.701,0.5,0
70.2,1,0.702,0.5,0
70.3,1,0.703,0.5,0
70.4,1,0.704,0.5,0
70.5,1,0.705,0.5,0
70.6,1,0.706,0.5,0
70.7,1,0.707,0.5,0
70.8,1,0.708,0.5,0
70.9,1,0.709,0.5,0
71,1,0.71,0.5,0
71.1,1,0.711,0.5,0
71.2,1,0.712,0.5,0
71.3,1,0.713,0.5,0
71.4,1,0.714,0.5,0
71.5,1,0.715,0.5,0
71.6,1,0.716,0.5,0
71.7,1,0.717,0.5,0
71.8,1,0.718,0.5,0
71.9,1,0.719,0.5,0
72,1,0.72,0.5,0
72.1,1,0.721,0.5,0
72.2,1,0.722,0.5,0
72.3,1,0.723,0.5,0
72.4,1,0.724,0.5,0
72.5,1,0.725,0.5,0
72.6,1,0.726,0.5,0
72.7,1,0.727,0.5,0
72.8,1,0.728,0.5,0
72.9,1,0.729,0.5,0
73,1,0.73,0.5,0
73.1,1,0.731,0.5,0
73.2,1,0.732,0.5,0
73.3,1,0.733,0.5,0
73.4,1,0.734,0.5,0
73.5,1,0.735,0.5,0
73.6,1,0.736,0.5,0
73.7,1,0.737,0.5,0
73.8,1,0.738,0.5,0
73.9,1,0.739,0.5,0
74,1,0.74,0.5,0
74.1,1,0.741,0.5,0
74.2,1,0.742,0.5,0
74.3,1,0.743,0.5,0
74.4,1,0.744,0.5,0
74.5,1,0.745,0.5,0
74.6,1,0.746,0.5,0
74.7,1,0.747,0.5,0
74.8,1,0.748,0.5,0
74.9,1,0.749,0.5,0
75,1,0.75,0.5,0
75.1,1,0.751,0.5,0
75.2,1,0.752,0.5,0
75.3,1,0.753,0.5,0
75.4,1,0.754,0.5,0
75.5,1,0.755,0.5,0
75.6,1,0.756,0.5,0
75.7,1,0.757,0.5,0
75.8,1,0.758,0.5,0
75.9,1,0.759,0.5,0
76,1,0.76,0.5,0
76.1,1,0.761,0.5,0
76.2,1,0.762,0.5,0
76.3,1,0.763,0.5,0
76.4,1,0.764,0.5,0
76.5,1,0.765,0.5,0
76.6,1,0.766,0.5,0
76.7,1,0.767,0.5,0
76.8,1,0.768,0.5,0
76.9,1,0.769,0.5,0
77,1,0.77,0.5,0
77.1,1,0.771,0.5,0
77.2,1,0.772,0.5,0
77.3,1,0.773,0.5,0
77.4,1,0.774,0.5,0
77.5,1,0.775,0.5,0
77.6,1,0.776,0.5,0
77.7,1,0.777,0.5,0
77.8,1,0.778,0.5,0
77.9,1,0.779,0.5,0
78,1,0.78,0.5,0
78.1,1,0.781,0.5,0
78.2,1,0.782,0.5,0
78.3,1,0.783,0.5,0
78.4,1,0.784,0.5,0
78.5,1,0.785,0.5,0
78.6,1,0.786,0.5,0
78.7,1,0.787,0.5,0
78.8,1,0.788,0.5,0
78.9,1,0.789,0.5,0
79,1,0.79,0.5,0
79.1,1,0.791,0.5,0
79.2,1,0.792,0.5,0
79.3,1,0.793,0.5,0
79.4,1,0.794,0.5,0
79.5,1,0.795,0.5,0
79.6,1,0.796,0.5,0
79.7,1,0.797,0.5,0
79.8,1,0.798,0.5,0
79.9,1,0.799,0.5,0
80,1,0.8,0.5,0
80.1,1,0.801,0.5,0
80.2,1,0.802,0.5,0
80.3,1,0.803,0.5,0
80.4,1,0.804,0.5,0
80.5,1,0.805,0.5,0
80.6,1,0.806,0.5,0
80.7,1,0.807,0.5,0
80.8,1,0.808,0.5,0
80.9,1,0.809,0.5,0
81,1,0.81,0.5,0
81.1,1,0.811,0.5,0
81.2,1,0.812,0.5,0
81.3,1,0.813,0.5,0
81.4,1,0.814,0.5,0
81.5,1,0.815,0.5,0
81.6,1,0.816,0.5,0
81.7,1,0.817,0.5,0
81.8,1,0.818,0.5,0
81.9,1,0.819,0.5,0
82,1,0.82,0.5,0
82.1,1,0.821,0.5,0
82.2,1,0.822,0.5,0
82.3,1,0.823,0.5,0
82.4,1,0.824,0.5,0
82.5,1,0.825,0.5,0
82.6,1,0.826,0.5,0
82.7,1,0.827,0.5,0
82.8,1,0.828,0.5,0
82.9,1,0.829,0.5,0
83,1,0.83,0.5,0
83.1,1,0.831,0.5,0
83.2,1,0.832,0.5,0
83.3,1,0.833,0.5,0
83.4,1,0.834,0.5,0
83.5,1,0.835,0.5,0
83.6,1,0.836,0.5,0
83.7,1,0.837,0.5,0
83.8,1,0.838,0.5,0
83.9,1,0.839,0.5,0
84,1,0.84,0.5,0
84.1,1,0.841,0.5,0
84.2,1,0.842,0.5,0
84.3,1,0.843,0.5,0
84.4,1,0.844,0.5,0
84.5,1,0.845,0.5,0
84.6,1,0.846,0.5,0
84.7,1,0.847,0.5,0
84.8,1,0.848,0.5,0
84.9,1,0.849,0.5,0
85,1,0.85,0.5,0
85.1,1,0.851,0.5,0
85.2,1,0.852,0.5,0
85.3,1,0.853,0.5,0
85.4,1,0.854,0.5,0
85.5,1,0.855,0.5,0
85.6,1,0.856,0.5,0
85.7,1,0.857,0.5,0
85.8,1,0.858,0.5,0
85.9,1,0.859,0.5,0
86,1,0.86,0.5,0
86.1,1,0.861,0.5,0
86.2,1,0.862,0.5,0
86.3,1,0.863,0.5,0
86.4,1,0.864,0.5,0
86.5,1,0.865,0.5,0
86.6,1,0.866,0.5,0
86.7,1,0.867,0.5,0
86.8,1,0.868,0.5,0
86.9,1,0.869,0.5,0
87,1,0.87,0.5,0
87.1,1,0.871,0.5,0
87.2,1,0.872,0.5,0
87.3,1,0.873,0.5,0
87.4,1,0.874,0.5,0
87.5,1,0.875,0.5,0
87.6,1,0.876,0.5,0
87.7,1,0.877,0.5,0
87.8,1,0.878,0.5,0
87.9,1,0.879,0.5,0
88,1,0.88,0.5,0
88.1,1,0.881,0.5,0
88.2,1,0.882,0.5,0
88.3,1,0.883,0.5,0
88.4,1,0.884,0.5,0
88.5,1,0.885,0.5,0
88.6,1,0.886,0.5,0
88.7,1,0.887,0.5,0
88.8,1,0.888,0.5,0
88.9,1,0.889,0.5,0
89,1,0.89,0.5,0
89.1,1,0.891,0.5,0
89.2,1,0.892,0.5,0
89.3,1,0.893,0.5,0
89.4,1,0.894,0.5,0
89.5,1,0.895,0.5,0
89.6,1,0.896,0.5,0
89.7,1,0.897,0.5,0
89.8,1,0.898,0.5,0
89.9,1,0.899,0.5,0
90,1,0.9,0.5,0
90.1,1,0.901,0.5,0
90.2,1,0.902,0.5,0
90.3,1,0.903,0.5,0
90.4,1,0.904,0.5,0
90.5,1,0.905,0.5,0
90.6,1,0.906,0.5,0
90.7,1,0.907,0.5,0
90.8,1,0.908,0.5,0
90.9,1,0.909,0.5,0
91,1,0.91,0.5,0
91.1,1,0.911,0.5,0
91.2,1,0.912,0.5,0
91.3,1,0.913,0.5,0
91.4,1,0.914,0.5,0
91.5,1,0.915,0.5,0
91.6,1,0.916,0.5,0
91.7,1,0.917,0.5,0
91.8,1,0.918,0.5,0
91.9,1,0.919,0.5,0
92,1,0.92,0.5,0
92.1,1,0.921,0.5,0
92.2,1,0.922,0.5,0
92.3,1,0.923,0.5,0
92.4,1,0.924,0.5,0
92.5,1,0.925,0.5,0
92.6,1,0.926,0.5,0
92.7,1,0.927,0.5,0
92.8,1,0.928,0.5,0
92.9,1,0.929,0.5,0
93,1,0.93,0.5,0
93.1,1,0.931,0.5,0
93.2,1,0.932,0.5,0
93.3,1,0.933,0.5,0
93.4,1,0.934,0.5,0
93.5,1,0.935,0.5,0
93.6,1,0.936,0.5,0
93.7,1,0.937,0.5,0
93.8,1,0.938,0.5,0
93.9,1,0.939,0.5,0
94,1,0.94,0.5,0
94.1,1,0.941,0.5,0
94.2,1,0.942,0.5,0
94.3,1,0.943,0.5,0
94.4,1,0.944,0.5,0
94.5,1,0.945,0.5,0
94.6,1,0.946,0.5,0
94.7,1,0.947,0.5,0
94.8,1,0.948,0.5,0
94.9,1,0.949,0.5,0
95,1,0.95,0.5,0
95.1,1,0.951,0.5,0
95.2,1,0.952,0.5,0
95.3,1,0.953,0.5,0
95.4,1,0.954,0.5,0
95.5,1,0.955,0.5,0
95.6,1,0.956,0.5,0
95.7,1,0.957,0.5,0
95.8,1,0.958,0.5,0
95.9,1,0.959,0.5,0
96,1,0.96,0.5,0
96.1,1,0.961,0.5,0
96.2,1,0.962,0.5,0
96.3,1,0.963,0.5,0
96.4,1,0.964,0.5,0
96.5,1,0.965,0.5,0
96.6,1,0.966,0.5,0
96.7,1,0.967,0.5,0
96.8,1,0.968,0.5,0
96.9,1,0.969,0.5,0
97,1,0.97,0.5,0
97.1,1,0.971,0.5,0
97.2,1,0.972,0.5,0
97.3,1,0.973,0.5,0
97.4,1,0.974,0.5,0
97.5,1,0.975,0.5,0
97.6,1,0.976,0.5,0
97.7,1,0.977,0.5,0
97.8,1,0.978,0.5,0
97.9,1,0.979,0.5,0
98,1,0.98,0.5,0
98.1,1,0.981,0.5,0
98.2,1,0.982,0.5,0
98.3,1,0.983,0.5,0
98.4,1,0.984,0.5,0
98.5,1,0.985,0.5,0
98.6,1,0.986,0.5,0
98.7,1,0.987,0.5,0
98.8,1,0.988,0.5,0
98.9,1,0.989,0.5,0
99,1,0.99,0.5,0
99.1,1,0.991,0.5,0
99.2,1,0.992,0.5,0
99.3,1,0.993,0.5,0
99.4,1,0.994,0.5,0
99.5,1,0.995,0.5,0
99.6,1,0.996,0.5,0
99.7,1,0.997,0.5,0
99.8,1,0.998,0.5,0
99.9,1,0.999,0.5,0
100,1,1,0.5,0
