time,force,max_plastic_strain,max_von_mises,nominal_stress,top_disp
0,0,0,0,0,0
0.005,259.18539908336,0,20.2820587116,6.4796349770841,0.005
0.01,518.31407323492,0,40.557362997505,12.957851830873,0.01
0.015,777.38594296529,0,60.825920137131,19.434648574132,0.015
0.02,1036.4010221129,0,81.087737211419,25.910025552822,0.02
0.025,1295.3593245154,0,101.3428212896,32.383983112885,0.025
0.03,1554.26086401,0,121.59117942917,38.85652160025,0.03
0.035,1813.1056544333,0,141.83281867596,45.327641360832,0.035
0.04,2071.8937096222,0,162.06774606411,51.797342740554,0.04
0.045,2330.6250434125,0,182.29596861618,58.265626085311,0.045
0.05,2589.2996696395,0,202.51749334309,64.732491740988,0.05
0.055,2847.9176021387,0,222.7323272442,71.197940053467,0.055
0.06,3106.4788547446,0,242.94047730733,77.661971368616,0.06
0.065,3364.9834412907,0,263.14195050876,84.124586032267,0.065
0.07,3623.379986687,0.00013126916285414,276.183776828,90.584499667175,0.07
0.075,3881.3745591759,0.0005101429633947,276.71420014875,97.034363979398,0.075
0.08,4138.7386521677,0.00094065345973542,277.31691484363,103.46846630419,0.08
0.085,4395.3074833801,0.0014172167878625,277.98410350301,109.8826870845,0.085
0.09,4650.9425051351,0.0019376855439979,278.7127597616,116.27356262838,0.09
0.095,4905.515943983,0.002499814667767,279.49974053487,122.63789859958,0.095
0.1,5158.9002185682,0.0031021134872468,280.34295888215,128.9725054642,0.1
0.105,5410.9691344907,0.0037445284420067,281.24233981881,135.27422836227,0.105
0.11,5661.5803589574,0.0044271700463854,282.19803806494,141.53950897393,0.11
0.115,5910.5686623112,0.0051509443606818,283.21132210495,147.76421655778,0.115
0.12,6157.7408984089,0.0059181388110478,284.28539433547,153.94352246022,0.12
0.125,6402.8540257776,0.0067317679850476,285.42447517907,160.07135064444,0.125
0.13,6645.6062620499,0.007597228260833,286.63611956517,166.14015655125,0.13
0.135,6885.5697034704,0.0085214812714233,287.93007377999,172.13924258676,0.135
0.14,7122.1188607041,0.009519709984846,289.25119520783,178.0529715176,0.14
0.145,7354.2096656891,0.010623426207801,290.32091050819,183.85524164223,0.145
0.15,7579.8209752116,0.011873206226676,291.12392415823,189.49552438029,0.15
0.155,7794.6444100717,0.013312984609696,291.98779076582,194.86611025179,0.155
0.16,7994.07306108,0.014947686240726,292.96861174444,199.851826527,0.16
0.165,8173.2956726772,0.016792960466202,294.07577627972,204.33239181693,0.165
0.17,8327.4593160432,0.018857348342044,295.31440900523,208.18648290108,0.17
0.175,8422.275419152,0.02138824932247,296.83294959348,210.5568854788,0.175
0.18,8474.606920145,0.024218582033559,298.53114922014,211.86517300362,0.18
0.185,8516.121466858,0.027072052848168,300.2432317089,212.90303667145,0.185
0.19,8551.7010612014,0.029934272457934,301.64084838562,213.79252653003,0.19
0.195,8582.7996028207,0.032804120316892,302.74776591462,214.56999007052,0.195
0.2,8610.985134787,0.035658529819765,303.50894128527,215.27462836968,0.2
0.205,8636.5332436741,0.038494860065637,304.2652960175,215.91333109185,0.205
0.21,8660.6773526081,0.041309743208673,305.01593152231,216.5169338152,0.21
0.215,8683.1444469113,0.044111135560629,305.76296948283,217.07861117278,0.215
0.22,8704.0807485498,0.046907035288356,306.50854274356,217.60201871374,0.22
0.225,8723.7976556057,0.049694965828798,307.25199088768,218.09494139014,0.225
0.23,8742.3353688287,0.052471600602115,307.99242682723,218.55838422072,0.23
0.235,8759.7741653214,0.055238512644187,308.73027003845,218.99435413303,0.235
0.24,8776.492154776,0.05800121963831,309.37199467489,219.4123038694,0.24
0.245,8792.5678796529,0.060764272187292,309.93856257047,219.81419699132,0.245
0.25,8807.985221878,0.06351968450238,310.49957115271,220.19963054695,0.25
0.255,8822.5655903739,0.066274217998737,310.94113280466,220.56413975935,0.255
0.26,8836.3442319515,0.069024660436713,311.35369906551,220.90860579879,0.26
0.265,8849.3688594877,0.071765846915709,311.76487703736,221.23422148719,0.265
0.27,8861.7611868698,0.074504918438334,312.17573776575,221.54402967174,0.27
0.275,8873.7294313965,0.07724728868972,312.58709330346,221.84323578491,0.275
0.28,8885.276919044,0.079989280812674,312.9983921219,222.1319229761,0.28
0.285,8896.4237915564,0.082734774826017,313.4102162239,222.41059478891,0.285
0.29,8907.1721772495,0.085477500988543,313.82162514828,222.67930443124,0.29
0.295,8917.313225354,0.088225173575727,314.23377603636,222.93283063385,0.295
0.3,8926.7268378036,0.090973620258293,314.64604303874,223.16817094509,0.3
0.305,8935.5283769779,0.093724579377126,315.05868690657,223.38820942445,0.305
0.31,8943.9819159975,0.096477589212693,315.35522518828,223.59954789994,0.31
0.315,8952.0683034753,0.099233758028535,315.60936740514,223.80170758688,0.315
0.32,8959.8397248067,0.10199022098612,315.86356156881,223.99599312017,0.32
0.325,8967.3580373963,0.10474898158108,316.11798998006,224.18395093491,0.325
0.33,8974.5842791128,0.10751040715442,316.30041643045,224.36460697782,0.33
0.335,8981.5839249895,0.11027460006456,316.41098400258,224.53959812474,0.335
0.34,8988.3369376567,0.11304279310319,316.52171172413,224.70842344142,0.34
0.345,8994.8302897149,0.11581344531747,316.6325378127,224.87075724287,0.345
0.35,9001.1460462507,0.11858753619921,316.74350144797,225.02865115627,0.35
0.355,9007.2703733697,0.12136444692765,316.85457787711,225.18175933424,0.355
0.36,9013.1629217569,0.12414227134843,316.96569085394,225.32907304392,0.36
0.365,9018.8666852862,0.12692148931006,317.0768595724,225.47166713216,0.365
0.37,9024.3981197614,0.12970097997203,317.18803919888,225.60995299404,0.37
0.375,9029.7283726979,0.13248058784545,317.29922351382,225.74320931745,0.375
0.38,9034.8588151348,0.13526166140918,317.41046645637,225.87147037837,0.38
0.385,9039.8401177653,0.13804410212144,317.52176408486,225.99600294413,0.385
0.39,9044.6516563429,0.1408301009695,317.63320403878,226.11629140857,0.39
0.395,9049.2972231139,0.14361903663397,317.74476146536,226.23243057785,0.395
0.4,9053.776743247,0.14641096268477,317.85643850739,226.34441858117,0.4
0.405,9058.0947506507,0.14920400783081,317.96816031323,226.45236876627,0.405
0.41,9062.2610748467,0.15199908735351,318.07996349414,226.55652687117,0.41
0.415,9066.3086717237,0.15479510396764,318.19180415871,226.65771679309,0.415
0.42,9070.2064587645,0.15759411754042,318.30376470162,226.75516146911,0.42
0.425,9073.973194085,0.16039622760756,318.4158491043,226.84932985212,0.425
0.43,9077.6006288539,0.16319791326953,318.52791653078,226.94001572135,0.43
0.435,9081.0895868525,0.16600261809172,318.64010472367,227.02723967131,0.435
0.44,9084.4485353014,0.16881010671612,318.75240426865,227.11121338254,0.44
0.445,9087.7050996499,0.17162045066594,318.86481802664,227.19262749125,0.445
0.45,9090.8533131225,0.17443411278952,318.97736451158,227.27133282806,0.45
0.455,9093.889542117,0.17725105453304,319.09004218132,227.34723855293,0.455
0.46,9096.8195935267,0.18007060898648,319.20282435946,227.42048983817,0.46
0.465,9099.6392557029,0.18289344655485,319.31573786219,227.49098139257,0.465
0.47,9102.3217361302,0.18572011343704,319.42880453748,227.55804340326,0.47
0.475,9104.8739341324,0.18854960667447,319.54198426698,227.62184835331,0.475
0.48,9107.3117053251,0.19138291032651,319.6293061253,227.68279263313,0.48
0.485,9109.6653045132,0.19422034953152,319.68373195353,227.74163261283,0.485
0.49,9111.9483444056,0.19706027645795,319.73821350097,227.79870861014,0.49
0.495,9114.1222713647,0.19990381962941,319.79277276447,227.85305678412,0.495
0.5,9116.2053896981,0.20275096730972,319.84740978665,227.90513474245,0.5
0.505,9118.1898469631,0.20560232869405,319.90213609503,227.95474617408,0.505
0.51,9120.056066776,0.20845789611129,319.95695157001,228.0014016694,0.51
0.515,9121.8071496982,0.2113189252662,319.99201408935,228.04517874245,0.515
0.52,9123.4389998607,0.21418412036814,320.00000000513,228.08597499652,0.52
0.525,9124.981933985,0.21705186110434,320.00000000502,228.12454834962,0.525
0.53,9126.4152995148,0.21992368857846,320.0000000047,228.16038248787,0.53
0.535,9127.7482981096,0.22280072351817,320.0000003534,228.19370745274,0.535
0.54,9129.0025975273,0.22568217217946,320.00000000422,228.22506493818,0.54
0.545,9130.1660637585,0.22856868354929,320.00000004603,228.25415159396,0.545
0.55,9131.2493829225,0.23145958944337,320.00000000404,228.28123457306,0.55
0.555,9132.2350952977,0.23435501485034,320.00000000371,228.30587738244,0.555
0.56,9133.147794037,0.23725460264264,320.00000000385,228.32869485093,0.56
0.565,9133.9342567951,0.2401616184484,320.00000000326,228.34835641988,0.565
0.57,9134.6238343534,0.24307455713884,320.00000000366,228.36559585883,0.57
0.575,9135.2330030818,0.24599251444762,320.00000000281,228.38082507704,0.575
0.58,9135.6749979289,0.24891853987744,320.00000030816,228.39187494822,0.58
0.585,9136.0003637542,0.25185136529125,320.00000000229,228.40000909386,0.585
0.59,9136.2499005399,0.25478839555581,320.00000029878,228.4062475135,0.59
0.595,9136.3874416785,0.25773175706005,320.00000000329,228.40968604196,0.595
0.6,9136.4319040589,0.26068151917026,320.00000000444,228.41079760147,0.6
0.605,9136.3699736898,0.26363778789676,320.00000028763,228.40924934225,0.605
0.61,9136.2136816312,0.26660004544545,320.00000000383,228.40534204078,0.61
0.615,9135.9796316483,0.26956785454273,320.00000000524,228.39949079121,0.615
0.62,9135.6914235277,0.27254045262659,320.000000003,228.39228558819,0.62
0.625,9135.3214594812,0.27551923088844,320.00000007264,228.38303648703,0.625
0.63,9134.8687041209,0.27850411935776,320.00000017266,228.37171760302,0.63
0.635,9134.3612864749,0.28149376873206,320.00000000519,228.35903216187,0.635
0.64,9133.8008830972,0.28448820520735,320.00000000409,228.34502207743,0.64
0.645,9133.1650150312,0.28748788753812,320.00000000358,228.32912537578,0.645
0.65,9132.4304366956,0.29049336397362,320.00000000252,228.31076091739,0.65
0.655,9131.6318692983,0.29350357990823,320.00000014445,228.29079673246,0.655
0.66,9130.7827182228,0.29651837744311,320.00000020604,228.26956795557,0.66
0.665,9129.8732846646,0.29953828244776,320.00000036123,228.24683211662,0.665
0.67,9128.9121962185,0.30256301849255,320.00000000543,228.22280490546,0.67
0.675,9127.8845379331,0.30559332320296,320.00000035715,228.19711344833,0.675
0.68,9126.8101897896,0.30862840117785,320.00000000497,228.17025474474,0.68
0.685,9125.6777723775,0.31166850389767,320.00000000333,228.14194430944,0.685
0.69,9124.4818594316,0.31471391235122,320.00000027597,228.11204648579,0.69
0.695,9123.2168869827,0.31776476451289,320.00000000487,228.08042217457,0.695
0.7,9121.8830138132,0.32082108148327,320.00000034499,228.04707534533,0.7
0.705,9120.4896692236,0.32388261212242,320.00000000532,228.01224173059,0.705
0.71,9119.0445250514,0.3269492433095,320.00000000556,227.97611312628,0.71
0.715,9117.5374967782,0.33002138971022,320.00000000369,227.93843741945,0.715
0.72,9115.9757949951,0.33309864082391,320.00000000344,227.89939487488,0.72
0.725,9114.3607797174,0.33618110809506,320.00000000602,227.85901949293,0.725
0.73,9112.7078956995,0.33926815171958,320.00000000288,227.81769739249,0.73
0.735,9111.0197473306,0.34235967218529,320.00000034628,227.77549368327,0.735
0.74,9109.279404421,0.34545640985072,320.00000019008,227.73198511052,0.74
0.745,9107.4854014145,0.34855823063327,320.00000000516,227.68713503536,0.745
0.75,9105.6216886051,0.3516656899209,320.00000005624,227.64054221513,0.75
0.755,9103.6998416016,0.35477802883883,320.00000039741,227.59249604004,0.755
0.76,9101.719203892,0.35789580029738,320.00000032317,227.5429800973,0.76
0.765,9099.6898122208,0.3610185060325,320.00000033592,227.49224530552,0.765
0.77,9097.6106238981,0.36414624941057,320.00000009823,227.44026559745,0.77
0.775,9095.493268121,0.36727871866538,320.00000000429,227.38733170303,0.775
0.78,9093.3305710865,0.37041641904335,320.00000000305,227.33326427716,0.78
0.785,9091.1352619523,0.37355870311262,320.00000039688,227.27838154881,0.785
0.79,9088.8999497765,0.37670586924619,320.00000000378,227.22249874441,0.79
0.795,9086.6127003539,0.37985845241996,320.00000027218,227.16531750885,0.795
0.8,9084.2947806664,0.38301555812837,320.00000036217,227.10736951666,0.8
0.805,9081.9381626025,0.38617740476906,320.00000000376,227.04845406506,0.805
0.81,9079.5485670942,0.38934393266839,320.00000008945,226.98871417736,0.81
0.815,9077.1143010536,0.39251513815766,320.00000002427,226.92785752634,0.815
0.82,9074.6238157434,0.39569146372626,320.00000000142,226.86559539359,0.82
0.825,9072.0881762296,0.39887261963,320.00000024972,226.80220440574,0.825
0.83,9069.4957215734,0.40205880012836,320.00000027147,226.73739303933,0.83
0.835,9066.8525293033,0.40524988234031,320.00000000397,226.67131323258,0.835
0.84,9064.1681318666,0.4084457447885,320.00000038555,226.60420329667,0.84
0.845,9061.4360678948,0.41164655641829,320.00000029836,226.53590169737,0.845
0.85,9058.6621079461,0.41485213478774,320.0000000013,226.46655269865,0.85
0.855,9055.8468144604,0.41806266305331,320.00000000322,226.39617036151,0.855
0.86,9053.0053667488,0.42127764277748,320.00000000196,226.32513416872,0.86
0.865,9050.1331429237,0.42449718564944,320.00000000225,226.25332857309,0.865
0.87,9047.2196022765,0.42772149942453,320.00000000293,226.18049005691,0.87
0.875,9044.2725972982,0.43095050739205,320.00000034649,226.10681493246,0.875
0.88,9041.2842644473,0.43418462169926,320.00000003872,226.03210661118,0.88
